solid Created by Gmsh
facet normal -0.757607 0.652515 -0.0160162
  outer loop
    vertex -141.4213562373089 141.4213562373101 54.13451712169147
    vertex -160.9283921570517 118.7520635515282 53.2981344013562
    vertex -154.3865797478513 127.1408038112091 85.61912326684272
  endloop
endfacet
facet normal -0.817455 0.575769 0.0160162
  outer loop
    vertex -160.9283921570517 118.7520635515282 53.2981344013562
    vertex -171.6192044517887 102.6978513082681 84.78274054650745
    vertex -154.3865797478513 127.1408038112091 85.61912326684272
  endloop
endfacet
facet normal -0.846437 0.532249 -0.0160162
  outer loop
    vertex -160.9283921570517 118.7520635515282 53.2981344013562
    vertex -176.8369836092381 93.42741154493177 52.46175168102093
    vertex -171.6192044517887 102.6978513082681 84.78274054650745
  endloop
endfacet
facet normal -0.816939 0.576502 -0.0160162
  outer loop
    vertex -154.3865797478513 127.1408038112091 85.61912326684272
    vertex -171.6192044517887 102.6978513082681 84.78274054650745
    vertex -165.9158876518724 111.6777427453262 117.103729411994
  endloop
endfacet
facet normal 0.0653466 0.997724 0.0166478
  outer loop
    vertex 31.28689300804649 197.5376681190275 445.8654828783084
    vertex 23.03730050092696 198.6687765745538 410.458268052592
    vertex -1.388063762463023 199.995183139473 426.8404225381162
  endloop
endfacet
facet normal 0.0430808 0.998933 -0.0166478
  outer loop
    vertex 23.03730050092696 198.6687765745538 410.458268052592
    vertex -9.711630920750352 199.7640714063946 391.4332077123997
    vertex -1.388063762463023 199.995183139473 426.8404225381162
  endloop
endfacet
facet normal 0.0237598 0.999579 0.0166478
  outer loop
    vertex 23.03730050092696 198.6687765745538 410.458268052592
    vertex 14.74777560772984 199.4555166312129 375.0510532268755
    vertex -9.711630920750352 199.7640714063946 391.4332077123997
  endloop
endfacet
facet normal -0.0984443 0.995003 0.0166478
  outer loop
    vertex -1.388063762463023 199.995183139473 426.8404225381162
    vertex -9.711630920750352 199.7640714063946 391.4332077123997
    vertex -34.02576170279399 197.0843665554036 407.8153621979239
  endloop
endfacet
facet normal -0.791787 0.610716 0.00999819
  outer loop
    vertex -165.9158876518724 111.6777427453262 117.103729411994
    vertex -150.7671299278593 131.4126041645777 111.3212236435477
    vertex -154.3865797478513 127.1408038112091 85.61912326684272
  endloop
endfacet
facet normal -0.732447 0.68075 -0.00999819
  outer loop
    vertex -150.7671299278593 131.4126041645777 111.3212236435477
    vertex -137.4072427284749 145.3246353711509 79.83661749839644
    vertex -154.3865797478513 127.1408038112091 85.61912326684272
  endloop
endfacet
facet normal -0.709839 0.704293 0.00999819
  outer loop
    vertex -150.7671299278593 131.4126041645777 111.3212236435477
    vertex -133.2854407751759 149.1140210622968 105.5387178751014
    vertex -137.4072427284749 145.3246353711509 79.83661749839644
  endloop
endfacet
facet normal -0.729275 0.684148 0.00999819
  outer loop
    vertex -154.3865797478513 127.1408038112091 85.61912326684272
    vertex -137.4072427284749 145.3246353711509 79.83661749839644
    vertex -141.4213562373089 141.4213562373101 54.13451712169147
  endloop
endfacet
facet normal 0.00924213 0.999775 -0.0190785
  outer loop
    vertex 3.660720705275881 199.9664950033329 117.7428204351995
    vertex 17.51595632765683 199.2315017107677 85.93866877844555
    vertex -13.82691896759812 199.5214682981846 85.95054613214926
  endloop
endfacet
facet normal 0.00925658 0.999775 0.0190785
  outer loop
    vertex 17.51595632765683 199.2315017107677 85.93866877844555
    vertex 0.03954346676192623 199.9999960907856 54.14639447539533
    vertex -13.82691896759812 199.5214682981846 85.95054613214926
  endloop
endfacet
facet normal 0.0785361 0.996729 -0.0190785
  outer loop
    vertex 17.51595632765683 199.2315017107677 85.93866877844555
    vertex 31.28689300804649 197.5376681190275 54.13451712169162
    vertex 0.03954346676192623 199.9999960907856 54.14639447539533
  endloop
endfacet
facet normal -0.0781564 0.996759 -0.0190785
  outer loop
    vertex -13.82691896759812 199.5214682981846 85.95054613214926
    vertex 0.03954346676192623 199.9999960907856 54.14639447539533
    vertex -31.20877732129495 197.5500245965812 54.15827182909903
  endloop
endfacet
facet normal 0.390759 0.920483 0.00436772
  outer loop
    vertex 64.90984426902916 189.1737617032827 343.775098188422
    vertex 92.25417349068586 177.4518736828395 367.7593474894916
    vertex 90.16122964592618 178.5243755590103 328.9786511623752
  endloop
endfacet
facet normal 0.518956 0.85479 -0.00436772
  outer loop
    vertex 92.25417349068586 177.4518736828395 367.7593474894916
    vertex 115.6464237398773 163.1744608576254 352.9629004634447
    vertex 90.16122964592618 178.5243755590103 328.9786511623752
  endloop
endfacet
facet normal 0.522982 0.852332 0.00436772
  outer loop
    vertex 92.25417349068586 177.4518736828395 367.7593474894916
    vertex 117.5571138946203 161.8033527859274 391.7435967905611
    vertex 115.6464237398773 163.1744608576254 352.9629004634447
  endloop
endfacet
facet normal 0.512924 0.858423 0.00436772
  outer loop
    vertex 90.16122964592618 178.5243755590103 328.9786511623752
    vertex 115.6464237398773 163.1744608576254 352.9629004634447
    vertex 113.7197435177981 164.5230073097566 314.1822041363283
  endloop
endfacet
facet normal -0.0862314 0.996265 -0.0044967
  outer loop
    vertex -34.02576170279399 197.0843665554036 407.8153621979239
    vertex -32.65711387923371 197.3157695499241 432.837795056182
    vertex -1.388063762463023 199.995183139473 426.8404225381162
  endloop
endfacet
facet normal -0.0845191 0.996412 0.0044967
  outer loop
    vertex -32.65711387923371 197.3157695499241 432.837795056182
    vertex 3.675178358715236e-13 200 451.8628553963742
    vertex -1.388063762463023 199.995183139473 426.8404225381162
  endloop
endfacet
facet normal -0.0793149 0.996839 -0.0044967
  outer loop
    vertex -32.65711387923371 197.3157695499241 432.837795056182
    vertex -31.28689300804576 197.5376681190276 457.86022791444
    vertex 3.675178358715236e-13 200 451.8628553963742
  endloop
endfacet
facet normal 0.0776016 0.996974 -0.0044967
  outer loop
    vertex -1.388063762463023 199.995183139473 426.8404225381162
    vertex 3.675178358715236e-13 200 451.8628553963742
    vertex 31.28689300804649 197.5376681190275 445.8654828783084
  endloop
endfacet
facet normal -0.134678 0.990814 0.0121924
  outer loop
    vertex -31.20877732129495 197.5500245965812 54.15827182909903
    vertex -38.75697547354171 196.2088093133009 79.77398893230323
    vertex -13.82691896759812 199.5214682981846 85.95054613214926
  endloop
endfacet
facet normal -0.128742 0.991603 -0.0121924
  outer loop
    vertex -38.75697547354171 196.2088093133009 79.77398893230323
    vertex -21.46344296773978 198.8449662827063 111.5662632353535
    vertex -13.82691896759812 199.5214682981846 85.95054613214926
  endloop
endfacet
facet normal -0.172552 0.984925 0.0121924
  outer loop
    vertex -38.75697547354171 196.2088093133009 79.77398893230323
    vertex -46.24822591487358 194.5792938617232 105.3897060355074
    vertex -21.46344296773978 198.8449662827063 111.5662632353535
  endloop
endfacet
facet normal -0.047583 0.998793 0.0121924
  outer loop
    vertex -13.82691896759812 199.5214682981846 85.95054613214926
    vertex -21.46344296773978 198.8449662827063 111.5662632353535
    vertex 3.660720705275881 199.9664950033329 117.7428204351995
  endloop
endfacet
facet normal 0.625208 0.780448 -0.00392222
  outer loop
    vertex 113.7197435177981 164.5230073097566 314.1822041363283
    vertex 115.6464237398773 163.1744608576254 352.9629004634447
    vertex 135.1295847577058 147.4448891050822 328.7221755826937
  endloop
endfacet
facet normal 0.631117 0.775678 0.00392222
  outer loop
    vertex 115.6464237398773 163.1744608576254 352.9629004634447
    vertex 136.8539719700931 145.8457759278923 367.5028719098101
    vertex 135.1295847577058 147.4448891050822 328.7221755826937
  endloop
endfacet
facet normal 0.634342 0.773043 -0.00392222
  outer loop
    vertex 115.6464237398773 163.1744608576254 352.9629004634447
    vertex 117.5571138946203 161.8033527859274 391.7435967905611
    vertex 136.8539719700931 145.8457759278923 367.5028719098101
  endloop
endfacet
facet normal 0.725966 0.687719 -0.00392222
  outer loop
    vertex 135.1295847577058 147.4448891050822 328.7221755826937
    vertex 136.8539719700931 145.8457759278923 367.5028719098101
    vertex 154.0055995889898 127.6020191659824 343.2621470290591
  endloop
endfacet
facet normal -0.852466 0.522392 0.0202
  outer loop
    vertex -161.8033988749889 117.5570504584954 500
    vertex -168.9342718083758 107.0570493175196 470.6083110936449
    vertex -178.2013048376731 90.79809994791025 500
  endloop
endfacet
facet normal -0.883885 0.467268 -0.0202
  outer loop
    vertex -168.9342718083758 107.0570493175196 470.6083110936449
    vertex -183.6018228308344 79.31185695212852 470.6083110936449
    vertex -178.2013048376731 90.79809994791025 500
  endloop
endfacet
facet normal -0.883885 0.467268 0.0202
  outer loop
    vertex -168.9342718083758 107.0570493175196 470.6083110936449
    vertex -175.384764611144 96.12587758919872 441.2166221872899
    vertex -183.6018228308344 79.31185695212852 470.6083110936449
  endloop
endfacet
facet normal -0.923691 0.382605 0.0202
  outer loop
    vertex -178.2013048376731 90.79809994791025 500
    vertex -183.6018228308344 79.31185695212852 470.6083110936449
    vertex -190.2113032590304 61.80339887499044 500
  endloop
endfacet
facet normal -0.517722 0.855545 0.00240638
  outer loop
    vertex -90.7980999479088 178.2013048376739 445.8654828783085
    vertex -91.86990189944525 177.651121935625 410.8795430464206
    vertex -115.1949877255451 163.4934702149034 426.0862904727763
  endloop
endfacet
facet normal -0.520015 0.854154 -0.00240638
  outer loop
    vertex -91.86990189944525 177.651121935625 410.8795430464206
    vertex -116.1777499586905 162.7965921465679 391.1003506408885
    vertex -115.1949877255451 163.4934702149034 426.0862904727763
  endloop
endfacet
facet normal -0.522867 0.852411 0.00240638
  outer loop
    vertex -91.86990189944525 177.651121935625 410.8795430464206
    vertex -92.93837021229578 177.0944926932575 375.8936032145328
    vertex -116.1777499586905 162.7965921465679 391.1003506408885
  endloop
endfacet
facet normal -0.634022 0.773311 0.00240638
  outer loop
    vertex -115.1949877255451 163.4934702149034 426.0862904727763
    vertex -116.1777499586905 162.7965921465679 391.1003506408885
    vertex -137.2547750196017 145.4686451931087 406.3070980672441
  endloop
endfacet
facet normal -0.908067 0.418576 -0.0144153
  outer loop
    vertex -175.384764611144 96.12587758919872 441.2166221872899
    vertex -186.534967255013 72.14364830788118 447.2337426037003
    vertex -183.6018228308344 79.31185695212852 470.6083110936449
  endloop
endfacet
facet normal -0.941019 0.338047 0.0144153
  outer loop
    vertex -186.534967255013 72.14364830788118 447.2337426037003
    vertex -192.4615951314732 54.39241123032603 476.6254315100554
    vertex -183.6018228308344 79.31185695212852 470.6083110936449
  endloop
endfacet
facet normal -0.955358 0.295098 -0.0144153
  outer loop
    vertex -186.534967255013 72.14364830788118 447.2337426037003
    vertex -194.4232593197876 46.89985325638703 453.2508630201107
    vertex -192.4615951314732 54.39241123032603 476.6254315100554
  endloop
endfacet
facet normal -0.943216 0.331867 -0.0144153
  outer loop
    vertex -183.6018228308344 79.31185695212852 470.6083110936449
    vertex -192.4615951314732 54.39241123032603 476.6254315100554
    vertex -190.2113032590304 61.80339887499044 500
  endloop
endfacet
facet normal 0.390748 0.920487 0.00438271
  outer loop
    vertex 64.90984426902916 189.1737617032827 343.775098188422
    vertex 63.36150204523461 189.6979706232297 371.7220921298064
    vertex 92.25417349068586 177.4518736828395 367.7593474894916
  endloop
endfacet
facet normal 0.389729 0.920919 -0.00438271
  outer loop
    vertex 63.36150204523461 189.6979706232297 371.7220921298064
    vertex 90.80072443180869 178.1999675719913 395.7063414308759
    vertex 92.25417349068586 177.4518736828395 367.7593474894916
  endloop
endfacet
facet normal 0.383211 0.92365 0.00438271
  outer loop
    vertex 63.36150204523461 189.6979706232297 371.7220921298064
    vertex 61.80892702182168 190.2095069664267 399.6690860711907
    vertex 90.80072443180869 178.1999675719913 395.7063414308759
  endloop
endfacet
facet normal 0.522972 0.852339 0.00438271
  outer loop
    vertex 92.25417349068586 177.4518736828395 367.7593474894916
    vertex 90.80072443180869 178.1999675719913 395.7063414308759
    vertex 117.5571138946203 161.8033527859274 391.7435967905611
  endloop
endfacet
facet normal -0.387423 0.921898 -0.00262882
  outer loop
    vertex -90.7980999479088 178.2013048376739 445.8654828783085
    vertex -63.12203746955055 189.7777868605613 426.8404225381162
    vertex -91.86990189944525 177.651121935625 410.8795430464206
  endloop
endfacet
facet normal -0.389901 0.920853 0.00262882
  outer loop
    vertex -63.12203746955055 189.7777868605613 426.8404225381162
    vertex -64.2640759872435 189.394109035909 391.8544827062284
    vertex -91.86990189944525 177.651121935625 410.8795430464206
  endloop
endfacet
facet normal -0.245171 0.969476 -0.00262882
  outer loop
    vertex -63.12203746955055 189.7777868605613 426.8404225381162
    vertex -34.02576170279399 197.0843665554036 407.8153621979239
    vertex -64.2640759872435 189.394109035909 391.8544827062284
  endloop
endfacet
facet normal -0.39297 0.919548 -0.00262882
  outer loop
    vertex -91.86990189944525 177.651121935625 410.8795430464206
    vertex -64.2640759872435 189.394109035909 391.8544827062284
    vertex -92.93837021229578 177.0944926932575 375.8936032145328
  endloop
endfacet
facet normal -0.875916 0.482021 0.0206408
  outer loop
    vertex -165.9158876518724 111.6777427453262 117.103729411994
    vertex -171.6192044517887 102.6978513082681 84.78274054650745
    vertex -181.9523963773401 83.02605285416924 105.674135996299
  endloop
endfacet
facet normal -0.893965 0.447661 -0.0206408
  outer loop
    vertex -171.6192044517887 102.6978513082681 84.78274054650745
    vertex -186.1095891280868 73.23401419132179 73.35314713081252
    vertex -181.9523963773401 83.02605285416924 105.674135996299
  endloop
endfacet
facet normal -0.900307 0.434766 0.0206408
  outer loop
    vertex -171.6192044517887 102.6978513082681 84.78274054650745
    vertex -176.8369836092381 93.42741154493177 52.46175168102093
    vertex -186.1095891280868 73.23401419132179 73.35314713081252
  endloop
endfacet
facet normal -0.942979 0.33221 0.0206408
  outer loop
    vertex -181.9523963773401 83.02605285416924 105.674135996299
    vertex -186.1095891280868 73.23401419132179 73.35314713081252
    vertex -193.0848834232613 52.13662621828894 94.24454258060409
  endloop
endfacet
facet normal -0.512411 0.858738 -0.00182989
  outer loop
    vertex -90.89120212178928 178.153836267581 54.35778826431163
    vertex -113.0248624061433 165.0011529598274 79.94825306970652
    vertex -91.80787146671092 177.6831864210902 90.17780090634636
  endloop
endfacet
facet normal -0.513711 0.857961 0.00182989
  outer loop
    vertex -113.0248624061433 165.0011529598274 79.94825306970652
    vertex -113.8734733565964 164.4166416933047 115.7682657117413
    vertex -91.80787146671092 177.6831864210902 90.17780090634636
  endloop
endfacet
facet normal -0.618485 0.785795 -0.00182989
  outer loop
    vertex -113.0248624061433 165.0011529598274 79.94825306970652
    vertex -133.2854407751759 149.1140210622968 105.5387178751014
    vertex -113.8734733565964 164.4166416933047 115.7682657117413
  endloop
endfacet
facet normal -0.516829 0.856087 -0.00182989
  outer loop
    vertex -91.80787146671092 177.6831864210902 90.17780090634636
    vertex -113.8734733565964 164.4166416933047 115.7682657117413
    vertex -92.72210378553389 177.2078200012197 125.9978135483811
  endloop
endfacet
facet normal 0.802427 0.59675 0.000925243
  outer loop
    vertex 153.3920106442268 128.3389694150666 93.63598937734297
    vertex 167.1831491285194 109.7715566413779 108.4633963568861
    vertex 166.8558088235388 110.268486258961 71.85033643931537
  endloop
endfacet
facet normal 0.86506 0.501667 -0.000925243
  outer loop
    vertex 167.1831491285194 109.7715566413779 108.4633963568861
    vertex 178.4706652145917 90.26750056283352 86.67774341885848
    vertex 166.8558088235388 110.268486258961 71.85033643931537
  endloop
endfacet
facet normal 0.865956 0.500119 0.000925243
  outer loop
    vertex 167.1831491285194 109.7715566413779 108.4633963568861
    vertex 178.7384457213506 89.73610210565094 123.2908033364292
    vertex 178.4706652145917 90.26750056283352 86.67774341885848
  endloop
endfacet
facet normal 0.864465 0.502693 0.000925243
  outer loop
    vertex 166.8558088235388 110.268486258961 71.85033643931537
    vertex 178.4706652145917 90.26750056283352 86.67774341885848
    vertex 178.2013048376737 90.79809994790921 50.06468350128777
  endloop
endfacet
facet normal 0.916943 0.399018 -0.000963301
  outer loop
    vertex 178.2013048376737 90.79809994790921 50.06468350128777
    vertex 178.4706652145917 90.26750056283352 86.67774341885848
    vertex 187.7760804877287 68.84870076236757 72.19582206986803
  endloop
endfacet
facet normal 0.917419 0.397922 0.000963301
  outer loop
    vertex 178.4706652145917 90.26750056283352 86.67774341885848
    vertex 187.9800930343795 68.28971095843089 108.8088819874388
    vertex 187.7760804877287 68.84870076236757 72.19582206986803
  endloop
endfacet
facet normal 0.918126 0.396288 -0.000963301
  outer loop
    vertex 178.4706652145917 90.26750056283352 86.67774341885848
    vertex 178.7384457213506 89.73610210565094 123.2908033364292
    vertex 187.9800930343795 68.28971095843089 108.8088819874388
  endloop
endfacet
facet normal 0.95806 0.286565 -0.000963301
  outer loop
    vertex 187.7760804877287 68.84870076236757 72.19582206986803
    vertex 187.9800930343795 68.28971095843089 108.8088819874388
    vertex 194.6588397868562 45.91226516776359 94.3269606384483
  endloop
endfacet
facet normal -0.407001 0.913426 0.0017342
  outer loop
    vertex -92.72210378553389 177.2078200012197 125.9978135483811
    vertex -70.02592491557343 187.3402515203779 115.6937597919443
    vertex -91.80787146671092 177.6831864210902 90.17780090634636
  endloop
endfacet
facet normal -0.403605 0.914932 -0.0017342
  outer loop
    vertex -70.02592491557343 187.3402515203779 115.6937597919443
    vertex -69.0597900000427 187.6985492888797 79.87374714990953
    vertex -91.80787146671092 177.6831864210902 90.17780090634636
  endloop
endfacet
facet normal -0.29056 0.956855 0.0017342
  outer loop
    vertex -70.02592491557343 187.3402515203779 115.6937597919443
    vertex -46.24822591487358 194.5792938617232 105.3897060355074
    vertex -69.0597900000427 187.6985492888797 79.87374714990953
  endloop
endfacet
facet normal -0.402289 0.915511 0.0017342
  outer loop
    vertex -91.80787146671092 177.6831864210902 90.17780090634636
    vertex -69.0597900000427 187.6985492888797 79.87374714990953
    vertex -90.89120212178928 178.153836267581 54.35778826431163
  endloop
endfacet
facet normal 0.110214 0.993592 0.0250519
  outer loop
    vertex 3.660720705275881 199.9664950033329 117.7428204351995
    vertex 37.71830605024824 196.4111233833252 108.9200262226491
    vertex 17.51595632765683 199.2315017107677 85.93866877844555
  endloop
endfacet
facet normal 0.16612 0.985787 -0.0250519
  outer loop
    vertex 37.71830605024824 196.4111233833252 108.9200262226491
    vertex 51.24508685205051 193.3234105676956 77.1158745658952
    vertex 17.51595632765683 199.2315017107677 85.93866877844555
  endloop
endfacet
facet normal 0.27809 0.960228 0.0250519
  outer loop
    vertex 37.71830605024824 196.4111233833252 108.9200262226491
    vertex 70.67021717262068 187.0981571389057 100.0972320100988
    vertex 51.24508685205051 193.3234105676956 77.1158745658952
  endloop
endfacet
facet normal 0.178836 0.98356 0.0250519
  outer loop
    vertex 17.51595632765683 199.2315017107677 85.93866877844555
    vertex 51.24508685205051 193.3234105676956 77.1158745658952
    vertex 31.28689300804649 197.5376681190275 54.13451712169162
  endloop
endfacet
facet normal 0.179922 0.983625 -0.0104978
  outer loop
    vertex 31.28689300804649 197.5376681190275 445.8654828783084
    vertex 46.69189879655811 194.4733055891527 422.7672844747495
    vertex 23.03730050092696 198.6687765745538 410.458268052592
  endloop
endfacet
facet normal 0.16933 0.985503 0.0104978
  outer loop
    vertex 46.69189879655811 194.4733055891527 422.7672844747495
    vertex 38.55650856934177 196.2483010039635 387.3600696490331
    vertex 23.03730050092696 198.6687765745538 410.458268052592
  endloop
endfacet
facet normal 0.256556 0.966472 -0.0104978
  outer loop
    vertex 46.69189879655811 194.4733055891527 422.7672844747495
    vertex 61.80892702182168 190.2095069664267 399.6690860711907
    vertex 38.55650856934177 196.2483010039635 387.3600696490331
  endloop
endfacet
facet normal 0.138823 0.990262 -0.0104978
  outer loop
    vertex 23.03730050092696 198.6687765745538 410.458268052592
    vertex 38.55650856934177 196.2483010039635 387.3600696490331
    vertex 14.74777560772984 199.4555166312129 375.0510532268755
  endloop
endfacet
facet normal 0.925055 0.378872 -0.027006
  outer loop
    vertex 190.3333622877425 61.4264698663612 404.9794362417045
    vertex 178.2602450693675 90.68233029542768 401.8659932123819
    vertex 184.281118928676 77.72045552102203 426.2588422803463
  endloop
endfacet
facet normal 0.88622 0.462477 0.027006
  outer loop
    vertex 178.2602450693675 90.68233029542768 401.8659932123819
    vertex 169.7134145982317 105.8175642575877 423.1453992510237
    vertex 184.281118928676 77.72045552102203 426.2588422803463
  endloop
endfacet
facet normal 0.853706 0.520055 -0.027006
  outer loop
    vertex 178.2602450693675 90.68233029542768 401.8659932123819
    vertex 161.7231992848961 117.6673566162586 398.7525501830593
    vertex 169.7134145982317 105.8175642575877 423.1453992510237
  endloop
endfacet
facet normal 0.888666 0.45776 -0.027006
  outer loop
    vertex 184.281118928676 77.72045552102203 426.2588422803463
    vertex 169.7134145982317 105.8175642575877 423.1453992510237
    vertex 176.8369836092311 93.42741154494499 447.5382483189881
  endloop
endfacet
facet normal -0.649445 0.760279 -0.0140312
  outer loop
    vertex -141.4213562373089 141.4213562373101 54.13451712169147
    vertex -137.4072427284749 145.3246353711509 79.83661749839644
    vertex -117.5993195776698 161.7726801251345 54.24615269300155
  endloop
endfacet
facet normal -0.627987 0.778097 0.0140312
  outer loop
    vertex -137.4072427284749 145.3246353711509 79.83661749839644
    vertex -113.0248624061433 165.0011529598274 79.94825306970652
    vertex -117.5993195776698 161.7726801251345 54.24615269300155
  endloop
endfacet
facet normal -0.627909 0.77816 -0.0140312
  outer loop
    vertex -137.4072427284749 145.3246353711509 79.83661749839644
    vertex -133.2854407751759 149.1140210622968 105.5387178751014
    vertex -113.0248624061433 165.0011529598274 79.94825306970652
  endloop
endfacet
facet normal -0.522739 0.852378 -0.0140312
  outer loop
    vertex -117.5993195776698 161.7726801251345 54.24615269300155
    vertex -113.0248624061433 165.0011529598274 79.94825306970652
    vertex -90.89120212178928 178.153836267581 54.35778826431163
  endloop
endfacet
facet normal 0.64801 0.761493 0.014561
  outer loop
    vertex 117.5571138946203 161.8033527859274 391.7435967905611
    vertex 141.3731582440049 141.4695378097898 395.2480734868102
    vertex 136.8539719700931 145.8457759278923 367.5028719098101
  endloop
endfacet
facet normal 0.740278 0.672143 -0.014561
  outer loop
    vertex 141.3731582440049 141.4695378097898 395.2480734868102
    vertex 157.9425306546052 122.6953830036774 371.0073486060592
    vertex 136.8539719700931 145.8457759278923 367.5028719098101
  endloop
endfacet
facet normal 0.758933 0.651006 0.014561
  outer loop
    vertex 141.3731582440049 141.4695378097898 395.2480734868102
    vertex 161.7231992848961 117.6673566162586 398.7525501830593
    vertex 157.9425306546052 122.6953830036774 371.0073486060592
  endloop
endfacet
facet normal 0.738084 0.674552 0.014561
  outer loop
    vertex 136.8539719700931 145.8457759278923 367.5028719098101
    vertex 157.9425306546052 122.6953830036774 371.0073486060592
    vertex 154.0055995889898 127.6020191659824 343.2621470290591
  endloop
endfacet
facet normal -0.637073 0.77076 0.00813423
  outer loop
    vertex -137.2547750196017 145.4686451931087 406.3070980672441
    vertex -139.3527598221601 143.4601280145371 432.3101141377983
    vertex -115.1949877255451 163.4934702149034 426.0862904727763
  endloop
endfacet
facet normal -0.639557 0.768701 -0.00813423
  outer loop
    vertex -139.3527598221601 143.4601280145371 432.3101141377983
    vertex -117.557050458494 161.8033988749899 452.0893065433306
    vertex -115.1949877255451 163.4934702149034 426.0862904727763
  endloop
endfacet
facet normal -0.648199 0.761427 0.00813423
  outer loop
    vertex -139.3527598221601 143.4601280145371 432.3101141377983
    vertex -141.4213562373089 141.4213562373101 458.3131302083526
    vertex -117.557050458494 161.8033988749899 452.0893065433306
  endloop
endfacet
facet normal -0.521105 0.853454 0.00813423
  outer loop
    vertex -115.1949877255451 163.4934702149034 426.0862904727763
    vertex -117.557050458494 161.8033988749899 452.0893065433306
    vertex -90.7980999479088 178.2013048376739 445.8654828783085
  endloop
endfacet
facet normal -0.142496 0.98979 0.00331036
  outer loop
    vertex -42.24693679747416 195.4870745886547 343.7995371953654
    vertex -13.89201567794145 199.5169463990561 359.4252952111204
    vertex -15.37403256093065 199.4082223049377 328.1395432037139
  endloop
endfacet
facet normal -0.00347896 0.999988 -0.00331036
  outer loop
    vertex -13.89201567794145 199.5169463990561 359.4252952111204
    vertex 13.26542461662139 199.5595863639248 343.7653012194689
    vertex -15.37403256093065 199.4082223049377 328.1395432037139
  endloop
endfacet
facet normal 0.000338781 0.999994 0.00331036
  outer loop
    vertex -13.89201567794145 199.5169463990561 359.4252952111204
    vertex 14.74777560772984 199.4555166312129 375.0510532268755
    vertex 13.26542461662139 199.5595863639248 343.7653012194689
  endloop
endfacet
facet normal -0.00709113 0.999969 0.00331036
  outer loop
    vertex -15.37403256093065 199.4082223049377 328.1395432037139
    vertex 13.26542461662139 199.5595863639248 343.7653012194689
    vertex 11.78234130941508 199.6526394347654 312.4795492120623
  endloop
endfacet
facet normal 0.128294 0.991731 -0.003132
  outer loop
    vertex 11.78234130941508 199.6526394347654 312.4795492120623
    vertex 13.26542461662139 199.5595863639248 343.7653012194689
    vertex 38.70238431708662 196.2195847721948 328.1273237002422
  endloop
endfacet
facet normal 0.13208 0.991234 0.003132
  outer loop
    vertex 13.26542461662139 199.5595863639248 343.7653012194689
    vertex 40.15921715132232 195.926611969362 359.4130757076488
    vertex 38.70238431708662 196.2195847721948 328.1273237002422
  endloop
endfacet
facet normal 0.135659 0.990751 -0.003132
  outer loop
    vertex 13.26542461662139 199.5595863639248 343.7653012194689
    vertex 14.74777560772984 199.4555166312129 375.0510532268755
    vertex 40.15921715132232 195.926611969362 359.4130757076488
  endloop
endfacet
facet normal 0.261371 0.965233 -0.003132
  outer loop
    vertex 38.70238431708662 196.2195847721948 328.1273237002422
    vertex 40.15921715132232 195.926611969362 359.4130757076488
    vertex 64.90984426902916 189.1737617032827 343.775098188422
  endloop
endfacet
facet normal -0.40455 0.914516 -0.000276958
  outer loop
    vertex -93.16779690331505 176.9739009576911 312.5186084283307
    vertex -93.05310309284472 177.0342339910347 344.2061058214317
    vertex -68.33719284025695 187.9628369511206 328.159072811848
  endloop
endfacet
facet normal -0.404249 0.914649 0.000276958
  outer loop
    vertex -93.05310309284472 177.0342339910347 344.2061058214317
    vertex -68.2153837123721 188.0070781246649 359.8465702049491
    vertex -68.33719284025695 187.9628369511206 328.159072811848
  endloop
endfacet
facet normal -0.403957 0.914778 -0.000276958
  outer loop
    vertex -93.05310309284472 177.0342339910347 344.2061058214317
    vertex -92.93837021229578 177.0944926932575 375.8936032145328
    vertex -68.2153837123721 188.0070781246649 359.8465702049491
  endloop
endfacet
facet normal -0.276946 0.960885 -0.000276958
  outer loop
    vertex -68.33719284025695 187.9628369511206 328.159072811848
    vertex -68.2153837123721 188.0070781246649 359.8465702049491
    vertex -42.24693679747416 195.4870745886547 343.7995371953654
  endloop
endfacet
facet normal -0.398637 0.91706 0.00947107
  outer loop
    vertex -92.93837021229578 177.0944926932575 375.8936032145328
    vertex -64.2640759872435 189.394109035909 391.8544827062284
    vertex -68.2153837123721 188.0070781246649 359.8465702049491
  endloop
endfacet
facet normal -0.262028 0.965014 -0.00947107
  outer loop
    vertex -64.2640759872435 189.394109035909 391.8544827062284
    vertex -38.14471089856315 196.3287575228475 375.8074496966447
    vertex -68.2153837123721 188.0070781246649 359.8465702049491
  endloop
endfacet
facet normal -0.251157 0.9679 0.00947107
  outer loop
    vertex -64.2640759872435 189.394109035909 391.8544827062284
    vertex -34.02576170279399 197.0843665554036 407.8153621979239
    vertex -38.14471089856315 196.3287575228475 375.8074496966447
  endloop
endfacet
facet normal -0.271367 0.962429 0.00947107
  outer loop
    vertex -68.2153837123721 188.0070781246649 359.8465702049491
    vertex -38.14471089856315 196.3287575228475 375.8074496966447
    vertex -42.24693679747416 195.4870745886547 343.7995371953654
  endloop
endfacet
facet normal 0.259083 0.965855 0.000870809
  outer loop
    vertex 64.90508666845915 189.175394077982 218.6844601056722
    vertex 64.52847834011871 189.3041877062122 187.8820201920139
    vertex 38.68244940374787 196.2235156858792 203.0477673716362
  endloop
endfacet
facet normal 0.25813 0.96611 -0.000870809
  outer loop
    vertex 64.52847834011871 189.3041877062122 187.8820201920139
    vertex 38.29186646769534 196.3001094304845 172.2453274579779
    vertex 38.68244940374787 196.2235156858792 203.0477673716362
  endloop
endfacet
facet normal 0.257161 0.966368 0.000870809
  outer loop
    vertex 64.52847834011871 189.3041877062122 187.8820201920139
    vertex 64.15161444410759 189.432231587485 157.0795802783556
    vertex 38.29186646769534 196.3001094304845 172.2453274579779
  endloop
endfacet
facet normal 0.125867 0.992047 0.000870809
  outer loop
    vertex 38.68244940374787 196.2235156858792 203.0477673716362
    vertex 38.29186646769534 196.3001094304845 172.2453274579779
    vertex 11.74679525678835 199.6547339814288 187.4110746376002
  endloop
endfacet
facet normal -0.277056 0.960854 -1.57756e-05
  outer loop
    vertex -42.2327287710688 195.4901445611756 281.2419825352464
    vertex -68.33036226686322 187.9653201856109 296.8802954817885
    vertex -42.23983281216201 195.4886097039943 312.5207598653059
  endloop
endfacet
facet normal -0.277073 0.960849 1.57756e-05
  outer loop
    vertex -68.33036226686322 187.9653201856109 296.8802954817885
    vertex -68.33719284025695 187.9628369511206 328.159072811848
    vertex -42.23983281216201 195.4886097039943 312.5207598653059
  endloop
endfacet
facet normal -0.404688 0.914455 -1.57756e-05
  outer loop
    vertex -68.33036226686322 187.9653201856109 296.8802954817885
    vertex -93.16779690331505 176.9739009576911 312.5186084283307
    vertex -68.33719284025695 187.9628369511206 328.159072811848
  endloop
endfacet
facet normal -0.277091 0.960844 -1.57756e-05
  outer loop
    vertex -42.23983281216201 195.4886097039943 312.5207598653059
    vertex -68.33719284025695 187.9628369511206 328.159072811848
    vertex -42.24693679747416 195.4870745886547 343.7995371953654
  endloop
endfacet
facet normal -0.0349634 0.999362 0.00735832
  outer loop
    vertex 3.660720705275881 199.9664950033329 117.7428204351995
    vertex -20.02430760977316 198.9950429150163 137.1388391186478
    vertex 7.705334889802691 199.8515144156681 152.5769475363998
  endloop
endfacet
facet normal -0.0267779 0.999614 -0.00735832
  outer loop
    vertex -20.02430760977316 198.9950429150163 137.1388391186478
    vertex -15.994498923079 199.3594141348726 171.9729662198481
    vertex 7.705334889802691 199.8515144156681 152.5769475363998
  endloop
endfacet
facet normal -0.152959 0.988205 0.00735832
  outer loop
    vertex -20.02430760977316 198.9950429150163 137.1388391186478
    vertex -43.42803230619364 195.2280871442739 156.534857802096
    vertex -15.994498923079 199.3594141348726 171.9729662198481
  endloop
endfacet
facet normal -0.014739 0.999864 0.00735832
  outer loop
    vertex 7.705334889802691 199.8515144156681 152.5769475363998
    vertex -15.994498923079 199.3594141348726 171.9729662198481
    vertex 11.74679525678835 199.6547339814288 187.4110746376002
  endloop
endfacet
facet normal 0.252075 0.967671 -0.00839061
  outer loop
    vertex 64.15161444410759 189.432231587485 157.0795802783556
    vertex 34.31283835580635 197.0345886487149 137.4112003567776
    vertex 38.29186646769534 196.3001094304845 172.2453274579779
  endloop
endfacet
facet normal 0.110006 0.993896 0.00839061
  outer loop
    vertex 34.31283835580635 197.0345886487149 137.4112003567776
    vertex 7.705334889802691 199.8515144156681 152.5769475363998
    vertex 38.29186646769534 196.3001094304845 172.2453274579779
  endloop
endfacet
facet normal 0.100547 0.994897 -0.00839061
  outer loop
    vertex 34.31283835580635 197.0345886487149 137.4112003567776
    vertex 3.660720705275881 199.9664950033329 117.7428204351995
    vertex 7.705334889802691 199.8515144156681 152.5769475363998
  endloop
endfacet
facet normal 0.120653 0.992659 -0.00839061
  outer loop
    vertex 38.29186646769534 196.3001094304845 172.2453274579779
    vertex 7.705334889802691 199.8515144156681 152.5769475363998
    vertex 11.74679525678835 199.6547339814288 187.4110746376002
  endloop
endfacet
facet normal 0.508811 0.860878 -0.000883423
  outer loop
    vertex 113.2989371380445 164.8130784961844 187.4155057808051
    vertex 89.57510948324725 178.8191817481119 172.2475430295804
    vertex 89.93080189976072 178.6405633378545 203.0499829432387
  endloop
endfacet
facet normal 0.386619 0.922239 0.000883423
  outer loop
    vertex 89.57510948324725 178.8191817481119 172.2475430295804
    vertex 64.52847834011871 189.3041877062122 187.8820201920139
    vertex 89.93080189976072 178.6405633378545 203.0499829432387
  endloop
endfacet
facet normal 0.38568 0.922632 -0.000883423
  outer loop
    vertex 89.57510948324725 178.8191817481119 172.2475430295804
    vertex 64.15161444410759 189.432231587485 157.0795802783556
    vertex 64.52847834011871 189.3041877062122 187.8820201920139
  endloop
endfacet
facet normal 0.387516 0.921863 -0.000883423
  outer loop
    vertex 89.93080189976072 178.6405633378545 203.0499829432387
    vertex 64.52847834011871 189.3041877062122 187.8820201920139
    vertex 64.90508666845915 189.175394077982 218.6844601056722
  endloop
endfacet
facet normal 0.649287 0.760203 0.0227719
  outer loop
    vertex 141.4213562373097 141.4213562373093 445.8654828783083
    vertex 129.8896394782729 152.0811676579461 418.8045398344348
    vertex 117.5596169112388 161.8015342068263 445.8672711780832
  endloop
endfacet
facet normal 0.587638 0.808803 -0.0227719
  outer loop
    vertex 129.8896394782729 152.0811676579461 418.8045398344348
    vertex 104.5024512126112 170.5263548269176 418.8063281342097
    vertex 117.5596169112388 161.8015342068263 445.8672711780832
  endloop
endfacet
facet normal 0.58764 0.808802 0.0227719
  outer loop
    vertex 129.8896394782729 152.0811676579461 418.8045398344348
    vertex 117.5571138946203 161.8033527859274 391.7435967905611
    vertex 104.5024512126112 170.5263548269176 418.8063281342097
  endloop
endfacet
facet normal 0.522384 0.852406 0.0227719
  outer loop
    vertex 117.5596169112388 161.8015342068263 445.8672711780832
    vertex 104.5024512126112 170.5263548269176 418.8063281342097
    vertex 90.80375303270176 178.1984243341565 445.8690594778582
  endloop
endfacet
facet normal -0.760209 0.64928 -0.0227719
  outer loop
    vertex -161.8033988749889 117.5570504584954 0
    vertex -152.0811931200055 129.8896096660375 27.06725856084574
    vertex -141.4213562373089 141.4213562373101 0
  endloop
endfacet
facet normal -0.706923 0.706923 0.0227719
  outer loop
    vertex -152.0811931200055 129.8896096660375 27.06725856084574
    vertex -129.8896096660361 152.0811931200067 27.06725856084574
    vertex -141.4213562373089 141.4213562373101 0
  endloop
endfacet
facet normal -0.706923 0.706923 -0.0227719
  outer loop
    vertex -152.0811931200055 129.8896096660375 27.06725856084574
    vertex -141.4213562373089 141.4213562373101 54.13451712169147
    vertex -129.8896096660361 152.0811931200067 27.06725856084574
  endloop
endfacet
facet normal -0.64928 0.760209 -0.0227719
  outer loop
    vertex -141.4213562373089 141.4213562373101 0
    vertex -129.8896096660361 152.0811931200067 27.06725856084574
    vertex -117.557050458494 161.8033988749899 0
  endloop
endfacet
facet normal 0.760209 0.64928 0.0227719
  outer loop
    vertex 161.8033988749896 117.5570504584944 500
    vertex 152.0811931200064 129.8896096660365 472.9327414391541
    vertex 141.4213562373097 141.4213562373093 500
  endloop
endfacet
facet normal 0.706923 0.706923 -0.0227719
  outer loop
    vertex 152.0811931200064 129.8896096660365 472.9327414391541
    vertex 129.8896096660369 152.081193120006 472.9327414391541
    vertex 141.4213562373097 141.4213562373093 500
  endloop
endfacet
facet normal 0.706923 0.706923 0.0227719
  outer loop
    vertex 152.0811931200064 129.8896096660365 472.9327414391541
    vertex 141.4213562373097 141.4213562373093 445.8654828783083
    vertex 129.8896096660369 152.081193120006 472.9327414391541
  endloop
endfacet
facet normal 0.64928 0.760209 0.0227719
  outer loop
    vertex 141.4213562373097 141.4213562373093 500
    vertex 129.8896096660369 152.081193120006 472.9327414391541
    vertex 117.5570504584948 161.8033988749893 500
  endloop
endfacet
facet normal 0.308937 0.95081 0.0227719
  outer loop
    vertex 61.80339887498975 190.2113032590306 0
    vertex 46.68907277118135 194.4739840795353 27.06725856084581
    vertex 76.53668647301821 184.7759065022572 27.06725856084582
  endloop
endfacet
facet normal 0.308937 0.95081 -0.0227719
  outer loop
    vertex 46.68907277118135 194.4739840795353 27.06725856084581
    vertex 61.80339887498975 190.2113032590306 54.13451712169163
    vertex 76.53668647301821 184.7759065022572 27.06725856084582
  endloop
endfacet
facet normal 0.233385 0.972118 0.0227719
  outer loop
    vertex 46.68907277118135 194.4739840795353 27.06725856084581
    vertex 31.28689300804649 197.5376681190275 54.13451712169162
    vertex 61.80339887498975 190.2113032590306 54.13451712169163
  endloop
endfacet
facet normal 0.382584 0.92364 0.0227719
  outer loop
    vertex 76.53668647301821 184.7759065022572 27.06725856084582
    vertex 61.80339887498975 190.2113032590306 54.13451712169163
    vertex 90.79809994790956 178.2013048376735 54.13451712169164
  endloop
endfacet
facet normal -0.308898 0.950821 0.0228529
  outer loop
    vertex -61.80339887498904 190.2113032590309 0
    vertex -76.58495884280286 184.7559040438118 27.17889413215581
    vertex -46.65062098096551 194.4832115173191 27.07913591454951
  endloop
endfacet
facet normal -0.309035 0.950776 -0.0228529
  outer loop
    vertex -76.58495884280286 184.7559040438118 27.17889413215581
    vertex -61.81548572505039 190.2073755788037 54.25803004670533
    vertex -46.65062098096551 194.4832115173191 27.07913591454951
  endloop
endfacet
facet normal -0.382787 0.923554 0.0228529
  outer loop
    vertex -76.58495884280286 184.7559040438118 27.17889413215581
    vertex -90.89120212178928 178.153836267581 54.35778826431163
    vertex -61.81548572505039 190.2073755788037 54.25803004670533
  endloop
endfacet
facet normal -0.233153 0.972172 0.0228529
  outer loop
    vertex -46.65062098096551 194.4832115173191 27.07913591454951
    vertex -61.81548572505039 190.2073755788037 54.25803004670533
    vertex -31.20877732129495 197.5500245965812 54.15827182909903
  endloop
endfacet
facet normal 0.308946 0.950807 -0.0227773
  outer loop
    vertex 61.80339887498975 190.2113032590306 500
    vertex 76.53961731260634 184.7746924815186 472.9345297389291
    vertex 46.68907277118135 194.4739840795353 472.9327414391542
  endloop
endfacet
facet normal 0.308943 0.950808 0.0227773
  outer loop
    vertex 76.53961731260634 184.7746924815186 472.9345297389291
    vertex 61.80641593074693 190.2103229317366 445.8672711780833
    vertex 46.68907277118135 194.4739840795353 472.9327414391542
  endloop
endfacet
facet normal 0.382607 0.92363 -0.0227773
  outer loop
    vertex 76.53961731260634 184.7746924815186 472.9345297389291
    vertex 90.80375303270176 178.1984243341565 445.8690594778582
    vertex 61.80641593074693 190.2103229317366 445.8672711780833
  endloop
endfacet
facet normal 0.233394 0.972115 -0.0227773
  outer loop
    vertex 46.68907277118135 194.4739840795353 472.9327414391542
    vertex 61.80641593074693 190.2103229317366 445.8672711780833
    vertex 31.28689300804649 197.5376681190275 445.8654828783084
  endloop
endfacet
facet normal -0.115277 0.993296 -0.00861423
  outer loop
    vertex -34.02576170279399 197.0843665554036 407.8153621979239
    vertex -9.711630920750352 199.7640714063946 391.4332077123997
    vertex -38.14471089856315 196.3287575228475 375.8074496966447
  endloop
endfacet
facet normal -0.124609 0.992169 0.00861423
  outer loop
    vertex -9.711630920750352 199.7640714063946 391.4332077123997
    vertex -13.89201567794145 199.5169463990561 359.4252952111204
    vertex -38.14471089856315 196.3287575228475 375.8074496966447
  endloop
endfacet
facet normal 0.00684467 0.999939 -0.00861423
  outer loop
    vertex -9.711630920750352 199.7640714063946 391.4332077123997
    vertex 14.74777560772984 199.4555166312129 375.0510532268755
    vertex -13.89201567794145 199.5169463990561 359.4252952111204
  endloop
endfacet
facet normal -0.136049 0.990665 -0.00861423
  outer loop
    vertex -38.14471089856315 196.3287575228475 375.8074496966447
    vertex -13.89201567794145 199.5169463990561 359.4252952111204
    vertex -42.24693679747416 195.4870745886547 343.7995371953654
  endloop
endfacet
facet normal -0.649442 0.760074 0.0226495
  outer loop
    vertex -141.4213562373089 141.4213562373101 54.13451712169147
    vertex -117.5993195776698 161.7726801251345 54.24615269300155
    vertex -129.8896096660361 152.0811931200067 27.06725856084574
  endloop
endfacet
facet normal -0.587675 0.80878 -0.0226495
  outer loop
    vertex -117.5993195776698 161.7726801251345 54.24615269300155
    vertex -104.5442619261127 170.5007252134851 27.17889413215581
    vertex -129.8896096660361 152.0811931200067 27.06725856084574
  endloop
endfacet
facet normal -0.522767 0.852174 0.0226495
  outer loop
    vertex -117.5993195776698 161.7726801251345 54.24615269300155
    vertex -90.89120212178928 178.153836267581 54.35778826431163
    vertex -104.5442619261127 170.5007252134851 27.17889413215581
  endloop
endfacet
facet normal -0.587805 0.808685 0.0226495
  outer loop
    vertex -129.8896096660361 152.0811931200067 27.06725856084574
    vertex -104.5442619261127 170.5007252134851 27.17889413215581
    vertex -117.557050458494 161.8033988749899 0
  endloop
endfacet
facet normal 0.649285 0.760205 -0.0227681
  outer loop
    vertex 141.4213562373097 141.4213562373093 445.8654828783083
    vertex 117.5596169112388 161.8015342068263 445.8672711780832
    vertex 129.8896096660369 152.081193120006 472.9327414391541
  endloop
endfacet
facet normal 0.58764 0.808802 0.0227681
  outer loop
    vertex 117.5596169112388 161.8015342068263 445.8672711780832
    vertex 104.5024177845945 170.5263753123664 472.9345297389291
    vertex 129.8896096660369 152.081193120006 472.9327414391541
  endloop
endfacet
facet normal 0.522382 0.852407 -0.0227681
  outer loop
    vertex 117.5596169112388 161.8015342068263 445.8672711780832
    vertex 90.80375303270176 178.1984243341565 445.8690594778582
    vertex 104.5024177845945 170.5263753123664 472.9345297389291
  endloop
endfacet
facet normal 0.587638 0.808803 -0.0227681
  outer loop
    vertex 129.8896096660369 152.081193120006 472.9327414391541
    vertex 104.5024177845945 170.5263753123664 472.9345297389291
    vertex 117.5570504584948 161.8033988749893 500
  endloop
endfacet
facet normal 0.622331 0.782754 -0.000552333
  outer loop
    vertex 113.7197435177981 164.5230073097566 314.1822041363283
    vertex 134.7557293139764 147.7866483044335 297.7037823007811
    vertex 113.5035623439161 164.6722239336092 282.0704260898829
  endloop
endfacet
facet normal 0.621833 0.78315 0.000552333
  outer loop
    vertex 134.7557293139764 147.7866483044335 297.7037823007811
    vertex 134.561511385331 147.9635078446556 265.5920042543358
    vertex 113.5035623439161 164.6722239336092 282.0704260898829
  endloop
endfacet
facet normal 0.72168 0.692226 -0.000552333
  outer loop
    vertex 134.7557293139764 147.7866483044335 297.7037823007811
    vertex 153.3572908348249 128.3804554743554 281.225360465234
    vertex 134.561511385331 147.9635078446556 265.5920042543358
  endloop
endfacet
facet normal 0.621303 0.783571 -0.000552333
  outer loop
    vertex 113.5035623439161 164.6722239336092 282.0704260898829
    vertex 134.561511385331 147.9635078446556 265.5920042543358
    vertex 113.2871853766707 164.8211564982841 249.9586480434376
  endloop
endfacet
facet normal 0.387977 0.921669 -3.46976e-06
  outer loop
    vertex 64.9081113172896 189.1743563097872 281.225956434614
    vertex 89.92586127598047 178.6430504491376 265.5923022390258
    vertex 64.90659899494841 189.1748751999297 249.9552082701431
  endloop
endfacet
facet normal 0.387974 0.92167 3.46976e-06
  outer loop
    vertex 89.92586127598047 178.6430504491376 265.5923022390258
    vertex 89.9244331434649 178.6437693395057 234.3215540745549
    vertex 64.90659899494841 189.1748751999297 249.9552082701431
  endloop
endfacet
facet normal 0.509205 0.860645 -3.46976e-06
  outer loop
    vertex 89.92586127598047 178.6430504491376 265.5923022390258
    vertex 113.2871853766707 164.8211564982841 249.9586480434376
    vertex 89.9244331434649 178.6437693395057 234.3215540745549
  endloop
endfacet
facet normal 0.38797 0.921672 -3.46976e-06
  outer loop
    vertex 64.90659899494841 189.1748751999297 249.9552082701431
    vertex 89.9244331434649 178.6437693395057 234.3215540745549
    vertex 64.90508666845915 189.175394077982 218.6844601056722
  endloop
endfacet
facet normal 0.382584 0.92364 -0.0227719
  outer loop
    vertex 61.80339887498975 190.2113032590306 0
    vertex 76.53668647301821 184.7759065022572 27.06725856084582
    vertex 90.79809994790961 178.2013048376734 0
  endloop
endfacet
facet normal 0.453873 0.890775 0.0227719
  outer loop
    vertex 76.53668647301821 184.7759065022572 27.06725856084582
    vertex 104.49971294319 170.5280328708183 27.06725856084582
    vertex 90.79809994790961 178.2013048376734 0
  endloop
endfacet
facet normal 0.453873 0.890775 -0.0227719
  outer loop
    vertex 76.53668647301821 184.7759065022572 27.06725856084582
    vertex 90.79809994790956 178.2013048376735 54.13451712169164
    vertex 104.49971294319 170.5280328708183 27.06725856084582
  endloop
endfacet
facet normal 0.522363 0.852419 -0.0227719
  outer loop
    vertex 90.79809994790961 178.2013048376734 0
    vertex 104.49971294319 170.5280328708183 27.06725856084582
    vertex 117.5570504584948 161.8033988749893 0
  endloop
endfacet
facet normal -0.382584 0.92364 0.0227719
  outer loop
    vertex -61.80339887498904 190.2113032590309 500
    vertex -76.53668647301744 184.7759065022576 472.9327414391543
    vertex -90.79809994790887 178.2013048376738 500
  endloop
endfacet
facet normal -0.453873 0.890775 -0.0227719
  outer loop
    vertex -76.53668647301744 184.7759065022576 472.9327414391543
    vertex -104.4997129431892 170.5280328708188 472.9327414391543
    vertex -90.79809994790887 178.2013048376738 500
  endloop
endfacet
facet normal -0.453873 0.890775 0.0227719
  outer loop
    vertex -76.53668647301744 184.7759065022576 472.9327414391543
    vertex -90.7980999479088 178.2013048376739 445.8654828783085
    vertex -104.4997129431892 170.5280328708188 472.9327414391543
  endloop
endfacet
facet normal -0.522363 0.852419 0.0227719
  outer loop
    vertex -90.79809994790887 178.2013048376738 500
    vertex -104.4997129431892 170.5280328708188 472.9327414391543
    vertex -117.557050458494 161.8033988749899 500
  endloop
endfacet
facet normal 0.721436 0.692482 -3.56602e-05
  outer loop
    vertex 153.3446704816223 128.3955296530322 218.7176381686944
    vertex 153.3552224573603 128.3829262209486 187.4482308618218
    vertex 134.5595141082323 147.9653241910295 203.0665719747498
  endloop
endfacet
facet normal 0.721464 0.692452 3.56602e-05
  outer loop
    vertex 153.3552224573603 128.3829262209486 187.4482308618218
    vertex 134.5716745377771 147.9542645958494 171.7971646678771
    vertex 134.5595141082323 147.9653241910295 203.0665719747498
  endloop
endfacet
facet normal 0.721492 0.692422 -3.56602e-05
  outer loop
    vertex 153.3552224573603 128.3829262209486 187.4482308618218
    vertex 153.3657733972195 128.3703219216682 156.1788235549491
    vertex 134.5716745377771 147.9542645958494 171.7971646678771
  endloop
endfacet
facet normal 0.621092 0.783738 -3.56602e-05
  outer loop
    vertex 134.5595141082323 147.9653241910295 203.0665719747498
    vertex 134.5716745377771 147.9542645958494 171.7971646678771
    vertex 113.2989371380445 164.8130784961844 187.4155057808051
  endloop
endfacet
facet normal 0.126422 0.991977 -2.01932e-05
  outer loop
    vertex 11.76537172229143 199.6536401577399 249.9568090895161
    vertex 38.69157799429927 196.2217159040025 234.3206345975942
    vertex 11.75608350226152 199.6541872856361 218.6839418635581
  endloop
endfacet
facet normal 0.126399 0.991979 2.01932e-05
  outer loop
    vertex 38.69157799429927 196.2217159040025 234.3206345975942
    vertex 38.68244940374787 196.2235156858792 203.0477673716362
    vertex 11.75608350226152 199.6541872856361 218.6839418635581
  endloop
endfacet
facet normal 0.259579 0.965722 -2.01932e-05
  outer loop
    vertex 38.69157799429927 196.2217159040025 234.3206345975942
    vertex 64.90508666845915 189.175394077982 218.6844601056722
    vertex 38.68244940374787 196.2235156858792 203.0477673716362
  endloop
endfacet
facet normal 0.126376 0.991982 -2.01932e-05
  outer loop
    vertex 11.75608350226152 199.6541872856361 218.6839418635581
    vertex 38.68244940374787 196.2235156858792 203.0477673716362
    vertex 11.74679525678835 199.6547339814288 187.4110746376002
  endloop
endfacet
facet normal 0.126436 0.991975 3.46977e-06
  outer loop
    vertex 11.76537172229143 199.6536401577399 249.9568090895161
    vertex 38.69314665217499 196.2214065848914 265.5913827620651
    vertex 38.69157799429927 196.2217159040025 234.3206345975942
  endloop
endfacet
facet normal 0.259596 0.965717 -3.46977e-06
  outer loop
    vertex 38.69314665217499 196.2214065848914 265.5913827620651
    vertex 64.90659899494841 189.1748751999297 249.9552082701431
    vertex 38.69157799429927 196.2217159040025 234.3206345975942
  endloop
endfacet
facet normal 0.2596 0.965716 3.46977e-06
  outer loop
    vertex 38.69314665217499 196.2214065848914 265.5913827620651
    vertex 64.9081113172896 189.1743563097872 281.225956434614
    vertex 64.90659899494841 189.1748751999297 249.9552082701431
  endloop
endfacet
facet normal 0.259592 0.965718 3.46977e-06
  outer loop
    vertex 38.69157799429927 196.2217159040025 234.3206345975942
    vertex 64.90659899494841 189.1748751999297 249.9552082701431
    vertex 64.90508666845915 189.175394077982 218.6844601056722
  endloop
endfacet
facet normal -0.733811 0.679353 0.000371567
  outer loop
    vertex -137.2367954274735 145.4856074695975 218.7039187051125
    vertex -155.5615753780664 125.7004226957657 203.0792286975922
    vertex -155.6694666103896 125.5667836859605 234.3421581194219
  endloop
endfacet
facet normal -0.818781 0.574106 -0.000371567
  outer loop
    vertex -155.5615753780664 125.7004226957657 203.0792286975922
    vertex -171.1469789896934 103.482904784807 218.7174681119016
    vertex -155.6694666103896 125.5667836859605 234.3421581194219
  endloop
endfacet
facet normal -0.818535 0.574457 0.000371567
  outer loop
    vertex -155.5615753780664 125.7004226957657 203.0792286975922
    vertex -171.0580471709261 103.629843665178 187.4545386900718
    vertex -171.1469789896934 103.482904784807 218.7174681119016
  endloop
endfacet
facet normal -0.819028 0.573754 0.000371567
  outer loop
    vertex -155.6694666103896 125.5667836859605 234.3421581194219
    vertex -171.1469789896934 103.482904784807 218.7174681119016
    vertex -171.235784587979 103.3358895860448 249.9803975337313
  endloop
endfacet
facet normal 0.0784388 0.996659 -0.0227719
  outer loop
    vertex 3.675178358715236e-13 200 0
    vertex 15.69181914556931 199.3834667466256 27.06725856084581
    vertex 31.28689300804649 197.5376681190275 0
  endloop
endfacet
facet normal 0.156394 0.987432 0.0227719
  outer loop
    vertex 15.69181914556931 199.3834667466256 27.06725856084581
    vertex 46.68907277118135 194.4739840795353 27.06725856084581
    vertex 31.28689300804649 197.5376681190275 0
  endloop
endfacet
facet normal 0.156394 0.987432 -0.0227719
  outer loop
    vertex 15.69181914556931 199.3834667466256 27.06725856084581
    vertex 31.28689300804649 197.5376681190275 54.13451712169162
    vertex 46.68907277118135 194.4739840795353 27.06725856084581
  endloop
endfacet
facet normal 0.233385 0.972118 -0.0227719
  outer loop
    vertex 31.28689300804649 197.5376681190275 0
    vertex 46.68907277118135 194.4739840795353 27.06725856084581
    vertex 61.80339887498975 190.2113032590306 0
  endloop
endfacet
facet normal -0.0781347 0.996684 0.0227097
  outer loop
    vertex -31.20877732129495 197.5500245965812 54.15827182909903
    vertex 0.03954346676192623 199.9999960907856 54.14639447539533
    vertex -15.65239727140469 199.386565394106 27.07913591454951
  endloop
endfacet
facet normal 9.02277e-05 0.999742 -0.0227097
  outer loop
    vertex 0.03954346676192623 199.9999960907856 54.14639447539533
    vertex 15.69181914556931 199.3834667466256 27.06725856084581
    vertex -15.65239727140469 199.386565394106 27.07913591454951
  endloop
endfacet
facet normal 0.078546 0.996652 0.0227097
  outer loop
    vertex 0.03954346676192623 199.9999960907856 54.14639447539533
    vertex 31.28689300804649 197.5376681190275 54.13451712169162
    vertex 15.69181914556931 199.3834667466256 27.06725856084581
  endloop
endfacet
facet normal 0.000107439 0.999742 0.0227097
  outer loop
    vertex -15.65239727140469 199.386565394106 27.07913591454951
    vertex 15.69181914556931 199.3834667466256 27.06725856084581
    vertex 3.675178358715236e-13 200 0
  endloop
endfacet
facet normal 0.509211 0.860642 -1.54756e-05
  outer loop
    vertex 113.2871853766707 164.8211564982841 249.9586480434376
    vertex 113.2930613293546 164.8171176019745 218.6870769121213
    vertex 89.9244331434649 178.6437693395057 234.3215540745549
  endloop
endfacet
facet normal 0.509226 0.860633 1.54756e-05
  outer loop
    vertex 113.2930613293546 164.8171176019745 218.6870769121213
    vertex 89.93080189976072 178.6405633378545 203.0499829432387
    vertex 89.9244331434649 178.6437693395057 234.3215540745549
  endloop
endfacet
facet normal 0.509241 0.860624 -1.54756e-05
  outer loop
    vertex 113.2930613293546 164.8171176019745 218.6870769121213
    vertex 113.2989371380445 164.8130784961844 187.4155057808051
    vertex 89.93080189976072 178.6405633378545 203.0499829432387
  endloop
endfacet
facet normal 0.387976 0.921669 -1.54756e-05
  outer loop
    vertex 89.9244331434649 178.6437693395057 234.3215540745549
    vertex 89.93080189976072 178.6405633378545 203.0499829432387
    vertex 64.90508666845915 189.175394077982 218.6844601056722
  endloop
endfacet
facet normal 0.623127 0.78212 0.001107
  outer loop
    vertex 113.7197435177981 164.5230073097566 314.1822041363283
    vertex 135.1295847577058 147.4448891050822 328.7221755826937
    vertex 134.7557293139764 147.7866483044335 297.7037823007811
  endloop
endfacet
facet normal 0.723196 0.690642 -0.001107
  outer loop
    vertex 135.1295847577058 147.4448891050822 328.7221755826937
    vertex 153.681938083797 127.9916478009716 312.2437537471465
    vertex 134.7557293139764 147.7866483044335 297.7037823007811
  endloop
endfacet
facet normal 0.724133 0.68966 0.001107
  outer loop
    vertex 135.1295847577058 147.4448891050822 328.7221755826937
    vertex 154.0055995889898 127.6020191659824 343.2621470290591
    vertex 153.681938083797 127.9916478009716 312.2437537471465
  endloop
endfacet
facet normal 0.722384 0.691492 0.001107
  outer loop
    vertex 134.7557293139764 147.7866483044335 297.7037823007811
    vertex 153.681938083797 127.9916478009716 312.2437537471465
    vertex 153.3572908348249 128.3804554743554 281.225360465234
  endloop
endfacet
facet normal -0.144369 0.989524 -2.87749e-05
  outer loop
    vertex -42.2327287710688 195.4901445611756 281.2419825352464
    vertex -15.37526049470624 199.4081276295425 265.5993958123813
    vertex -42.24568895482993 195.4873442571968 249.9676112126021
  endloop
endfacet
facet normal -0.144402 0.989519 2.87749e-05
  outer loop
    vertex -15.37526049470624 199.4081276295425 265.5993958123813
    vertex -15.38848048533641 199.4071078681811 234.325024489737
    vertex -42.24568895482993 195.4873442571968 249.9676112126021
  endloop
endfacet
facet normal -0.00906215 0.999959 -2.87749e-05
  outer loop
    vertex -15.37526049470624 199.4081276295425 265.5993958123813
    vertex 11.76537172229143 199.6536401577399 249.9568090895161
    vertex -15.38848048533641 199.4071078681811 234.325024489737
  endloop
endfacet
facet normal -0.144435 0.989514 -2.87749e-05
  outer loop
    vertex -42.24568895482993 195.4873442571968 249.9676112126021
    vertex -15.38848048533641 199.4071078681811 234.325024489737
    vertex -42.25864895291278 195.4845430940116 218.6932398899578
  endloop
endfacet
facet normal -0.00909034 0.999959 2.01945e-05
  outer loop
    vertex 11.76537172229143 199.6536401577399 249.9568090895161
    vertex 11.75608350226152 199.6541872856361 218.6839418635581
    vertex -15.38848048533641 199.4071078681811 234.325024489737
  endloop
endfacet
facet normal -0.00911361 0.999958 -2.01945e-05
  outer loop
    vertex 11.75608350226152 199.6541872856361 218.6839418635581
    vertex -15.39775720690514 199.4063917556235 203.052157263779
    vertex -15.38848048533641 199.4071078681811 234.325024489737
  endloop
endfacet
facet normal -0.00913686 0.999958 2.01945e-05
  outer loop
    vertex 11.75608350226152 199.6541872856361 218.6839418635581
    vertex 11.74679525678835 199.6547339814288 187.4110746376002
    vertex -15.39775720690514 199.4063917556235 203.052157263779
  endloop
endfacet
facet normal -0.144463 0.98951 2.01945e-05
  outer loop
    vertex -15.38848048533641 199.4071078681811 234.325024489737
    vertex -15.39775720690514 199.4063917556235 203.052157263779
    vertex -42.25864895291278 195.4845430940116 218.6932398899578
  endloop
endfacet
facet normal -0.732435 0.680836 -0.000634827
  outer loop
    vertex -136.8172379164927 145.8802365260689 157.2150590534958
    vertex -155.3804096922767 125.9242958442104 172.3347988717838
    vertex -137.0271587352194 145.6830730351093 187.9594888793041
  endloop
endfacet
facet normal -0.732936 0.680297 0.000634827
  outer loop
    vertex -155.3804096922767 125.9242958442104 172.3347988717838
    vertex -155.5615753780664 125.7004226957657 203.0792286975922
    vertex -137.0271587352194 145.6830730351093 187.9594888793041
  endloop
endfacet
facet normal -0.8182 0.574934 -0.000634827
  outer loop
    vertex -155.3804096922767 125.9242958442104 172.3347988717838
    vertex -171.0580471709261 103.629843665178 187.4545386900718
    vertex -155.5615753780664 125.7004226957657 203.0792286975922
  endloop
endfacet
facet normal -0.733415 0.679781 -0.000634827
  outer loop
    vertex -137.0271587352194 145.6830730351093 187.9594888793041
    vertex -155.5615753780664 125.7004226957657 203.0792286975922
    vertex -137.2367954274735 145.4856074695975 218.7039187051125
  endloop
endfacet
facet normal -0.522364 0.852421 -0.0226782
  outer loop
    vertex -117.557050458494 161.8033988749899 0
    vertex -104.5442619261127 170.5007252134851 27.17889413215581
    vertex -90.79809994790887 178.2013048376738 0
  endloop
endfacet
facet normal -0.454106 0.890659 0.0226782
  outer loop
    vertex -104.5442619261127 170.5007252134851 27.17889413215581
    vertex -76.58495884280286 184.7559040438118 27.17889413215581
    vertex -90.79809994790887 178.2013048376738 0
  endloop
endfacet
facet normal -0.454106 0.890659 -0.0226782
  outer loop
    vertex -104.5442619261127 170.5007252134851 27.17889413215581
    vertex -90.89120212178928 178.153836267581 54.35778826431163
    vertex -76.58495884280286 184.7559040438118 27.17889413215581
  endloop
endfacet
facet normal -0.382585 0.923642 -0.0226782
  outer loop
    vertex -90.79809994790887 178.2013048376738 0
    vertex -76.58495884280286 184.7559040438118 27.17889413215581
    vertex -61.80339887498904 190.2113032590309 0
  endloop
endfacet
facet normal 0.522363 0.852419 0.0227734
  outer loop
    vertex 117.5570504584948 161.8033988749893 500
    vertex 104.5024177845945 170.5263753123664 472.9345297389291
    vertex 90.79809994790961 178.2013048376734 500
  endloop
endfacet
facet normal 0.453887 0.890768 -0.0227734
  outer loop
    vertex 104.5024177845945 170.5263753123664 472.9345297389291
    vertex 76.53961731260634 184.7746924815186 472.9345297389291
    vertex 90.79809994790961 178.2013048376734 500
  endloop
endfacet
facet normal 0.453887 0.890768 0.0227734
  outer loop
    vertex 104.5024177845945 170.5263753123664 472.9345297389291
    vertex 90.80375303270176 178.1984243341565 445.8690594778582
    vertex 76.53961731260634 184.7746924815186 472.9345297389291
  endloop
endfacet
facet normal 0.382584 0.92364 0.0227734
  outer loop
    vertex 90.79809994790961 178.2013048376734 500
    vertex 76.53961731260634 184.7746924815186 472.9345297389291
    vertex 61.80339887498975 190.2113032590306 500
  endloop
endfacet
facet normal 0.388275 0.921543 0.00055784
  outer loop
    vertex 64.9081113172896 189.1743563097872 281.225956434614
    vertex 90.16041194796423 178.5247885235364 297.7040802854712
    vertex 89.92586127598047 178.6430504491376 265.5923022390258
  endloop
endfacet
facet normal 0.51006 0.860139 -0.00055784
  outer loop
    vertex 90.16041194796423 178.5247885235364 297.7040802854712
    vertex 113.5035623439161 164.6722239336092 282.0704260898829
    vertex 89.92586127598047 178.6430504491376 265.5923022390258
  endloop
endfacet
facet normal 0.510613 0.859811 0.00055784
  outer loop
    vertex 90.16041194796423 178.5247885235364 297.7040802854712
    vertex 113.7197435177981 164.5230073097566 314.1822041363283
    vertex 113.5035623439161 164.6722239336092 282.0704260898829
  endloop
endfacet
facet normal 0.509483 0.860481 0.00055784
  outer loop
    vertex 89.92586127598047 178.6430504491376 265.5923022390258
    vertex 113.5035623439161 164.6722239336092 282.0704260898829
    vertex 113.2871853766707 164.8211564982841 249.9586480434376
  endloop
endfacet
facet normal 0.997947 0.0640159 -0.0018676
  outer loop
    vertex 200 -4.898587196589413e-14 312.4999999999992
    vertex 198.3029680212596 25.99870908255404 296.8551706735766
    vertex 198.4183471370375 25.10297829752625 327.8046017893994
  endloop
endfacet
facet normal 0.981594 0.190969 0.0018676
  outer loop
    vertex 198.3029680212596 25.99870908255404 296.8551706735766
    vertex 193.4715105864204 50.68307993214894 312.1597724629768
    vertex 198.4183471370375 25.10297829752625 327.8046017893994
  endloop
endfacet
facet normal 0.981158 0.193199 -0.0018676
  outer loop
    vertex 198.3029680212596 25.99870908255404 296.8551706735766
    vertex 193.2406712604072 51.55621175791752 281.210341347154
    vertex 193.4715105864204 50.68307993214894 312.1597724629768
  endloop
endfacet
facet normal 0.98202 0.188767 -0.0018676
  outer loop
    vertex 198.4183471370375 25.10297829752625 327.8046017893994
    vertex 193.4715105864204 50.68307993214894 312.1597724629768
    vertex 193.6984048059392 49.80891462012087 343.1092035787996
  endloop
endfacet
facet normal -0.233385 0.972118 -0.0227618
  outer loop
    vertex -61.80339887498904 190.2113032590309 0
    vertex -46.65062098096551 194.4832115173191 27.07913591454951
    vertex -31.28689300804576 197.5376681190276 0
  endloop
endfacet
facet normal -0.156199 0.987463 0.0227618
  outer loop
    vertex -46.65062098096551 194.4832115173191 27.07913591454951
    vertex -15.65239727140469 199.386565394106 27.07913591454951
    vertex -31.28689300804576 197.5376681190276 0
  endloop
endfacet
facet normal -0.156199 0.987463 -0.0227618
  outer loop
    vertex -46.65062098096551 194.4832115173191 27.07913591454951
    vertex -31.20877732129495 197.5500245965812 54.15827182909903
    vertex -15.65239727140469 199.386565394106 27.07913591454951
  endloop
endfacet
facet normal -0.0784388 0.996659 -0.0227618
  outer loop
    vertex -31.28689300804576 197.5376681190276 0
    vertex -15.65239727140469 199.386565394106 27.07913591454951
    vertex 3.675178358715236e-13 200 0
  endloop
endfacet
facet normal 0.233385 0.972118 0.0227719
  outer loop
    vertex 61.80339887498975 190.2113032590306 500
    vertex 46.68907277118135 194.4739840795353 472.9327414391542
    vertex 31.28689300804649 197.5376681190275 500
  endloop
endfacet
facet normal 0.156394 0.987432 -0.0227719
  outer loop
    vertex 46.68907277118135 194.4739840795353 472.9327414391542
    vertex 15.69181914556931 199.3834667466256 472.9327414391542
    vertex 31.28689300804649 197.5376681190275 500
  endloop
endfacet
facet normal 0.156394 0.987432 0.0227719
  outer loop
    vertex 46.68907277118135 194.4739840795353 472.9327414391542
    vertex 31.28689300804649 197.5376681190275 445.8654828783084
    vertex 15.69181914556931 199.3834667466256 472.9327414391542
  endloop
endfacet
facet normal 0.0784388 0.996659 0.0227719
  outer loop
    vertex 31.28689300804649 197.5376681190275 500
    vertex 15.69181914556931 199.3834667466256 472.9327414391542
    vertex 3.675178358715236e-13 200 500
  endloop
endfacet
facet normal -0.404678 0.914459 3.48457e-07
  outer loop
    vertex -93.16751286793364 176.9740504876447 249.9689921885865
    vertex -93.16765488565439 176.9739757227248 281.2438003084586
    vertex -68.33021142884034 187.9653750191507 265.6054873619165
  endloop
endfacet
facet normal -0.404679 0.914459 -3.48457e-07
  outer loop
    vertex -93.16765488565439 176.9739757227248 281.2438003084586
    vertex -68.33036226686322 187.9653201856109 296.8802954817885
    vertex -68.33021142884034 187.9653750191507 265.6054873619165
  endloop
endfacet
facet normal -0.404679 0.914459 3.48457e-07
  outer loop
    vertex -93.16765488565439 176.9739757227248 281.2438003084586
    vertex -93.16779690331505 176.9739009576911 312.5186084283307
    vertex -68.33036226686322 187.9653201856109 296.8802954817885
  endloop
endfacet
facet normal -0.277047 0.960856 3.48457e-07
  outer loop
    vertex -68.33021142884034 187.9653750191507 265.6054873619165
    vertex -68.33036226686322 187.9653201856109 296.8802954817885
    vertex -42.2327287710688 195.4901445611756 281.2419825352464
  endloop
endfacet
facet normal -0.635282 0.77228 -3.48338e-07
  outer loop
    vertex -137.2476425677933 145.475374581347 281.2423177810133
    vertex -116.2792241874545 162.7241285807476 296.880463104672
    vertex -116.2790936049127 162.7242218921939 265.6056549847999
  endloop
endfacet
facet normal -0.524827 0.851209 3.48338e-07
  outer loop
    vertex -116.2792241874545 162.7241285807476 296.880463104672
    vertex -93.16765488565439 176.9739757227248 281.2438003084586
    vertex -116.2790936049127 162.7242218921939 265.6056549847999
  endloop
endfacet
facet normal -0.524828 0.851208 -3.48338e-07
  outer loop
    vertex -116.2792241874545 162.7241285807476 296.880463104672
    vertex -93.16779690331505 176.9739009576911 312.5186084283307
    vertex -93.16765488565439 176.9739757227248 281.2438003084586
  endloop
endfacet
facet normal -0.524827 0.851209 -3.48338e-07
  outer loop
    vertex -116.2790936049127 162.7242218921939 265.6056549847999
    vertex -93.16765488565439 176.9739757227248 281.2438003084586
    vertex -93.16751286793364 176.9740504876447 249.9689921885865
  endloop
endfacet
facet normal -0.404693 0.914452 2.8781e-05
  outer loop
    vertex -93.16751286793364 176.9740504876447 249.9689921885865
    vertex -68.33021142884034 187.9653750191507 265.6054873619165
    vertex -68.34267269074358 187.9608445647281 234.3311160392722
  endloop
endfacet
facet normal -0.277095 0.960843 -2.8781e-05
  outer loop
    vertex -68.33021142884034 187.9653750191507 265.6054873619165
    vertex -42.24568895482993 195.4873442571968 249.9676112126021
    vertex -68.34267269074358 187.9608445647281 234.3311160392722
  endloop
endfacet
facet normal -0.277063 0.960852 2.8781e-05
  outer loop
    vertex -68.33021142884034 187.9653750191507 265.6054873619165
    vertex -42.2327287710688 195.4901445611756 281.2419825352464
    vertex -42.24568895482993 195.4873442571968 249.9676112126021
  endloop
endfacet
facet normal -0.277126 0.960833 2.8781e-05
  outer loop
    vertex -68.34267269074358 187.9608445647281 234.3311160392722
    vertex -42.24568895482993 195.4873442571968 249.9676112126021
    vertex -42.25864895291278 195.4845430940116 218.6932398899578
  endloop
endfacet
facet normal -0.144341 0.989528 1.57737e-05
  outer loop
    vertex -42.2327287710688 195.4901445611756 281.2419825352464
    vertex -42.23983281216201 195.4886097039943 312.5207598653059
    vertex -15.36678609971437 199.4087808622419 296.8607658736544
  endloop
endfacet
facet normal -0.144359 0.989525 -1.57737e-05
  outer loop
    vertex -42.23983281216201 195.4886097039943 312.5207598653059
    vertex -15.37403256093065 199.4082223049377 328.1395432037139
    vertex -15.36678609971437 199.4087808622419 296.8607658736544
  endloop
endfacet
facet normal -0.144377 0.989523 1.57737e-05
  outer loop
    vertex -42.23983281216201 195.4886097039943 312.5207598653059
    vertex -42.24693679747416 195.4870745886547 343.7995371953654
    vertex -15.37403256093065 199.4082223049377 328.1395432037139
  endloop
endfacet
facet normal -0.0089909 0.99996 1.57737e-05
  outer loop
    vertex -15.36678609971437 199.4087808622419 296.8607658736544
    vertex -15.37403256093065 199.4082223049377 328.1395432037139
    vertex 11.78234130941508 199.6526394347654 312.4795492120623
  endloop
endfacet
facet normal -0.524505 0.851407 0.00063233
  outer loop
    vertex -93.16864997372197 176.9734518566954 187.4197234016503
    vertex -116.039106197272 162.8954444818462 172.317391227573
    vertex -116.2735498884735 162.7281831654635 203.0618210533814
  endloop
endfacet
facet normal -0.634409 0.772997 -0.00063233
  outer loop
    vertex -116.039106197272 162.8954444818462 172.317391227573
    vertex -137.0271587352194 145.6830730351093 187.9594888793041
    vertex -116.2735498884735 162.7281831654635 203.0618210533814
  endloop
endfacet
facet normal -0.633845 0.773459 0.00063233
  outer loop
    vertex -116.039106197272 162.8954444818462 172.317391227573
    vertex -136.8172379164927 145.8802365260689 157.2150590534958
    vertex -137.0271587352194 145.6830730351093 187.9594888793041
  endloop
endfacet
facet normal -0.634959 0.772546 0.00063233
  outer loop
    vertex -116.2735498884735 162.7281831654635 203.0618210533814
    vertex -137.0271587352194 145.6830730351093 187.9594888793041
    vertex -137.2367954274735 145.4856074695975 218.7039187051125
  endloop
endfacet
facet normal -0.404709 0.914445 -1.39436e-06
  outer loop
    vertex -93.16751286793364 176.9740504876447 249.9689921885865
    vertex -68.34267269074358 187.9608445647281 234.3311160392722
    vertex -93.1680814213086 176.9737511730833 218.6943577951184
  endloop
endfacet
facet normal -0.404711 0.914445 1.39436e-06
  outer loop
    vertex -68.34267269074358 187.9608445647281 234.3311160392722
    vertex -68.34327654085723 187.9606250033765 203.056481645804
    vertex -93.1680814213086 176.9737511730833 218.6943577951184
  endloop
endfacet
facet normal -0.277143 0.960829 -1.39436e-06
  outer loop
    vertex -68.34267269074358 187.9608445647281 234.3311160392722
    vertex -42.25864895291278 195.4845430940116 218.6932398899578
    vertex -68.34327654085723 187.9606250033765 203.056481645804
  endloop
endfacet
facet normal -0.404712 0.914444 -1.39436e-06
  outer loop
    vertex -93.1680814213086 176.9737511730833 218.6943577951184
    vertex -68.34327654085723 187.9606250033765 203.056481645804
    vertex -93.16864997372197 176.9734518566954 187.4197234016503
  endloop
endfacet
facet normal 0.719323 0.694675 -4.64428e-05
  outer loop
    vertex 153.3657733972195 128.3703219216682 156.1788235549491
    vertex 153.3788928218272 128.3546463387689 124.9074064661461
    vertex 133.6302698857004 148.8050770984474 141.3349100143905
  endloop
endfacet
facet normal 0.719361 0.694637 4.64428e-05
  outer loop
    vertex 153.3788928218272 128.3546463387689 124.9074064661461
    vertex 133.6454779693316 148.7914184969984 110.0634929255874
    vertex 133.6302698857004 148.8050770984474 141.3349100143905
  endloop
endfacet
facet normal 0.719394 0.694602 -4.64428e-05
  outer loop
    vertex 153.3788928218272 128.3546463387689 124.9074064661461
    vertex 153.3920106442268 128.3389694150666 93.63598937734297
    vertex 133.6454779693316 148.7914184969984 110.0634929255874
  endloop
endfacet
facet normal 0.613641 0.789585 -4.64428e-05
  outer loop
    vertex 133.6302698857004 148.8050770984474 141.3349100143905
    vertex 133.6454779693316 148.7914184969984 110.0634929255874
    vertex 111.198544104701 166.2374319730513 126.4909964738319
  endloop
endfacet
facet normal -0.523937 0.851757 -0.000553876
  outer loop
    vertex -93.16864997372197 176.9734518566954 187.4197234016503
    vertex -92.94545075151804 177.0907766785078 156.7087684750157
    vertex -116.039106197272 162.8954444818462 172.317391227573
  endloop
endfacet
facet normal -0.523393 0.852091 0.000553876
  outer loop
    vertex -92.94545075151804 177.0907766785078 156.7087684750157
    vertex -115.8336381145307 163.0416151819895 141.6064363009384
    vertex -116.039106197272 162.8954444818462 172.317391227573
  endloop
endfacet
facet normal -0.522863 0.852417 -0.000553876
  outer loop
    vertex -92.94545075151804 177.0907766785078 156.7087684750157
    vertex -92.72210378553389 177.2078200012197 125.9978135483811
    vertex -115.8336381145307 163.0416151819895 141.6064363009384
  endloop
endfacet
facet normal -0.633329 0.773882 -0.000553876
  outer loop
    vertex -116.039106197272 162.8954444818462 172.317391227573
    vertex -115.8336381145307 163.0416151819895 141.6064363009384
    vertex -136.8172379164927 145.8802365260689 157.2150590534958
  endloop
endfacet
facet normal -0.997698 0.0678191 0
  outer loop
    vertex -200 0 312.4999999999992
    vertex -198.1602254683559 27.06519983909856 296.8747040149395
    vertex -200 0 281.2499999999992
  endloop
endfacet
facet normal -0.997698 0.0678191 0
  outer loop
    vertex -198.1602254683559 27.06519983909856 296.8747040149395
    vertex -198.1602254683559 27.06519983909856 265.6247040149394
    vertex -200 0 281.2499999999992
  endloop
endfacet
facet normal -0.979342 0.20221 0
  outer loop
    vertex -198.1602254683559 27.06519983909856 296.8747040149395
    vertex -192.6747495766966 53.63246102461878 281.2494080298798
    vertex -198.1602254683559 27.06519983909856 265.6247040149394
  endloop
endfacet
facet normal -0.997698 0.0678191 0
  outer loop
    vertex -200 0 281.2499999999992
    vertex -198.1602254683559 27.06519983909856 265.6247040149394
    vertex -200 0 249.9999999999991
  endloop
endfacet
facet normal 0.997698 0.0678143 -0
  outer loop
    vertex 200 -4.898587196589413e-14 187.4999999999994
    vertex 198.1604857810964 27.06329386826208 203.1249999999993
    vertex 200 -4.898587196589413e-14 218.7499999999993
  endloop
endfacet
facet normal 0.997698 0.0678143 -0
  outer loop
    vertex 198.1604857810964 27.06329386826208 203.1249999999993
    vertex 198.1604857810964 27.06329386826208 234.3749999999992
    vertex 200 -4.898587196589413e-14 218.7499999999993
  endloop
endfacet
facet normal 0.979345 0.202196 -0
  outer loop
    vertex 198.1604857810964 27.06329386826208 203.1249999999993
    vertex 192.6757812500009 53.62875459771384 218.7499999999993
    vertex 198.1604857810964 27.06329386826208 234.3749999999992
  endloop
endfacet
facet normal 0.997698 0.0678143 -0
  outer loop
    vertex 200 -4.898587196589413e-14 218.7499999999993
    vertex 198.1604857810964 27.06329386826208 234.3749999999992
    vertex 200 -4.898587196589413e-14 249.9999999999991
  endloop
endfacet
facet normal 0.720352 0.693603 -0.00288935
  outer loop
    vertex 153.3657733972195 128.3703219216682 156.1788235549491
    vertex 133.6302698857004 148.8050770984474 141.3349100143905
    vertex 134.5716745377771 147.9542645958494 171.7971646678771
  endloop
endfacet
facet normal 0.617429 0.786621 0.00288935
  outer loop
    vertex 133.6302698857004 148.8050770984474 141.3349100143905
    vertex 112.2509998476227 165.5285867553065 156.9532511273185
    vertex 134.5716745377771 147.9542645958494 171.7971646678771
  endloop
endfacet
facet normal 0.61481 0.78867 -0.00288935
  outer loop
    vertex 133.6302698857004 148.8050770984474 141.3349100143905
    vertex 111.198544104701 166.2374319730513 126.4909964738319
    vertex 112.2509998476227 165.5285867553065 156.9532511273185
  endloop
endfacet
facet normal 0.619802 0.784753 -0.00288935
  outer loop
    vertex 134.5716745377771 147.9542645958494 171.7971646678771
    vertex 112.2509998476227 165.5285867553065 156.9532511273185
    vertex 113.2989371380445 164.8130784961844 187.4155057808051
  endloop
endfacet
facet normal 0.388586 0.921413 -2.00684e-06
  outer loop
    vertex 64.9081113172896 189.1743563097872 281.225956434614
    vertex 64.90897779384025 189.1740590085193 312.500527311518
    vertex 90.16041194796423 178.5247885235364 297.7040802854712
  endloop
endfacet
facet normal 0.388588 0.921412 2.00684e-06
  outer loop
    vertex 64.90897779384025 189.1740590085193 312.500527311518
    vertex 90.16122964592618 178.5243755590103 328.9786511623752
    vertex 90.16041194796423 178.5247885235364 297.7040802854712
  endloop
endfacet
facet normal 0.38859 0.921411 -2.00684e-06
  outer loop
    vertex 64.90897779384025 189.1740590085193 312.500527311518
    vertex 64.90984426902916 189.1737617032827 343.775098188422
    vertex 90.16122964592618 178.5243755590103 328.9786511623752
  endloop
endfacet
facet normal 0.510902 0.859639 -2.00684e-06
  outer loop
    vertex 90.16041194796423 178.5247885235364 297.7040802854712
    vertex 90.16122964592618 178.5243755590103 328.9786511623752
    vertex 113.7197435177981 164.5230073097566 314.1822041363283
  endloop
endfacet
facet normal 0.501583 0.865105 0.00280122
  outer loop
    vertex 111.198544104701 166.2374319730513 126.4909964738319
    vertex 88.4387879160581 179.3838922309874 141.7852883760937
    vertex 112.2509998476227 165.5285867553065 156.9532511273185
  endloop
endfacet
facet normal 0.504249 0.863554 -0.00280122
  outer loop
    vertex 88.4387879160581 179.3838922309874 141.7852883760937
    vertex 89.57510948324725 178.8191817481119 172.2475430295804
    vertex 112.2509998476227 165.5285867553065 156.9532511273185
  endloop
endfacet
facet normal 0.383806 0.923409 0.00280122
  outer loop
    vertex 88.4387879160581 179.3838922309874 141.7852883760937
    vertex 64.15161444410759 189.432231587485 157.0795802783556
    vertex 89.57510948324725 178.8191817481119 172.2475430295804
  endloop
endfacet
facet normal 0.507062 0.861905 0.00280122
  outer loop
    vertex 112.2509998476227 165.5285867553065 156.9532511273185
    vertex 89.57510948324725 178.8191817481119 172.2475430295804
    vertex 113.2989371380445 164.8130784961844 187.4155057808051
  endloop
endfacet
facet normal -0.997688 0.0679617 0
  outer loop
    vertex -200 0 249.9999999999991
    vertex -198.1524840460085 27.12181900972665 234.358978312867
    vertex -200 0 218.7499999999993
  endloop
endfacet
facet normal -0.997688 0.0679617 0
  outer loop
    vertex -198.1524840460085 27.12181900972665 234.358978312867
    vertex -198.1524840460085 27.12181900972665 203.1089783128671
    vertex -200 0 218.7499999999993
  endloop
endfacet
facet normal -0.979255 0.202629 0
  outer loop
    vertex -198.1524840460085 27.12181900972665 234.358978312867
    vertex -192.6440693360363 53.74255808623586 218.7179566257347
    vertex -198.1524840460085 27.12181900972665 203.1089783128671
  endloop
endfacet
facet normal -0.997688 0.0679617 0
  outer loop
    vertex -200 0 218.7499999999993
    vertex -198.1524840460085 27.12181900972665 203.1089783128671
    vertex -200 0 187.4999999999994
  endloop
endfacet
facet normal -0.888691 0.458507 -0.000372979
  outer loop
    vertex -171.0580471709261 103.629843665178 187.4545386900718
    vertex -183.5537869495471 79.42296454099572 203.0862476579033
    vertex -171.1469789896934 103.482904784807 218.7174681119016
  endloop
endfacet
facet normal -0.888888 0.458124 0.000372979
  outer loop
    vertex -183.5537869495471 79.42296454099572 203.0862476579033
    vertex -183.6219258565087 79.2653035365842 234.349177079733
    vertex -171.1469789896934 103.482904784807 218.7174681119016
  endloop
endfacet
facet normal -0.942755 0.333487 -0.000372979
  outer loop
    vertex -183.5537869495471 79.42296454099572 203.0862476579033
    vertex -192.6440693360363 53.74255808623586 218.7179566257347
    vertex -183.6219258565087 79.2653035365842 234.349177079733
  endloop
endfacet
facet normal -0.889084 0.457743 -0.000372979
  outer loop
    vertex -171.1469789896934 103.482904784807 218.7174681119016
    vertex -183.6219258565087 79.2653035365842 234.349177079733
    vertex -171.235784587979 103.3358895860448 249.9803975337313
  endloop
endfacet
facet normal 0.621041 0.783778 1.54648e-05
  outer loop
    vertex 113.2871853766707 164.8211564982841 249.9586480434376
    vertex 134.554238923851 147.9701212665017 234.338143106066
    vertex 113.2930613293546 164.8171176019745 218.6870769121213
  endloop
endfacet
facet normal 0.621055 0.783767 -1.54648e-05
  outer loop
    vertex 134.554238923851 147.9701212665017 234.338143106066
    vertex 134.5595141082323 147.9653241910295 203.0665719747498
    vertex 113.2930613293546 164.8171176019745 218.6870769121213
  endloop
endfacet
facet normal 0.721415 0.692503 1.54648e-05
  outer loop
    vertex 134.554238923851 147.9701212665017 234.338143106066
    vertex 153.3446704816223 128.3955296530322 218.7176381686944
    vertex 134.5595141082323 147.9653241910295 203.0665719747498
  endloop
endfacet
facet normal 0.621069 0.783756 1.54648e-05
  outer loop
    vertex 113.2930613293546 164.8171176019745 218.6870769121213
    vertex 134.5595141082323 147.9653241910295 203.0665719747498
    vertex 113.2989371380445 164.8130784961844 187.4155057808051
  endloop
endfacet
facet normal -0.524812 0.851218 1.39415e-06
  outer loop
    vertex -93.16751286793364 176.9740504876447 249.9689921885865
    vertex -93.1680814213086 176.9737511730833 218.6943577951184
    vertex -116.2730271008563 162.7285567096432 234.3364554468495
  endloop
endfacet
facet normal -0.524813 0.851217 -1.39415e-06
  outer loop
    vertex -93.1680814213086 176.9737511730833 218.6943577951184
    vertex -116.2735498884735 162.7281831654635 203.0618210533814
    vertex -116.2730271008563 162.7285567096432 234.3364554468495
  endloop
endfacet
facet normal -0.524815 0.851217 1.39415e-06
  outer loop
    vertex -93.1680814213086 176.9737511730833 218.6943577951184
    vertex -93.16864997372197 176.9734518566954 187.4197234016503
    vertex -116.2735498884735 162.7281831654635 203.0618210533814
  endloop
endfacet
facet normal -0.635239 0.772315 1.39415e-06
  outer loop
    vertex -116.2730271008563 162.7285567096432 234.3364554468495
    vertex -116.2735498884735 162.7281831654635 203.0618210533814
    vertex -137.2367954274735 145.4856074695975 218.7039187051125
  endloop
endfacet
facet normal 0.998021 0.0628819 -0
  outer loop
    vertex 200 -4.898587196589413e-14 312.4999999999992
    vertex 198.4183471370375 25.10297829752625 327.8046017893994
    vertex 200 -4.898587196589413e-14 343.7499999999994
  endloop
endfacet
facet normal 0.998021 0.0628819 -0
  outer loop
    vertex 198.4183471370375 25.10297829752625 327.8046017893994
    vertex 198.4183471370375 25.10297829752625 359.0546017893996
    vertex 200 -4.898587196589413e-14 343.7499999999994
  endloop
endfacet
facet normal 0.982236 0.187651 -0
  outer loop
    vertex 198.4183471370375 25.10297829752625 327.8046017893994
    vertex 193.6984048059392 49.80891462012087 343.1092035787996
    vertex 198.4183471370375 25.10297829752625 359.0546017893996
  endloop
endfacet
facet normal 0.998021 0.0628819 -0
  outer loop
    vertex 200 -4.898587196589413e-14 343.7499999999994
    vertex 198.4183471370375 25.10297829752625 359.0546017893996
    vertex 200 -4.898587196589413e-14 374.9999999999995
  endloop
endfacet
facet normal -0.997699 0.0678004 0
  outer loop
    vertex -200 0 187.4999999999994
    vertex -198.1612398850026 27.05777166062381 171.8797913930006
    vertex -200 0 156.2499999999995
  endloop
endfacet
facet normal -0.997699 0.0678004 0
  outer loop
    vertex -198.1612398850026 27.05777166062381 171.8797913930006
    vertex -198.1612398850026 27.05777166062381 140.6297913930007
    vertex -200 0 156.2499999999995
  endloop
endfacet
facet normal -0.979354 0.202155 0
  outer loop
    vertex -198.1612398850026 27.05777166062381 171.8797913930006
    vertex -192.6787699276155 53.61801580794489 156.2595827860019
    vertex -198.1612398850026 27.05777166062381 140.6297913930007
  endloop
endfacet
facet normal -0.997699 0.0678004 0
  outer loop
    vertex -200 0 156.2499999999995
    vertex -198.1612398850026 27.05777166062381 140.6297913930007
    vertex -200 0 124.9999999999996
  endloop
endfacet
facet normal 0.997885 0.0650087 -0
  outer loop
    vertex 200 -4.898587196589413e-14 124.9999999999996
    vertex 198.3095501384464 25.94845513488243 140.6298319358028
    vertex 200 -4.898587196589413e-14 156.2499999999995
  endloop
endfacet
facet normal 0.997885 0.0650087 -0
  outer loop
    vertex 198.3095501384464 25.94845513488243 140.6298319358028
    vertex 198.3095501384464 25.94845513488243 171.8798319358027
    vertex 200 -4.898587196589413e-14 156.2499999999995
  endloop
endfacet
facet normal 0.981016 0.193927 -0
  outer loop
    vertex 198.3095501384464 25.94845513488243 140.6298319358028
    vertex 193.2667767611299 51.45826464586199 156.2596638716061
    vertex 198.3095501384464 25.94845513488243 171.8798319358027
  endloop
endfacet
facet normal 0.997885 0.0650087 -0
  outer loop
    vertex 200 -4.898587196589413e-14 156.2499999999995
    vertex 198.3095501384464 25.94845513488243 171.8798319358027
    vertex 200 -4.898587196589413e-14 187.4999999999994
  endloop
endfacet
facet normal -0.997705 0.0677147 0
  outer loop
    vertex -200 0 374.9999999999995
    vertex -198.165887665898 27.02371117346177 359.3063319328701
    vertex -200 0 343.7499999999994
  endloop
endfacet
facet normal -0.997705 0.0677147 0
  outer loop
    vertex -198.165887665898 27.02371117346177 359.3063319328701
    vertex -198.165887665898 27.02371117346177 328.05633193287
    vertex -200 0 343.7499999999994
  endloop
endfacet
facet normal -0.979406 0.201902 0
  outer loop
    vertex -198.165887665898 27.02371117346177 359.3063319328701
    vertex -192.6971903441332 53.55177712715896 343.6126638657407
    vertex -198.165887665898 27.02371117346177 328.05633193287
  endloop
endfacet
facet normal -0.997705 0.0677147 0
  outer loop
    vertex -200 0 343.7499999999994
    vertex -198.165887665898 27.02371117346177 328.05633193287
    vertex -200 0 312.4999999999992
  endloop
endfacet
facet normal -0.819246 0.573442 3.80288e-06
  outer loop
    vertex -171.2563675805555 103.3017742495919 312.4994392429581
    vertex -155.6855544672644 125.5468364006853 328.1344889901507
    vertex -155.6866539258866 125.5454729942949 296.8708785119857
  endloop
endfacet
facet normal -0.734024 0.679123 -3.80288e-06
  outer loop
    vertex -155.6855544672644 125.5468364006853 328.1344889901507
    vertex -137.2463685756426 145.4765765090685 312.5059282591782
    vertex -155.6866539258866 125.5454729942949 296.8708785119857
  endloop
endfacet
facet normal -0.734021 0.679126 3.80288e-06
  outer loop
    vertex -155.6855544672644 125.5468364006853 328.1344889901507
    vertex -137.2450945729662 145.477778425633 343.7695387373432
    vertex -137.2463685756426 145.4765765090685 312.5059282591782
  endloop
endfacet
facet normal -0.734027 0.67912 3.80288e-06
  outer loop
    vertex -155.6866539258866 125.5454729942949 296.8708785119857
    vertex -137.2463685756426 145.4765765090685 312.5059282591782
    vertex -137.2476425677933 145.475374581347 281.2423177810133
  endloop
endfacet
facet normal -0.635054 0.772468 1.45151e-05
  outer loop
    vertex -137.2547750196017 145.4686451931087 406.3070980672441
    vertex -116.1777499586905 162.7965921465679 391.1003506408885
    vertex -137.2499348722548 145.4732118898934 375.0383184022936
  endloop
endfacet
facet normal -0.635041 0.772478 -1.45151e-05
  outer loop
    vertex -116.1777499586905 162.7965921465679 391.1003506408885
    vertex -116.17233328296 162.8004575533891 359.831570975938
    vertex -137.2499348722548 145.4732118898934 375.0383184022936
  endloop
endfacet
facet normal -0.524004 0.851716 1.45151e-05
  outer loop
    vertex -116.1777499586905 162.7965921465679 391.1003506408885
    vertex -92.93837021229578 177.0944926932575 375.8936032145328
    vertex -116.17233328296 162.8004575533891 359.831570975938
  endloop
endfacet
facet normal -0.635029 0.772489 1.45151e-05
  outer loop
    vertex -137.2499348722548 145.4732118898934 375.0383184022936
    vertex -116.17233328296 162.8004575533891 359.831570975938
    vertex -137.2450945729662 145.477778425633 343.7695387373432
  endloop
endfacet
facet normal -0.635275 0.772286 1.61833e-05
  outer loop
    vertex -137.2476425677933 145.475374581347 281.2423177810133
    vertex -116.2790936049127 162.7242218921939 265.6056549847999
    vertex -137.242219093005 145.4804911265687 249.9731182430629
  endloop
endfacet
facet normal -0.63526 0.772298 -1.61833e-05
  outer loop
    vertex -116.2790936049127 162.7242218921939 265.6056549847999
    vertex -116.2730271008563 162.7285567096432 234.3364554468495
    vertex -137.242219093005 145.4804911265687 249.9731182430629
  endloop
endfacet
facet normal -0.524819 0.851214 1.61833e-05
  outer loop
    vertex -116.2790936049127 162.7242218921939 265.6056549847999
    vertex -93.16751286793364 176.9740504876447 249.9689921885865
    vertex -116.2730271008563 162.7285567096432 234.3364554468495
  endloop
endfacet
facet normal -0.635246 0.77231 1.61833e-05
  outer loop
    vertex -137.242219093005 145.4804911265687 249.9731182430629
    vertex -116.2730271008563 162.7285567096432 234.3364554468495
    vertex -137.2367954274735 145.4856074695975 218.7039187051125
  endloop
endfacet
facet normal -0.889305 0.457314 -4.32053e-05
  outer loop
    vertex -171.2563675805555 103.3017742495919 312.4994392429581
    vertex -171.2460769338168 103.3188324303818 281.2399183883447
    vertex -183.6524562261325 79.19454098679081 296.874423636419
  endloop
endfacet
facet normal -0.889282 0.457359 4.32053e-05
  outer loop
    vertex -171.2460769338168 103.3188324303818 281.2399183883447
    vertex -183.6445668177936 79.21283405045504 265.6149027818055
    vertex -183.6524562261325 79.19454098679081 296.874423636419
  endloop
endfacet
facet normal -0.88926 0.457403 -4.32053e-05
  outer loop
    vertex -171.2460769338168 103.3188324303818 281.2399183883447
    vertex -171.235784587979 103.3358895860448 249.9803975337313
    vertex -183.6445668177936 79.21283405045504 265.6149027818055
  endloop
endfacet
facet normal -0.942978 0.332856 -4.32053e-05
  outer loop
    vertex -183.6524562261325 79.19454098679081 296.874423636419
    vertex -183.6445668177936 79.21283405045504 265.6149027818055
    vertex -192.6747495766966 53.63246102461878 281.2494080298798
  endloop
endfacet
facet normal -0.733989 0.679162 -1.61759e-05
  outer loop
    vertex -137.2476425677933 145.475374581347 281.2423177810133
    vertex -137.242219093005 145.4804911265687 249.9731182430629
    vertex -155.6741476814953 125.5609801795127 265.6113576573723
  endloop
endfacet
facet normal -0.733976 0.679176 1.61759e-05
  outer loop
    vertex -137.242219093005 145.4804911265687 249.9731182430629
    vertex -155.6694666103896 125.5667836859605 234.3421581194219
    vertex -155.6741476814953 125.5609801795127 265.6113576573723
  endloop
endfacet
facet normal -0.733963 0.679189 -1.61759e-05
  outer loop
    vertex -137.242219093005 145.4804911265687 249.9731182430629
    vertex -137.2367954274735 145.4856074695975 218.7039187051125
    vertex -155.6694666103896 125.5667836859605 234.3421581194219
  endloop
endfacet
facet normal -0.819156 0.573571 -1.61759e-05
  outer loop
    vertex -155.6741476814953 125.5609801795127 265.6113576573723
    vertex -155.6694666103896 125.5667836859605 234.3421581194219
    vertex -171.235784587979 103.3358895860448 249.9803975337313
  endloop
endfacet
facet normal -0.635274 0.772287 -3.80262e-06
  outer loop
    vertex -137.2450945729662 145.477778425633 343.7695387373432
    vertex -116.2777991417697 162.7251468788591 328.1440735828369
    vertex -137.2463685756426 145.4765765090685 312.5059282591782
  endloop
endfacet
facet normal -0.635277 0.772284 3.80262e-06
  outer loop
    vertex -116.2777991417697 162.7251468788591 328.1440735828369
    vertex -116.2792241874545 162.7241285807476 296.880463104672
    vertex -137.2463685756426 145.4765765090685 312.5059282591782
  endloop
endfacet
facet normal -0.524826 0.851209 -3.80262e-06
  outer loop
    vertex -116.2777991417697 162.7251468788591 328.1440735828369
    vertex -93.16779690331505 176.9739009576911 312.5186084283307
    vertex -116.2792241874545 162.7241285807476 296.880463104672
  endloop
endfacet
facet normal -0.635281 0.772281 -3.80262e-06
  outer loop
    vertex -137.2463685756426 145.4765765090685 312.5059282591782
    vertex -116.2792241874545 162.7241285807476 296.880463104672
    vertex -137.2476425677933 145.475374581347 281.2423177810133
  endloop
endfacet
facet normal -0.979328 0.20228 -0.000124087
  outer loop
    vertex -192.6747495766966 53.63246102461878 281.2494080298798
    vertex -192.6594173208686 53.68751174699189 249.9836823278072
    vertex -198.1602254683559 27.06519983909856 265.6247040149394
  endloop
endfacet
facet normal -0.979299 0.20242 0.000124087
  outer loop
    vertex -192.6594173208686 53.68751174699189 249.9836823278072
    vertex -198.1524840460085 27.12181900972665 234.358978312867
    vertex -198.1602254683559 27.06519983909856 265.6247040149394
  endloop
endfacet
facet normal -0.97927 0.20256 -0.000124087
  outer loop
    vertex -192.6594173208686 53.68751174699189 249.9836823278072
    vertex -192.6440693360363 53.74255808623586 218.7179566257347
    vertex -198.1524840460085 27.12181900972665 234.358978312867
  endloop
endfacet
facet normal -0.997693 0.0678904 -0.000124087
  outer loop
    vertex -198.1602254683559 27.06519983909856 265.6247040149394
    vertex -198.1524840460085 27.12181900972665 234.358978312867
    vertex -200 0 249.9999999999991
  endloop
endfacet
facet normal -0.99777 0.0667492 0
  outer loop
    vertex -200 0 437.4999999999998
    vertex -198.2178172368401 26.64013757214228 421.1902357494246
    vertex -200 0 406.2499999999997
  endloop
endfacet
facet normal -0.99777 0.0667492 0
  outer loop
    vertex -198.2178172368401 26.64013757214228 421.1902357494246
    vertex -198.2178172368401 26.64013757214228 389.9402357494245
    vertex -200 0 406.2499999999997
  endloop
endfacet
facet normal -0.979988 0.199058 0
  outer loop
    vertex -198.2178172368401 26.64013757214228 421.1902357494246
    vertex -192.9030307013733 52.80549920439172 404.8804714988493
    vertex -198.2178172368401 26.64013757214228 389.9402357494245
  endloop
endfacet
facet normal -0.99777 0.0667492 0
  outer loop
    vertex -200 0 406.2499999999997
    vertex -198.2178172368401 26.64013757214228 389.9402357494245
    vertex -200 0 374.9999999999995
  endloop
endfacet
facet normal 0.998324 0.0578744 -0
  outer loop
    vertex 200 -4.898587196589413e-14 62.49999999999979
    vertex 198.6602224369177 23.11095024689326 78.41348031922405
    vertex 200 -4.898587196589413e-14 93.74999999999967
  endloop
endfacet
facet normal 0.998324 0.0578744 -0
  outer loop
    vertex 198.6602224369177 23.11095024689326 78.41348031922405
    vertex 198.6602224369177 23.11095024689326 109.6634803192239
    vertex 200 -4.898587196589413e-14 93.74999999999967
  endloop
endfacet
facet normal 0.984949 0.172848 -0
  outer loop
    vertex 198.6602224369177 23.11095024689326 78.41348031922405
    vertex 194.6588397868562 45.91226516776359 94.3269606384483
    vertex 198.6602224369177 23.11095024689326 109.6634803192239
  endloop
endfacet
facet normal 0.998324 0.0578744 -0
  outer loop
    vertex 200 -4.898587196589413e-14 93.74999999999967
    vertex 198.6602224369177 23.11095024689326 109.6634803192239
    vertex 200 -4.898587196589413e-14 124.9999999999996
  endloop
endfacet
facet normal -0.819233 0.573461 4.32434e-05
  outer loop
    vertex -171.2563675805555 103.3017742495919 312.4994392429581
    vertex -155.6866539258866 125.5454729942949 296.8708785119857
    vertex -171.2460769338168 103.3188324303818 281.2399183883447
  endloop
endfacet
facet normal -0.819204 0.573502 -4.32434e-05
  outer loop
    vertex -155.6866539258866 125.5454729942949 296.8708785119857
    vertex -155.6741476814953 125.5609801795127 265.6113576573723
    vertex -171.2460769338168 103.3188324303818 281.2399183883447
  endloop
endfacet
facet normal -0.734012 0.679137 4.32434e-05
  outer loop
    vertex -155.6866539258866 125.5454729942949 296.8708785119857
    vertex -137.2476425677933 145.475374581347 281.2423177810133
    vertex -155.6741476814953 125.5609801795127 265.6113576573723
  endloop
endfacet
facet normal -0.819176 0.573543 4.32434e-05
  outer loop
    vertex -171.2460769338168 103.3188324303818 281.2399183883447
    vertex -155.6741476814953 125.5609801795127 265.6113576573723
    vertex -171.235784587979 103.3358895860448 249.9803975337313
  endloop
endfacet
facet normal -0.635149 0.77239 0.000278257
  outer loop
    vertex -137.2450945729662 145.477778425633 343.7695387373432
    vertex -116.17233328296 162.8004575533891 359.831570975938
    vertex -116.2777991417697 162.7251468788591 328.1440735828369
  endloop
endfacet
facet normal -0.524409 0.851466 -0.000278257
  outer loop
    vertex -116.17233328296 162.8004575533891 359.831570975938
    vertex -93.05310309284472 177.0342339910347 344.2061058214317
    vertex -116.2777991417697 162.7251468788591 328.1440735828369
  endloop
endfacet
facet normal -0.524136 0.851634 0.000278257
  outer loop
    vertex -116.17233328296 162.8004575533891 359.831570975938
    vertex -92.93837021229578 177.0944926932575 375.8936032145328
    vertex -93.05310309284472 177.0342339910347 344.2061058214317
  endloop
endfacet
facet normal -0.524688 0.851295 0.000278257
  outer loop
    vertex -116.2777991417697 162.7251468788591 328.1440735828369
    vertex -93.05310309284472 177.0342339910347 344.2061058214317
    vertex -93.16779690331505 176.9739009576911 312.5186084283307
  endloop
endfacet
facet normal -0.997701 0.0677668 -9.10031e-05
  outer loop
    vertex -200 0 312.4999999999992
    vertex -198.165887665898 27.02371117346177 328.05633193287
    vertex -198.1602254683559 27.06519983909856 296.8747040149395
  endloop
endfacet
facet normal -0.979374 0.202056 9.10031e-05
  outer loop
    vertex -198.165887665898 27.02371117346177 328.05633193287
    vertex -192.6859741835371 53.59212025047398 312.4310359478102
    vertex -198.1602254683559 27.06519983909856 296.8747040149395
  endloop
endfacet
facet normal -0.979395 0.201953 -9.10031e-05
  outer loop
    vertex -198.165887665898 27.02371117346177 328.05633193287
    vertex -192.6971903441332 53.55177712715896 343.6126638657407
    vertex -192.6859741835371 53.59212025047398 312.4310359478102
  endloop
endfacet
facet normal -0.979353 0.202158 -9.10031e-05
  outer loop
    vertex -198.1602254683559 27.06519983909856 296.8747040149395
    vertex -192.6859741835371 53.59212025047398 312.4310359478102
    vertex -192.6747495766966 53.63246102461878 281.2494080298798
  endloop
endfacet
facet normal 0.997788 0.0664408 0.00238961
  outer loop
    vertex 200 -4.898587196589413e-14 187.4999999999994
    vertex 198.3095501384464 25.94845513488243 171.8798319358027
    vertex 198.1604857810964 27.06329386826208 203.1249999999993
  endloop
endfacet
facet normal 0.980192 0.198034 -0.00238961
  outer loop
    vertex 198.3095501384464 25.94845513488243 171.8798319358027
    vertex 192.9743306186124 52.54434053538461 187.5048319358027
    vertex 198.1604857810964 27.06329386826208 203.1249999999993
  endloop
endfacet
facet normal 0.980734 0.195334 0.00238961
  outer loop
    vertex 198.3095501384464 25.94845513488243 171.8798319358027
    vertex 193.2667767611299 51.45826464586199 156.2596638716061
    vertex 192.9743306186124 52.54434053538461 187.5048319358027
  endloop
endfacet
facet normal 0.97962 0.200847 0.00238961
  outer loop
    vertex 198.1604857810964 27.06329386826208 203.1249999999993
    vertex 192.9743306186124 52.54434053538461 187.5048319358027
    vertex 192.6757812500009 53.62875459771384 218.7499999999993
  endloop
endfacet
facet normal -0.819922 0.572475 -1.45278e-05
  outer loop
    vertex -171.4179055041596 103.0334978177825 374.9995099596147
    vertex -155.7879692358252 125.4197298728457 390.6533040134294
    vertex -155.7837961510517 125.4249132220851 359.3845243484789
  endloop
endfacet
facet normal -0.734303 0.678822 1.45278e-05
  outer loop
    vertex -155.7879692358252 125.4197298728457 390.6533040134294
    vertex -137.2499348722548 145.4732118898934 375.0383184022936
    vertex -155.7837961510517 125.4249132220851 359.3845243484789
  endloop
endfacet
facet normal -0.734314 0.67881 -1.45278e-05
  outer loop
    vertex -155.7879692358252 125.4197298728457 390.6533040134294
    vertex -137.2547750196017 145.4686451931087 406.3070980672441
    vertex -137.2499348722548 145.4732118898934 375.0383184022936
  endloop
endfacet
facet normal -0.734291 0.678835 -1.45278e-05
  outer loop
    vertex -155.7837961510517 125.4249132220851 359.3845243484789
    vertex -137.2499348722548 145.4732118898934 375.0383184022936
    vertex -137.2450945729662 145.477778425633 343.7695387373432
  endloop
endfacet
facet normal -0.997693 0.0678812 0.000140511
  outer loop
    vertex -200 0 187.4999999999994
    vertex -198.1524840460085 27.12181900972665 203.1089783128671
    vertex -198.1612398850026 27.05777166062381 171.8797913930006
  endloop
endfacet
facet normal -0.979305 0.202392 -0.000140511
  outer loop
    vertex -198.1524840460085 27.12181900972665 203.1089783128671
    vertex -192.6614296953214 53.68028975103179 187.4887697058683
    vertex -198.1612398850026 27.05777166062381 171.8797913930006
  endloop
endfacet
facet normal -0.979272 0.20255 0.000140511
  outer loop
    vertex -198.1524840460085 27.12181900972665 203.1089783128671
    vertex -192.6440693360363 53.74255808623586 218.7179566257347
    vertex -192.6614296953214 53.68028975103179 187.4887697058683
  endloop
endfacet
facet normal -0.979337 0.202234 0.000140511
  outer loop
    vertex -198.1612398850026 27.05777166062381 171.8797913930006
    vertex -192.6614296953214 53.68028975103179 187.4887697058683
    vertex -192.6787699276155 53.61801580794489 156.2595827860019
  endloop
endfacet
facet normal -0.00990971 0.99995 -0.0013212
  outer loop
    vertex 11.74679525678835 199.6547339814288 187.4110746376002
    vertex -15.994498923079 199.3594141348726 171.9729662198481
    vertex -15.39775720690514 199.4063917556235 203.052157263779
  endloop
endfacet
facet normal -0.146682 0.989183 0.0013212
  outer loop
    vertex -15.994498923079 199.3594141348726 171.9729662198481
    vertex -42.84353251907998 195.3571900936501 187.6140488460269
    vertex -15.39775720690514 199.4063917556235 203.052157263779
  endloop
endfacet
facet normal -0.148188 0.988958 -0.0013212
  outer loop
    vertex -15.994498923079 199.3594141348726 171.9729662198481
    vertex -43.42803230619364 195.2280871442739 156.534857802096
    vertex -42.84353251907998 195.3571900936501 187.6140488460269
  endloop
endfacet
facet normal -0.145227 0.989397 -0.0013212
  outer loop
    vertex -15.39775720690514 199.4063917556235 203.052157263779
    vertex -42.84353251907998 195.3571900936501 187.6140488460269
    vertex -42.25864895291278 195.4845430940116 218.6932398899578
  endloop
endfacet
facet normal -0.943073 0.332586 9.10757e-05
  outer loop
    vertex -192.6971903441332 53.55177712715896 343.6126638657407
    vertex -183.6690328687187 79.1560886165401 328.0560515543494
    vertex -192.6859741835371 53.59212025047398 312.4310359478102
  endloop
endfacet
facet normal -0.943038 0.332685 -9.10757e-05
  outer loop
    vertex -183.6690328687187 79.1560886165401 328.0560515543494
    vertex -183.6524562261325 79.19454098679081 296.874423636419
    vertex -192.6859741835371 53.59212025047398 312.4310359478102
  endloop
endfacet
facet normal -0.889341 0.457245 9.10757e-05
  outer loop
    vertex -183.6690328687187 79.1560886165401 328.0560515543494
    vertex -171.2563675805555 103.3017742495919 312.4994392429581
    vertex -183.6524562261325 79.19454098679081 296.874423636419
  endloop
endfacet
facet normal -0.943003 0.332783 9.10757e-05
  outer loop
    vertex -192.6859741835371 53.59212025047398 312.4310359478102
    vertex -183.6524562261325 79.19454098679081 296.874423636419
    vertex -192.6747495766966 53.63246102461878 281.2494080298798
  endloop
endfacet
facet normal -0.889216 0.457488 0.000123825
  outer loop
    vertex -171.235784587979 103.3358895860448 249.9803975337313
    vertex -183.6219258565087 79.2653035365842 234.349177079733
    vertex -183.6445668177936 79.21283405045504 265.6149027818055
  endloop
endfacet
facet normal -0.942898 0.333082 -0.000123825
  outer loop
    vertex -183.6219258565087 79.2653035365842 234.349177079733
    vertex -192.6594173208686 53.68751174699189 249.9836823278072
    vertex -183.6445668177936 79.21283405045504 265.6149027818055
  endloop
endfacet
facet normal -0.94285 0.333216 0.000123825
  outer loop
    vertex -183.6219258565087 79.2653035365842 234.349177079733
    vertex -192.6440693360363 53.74255808623586 218.7179566257347
    vertex -192.6594173208686 53.68751174699189 249.9836823278072
  endloop
endfacet
facet normal -0.942946 0.332947 0.000123825
  outer loop
    vertex -183.6445668177936 79.21283405045504 265.6149027818055
    vertex -192.6594173208686 53.68751174699189 249.9836823278072
    vertex -192.6747495766966 53.63246102461878 281.2494080298798
  endloop
endfacet
facet normal 0.721452 0.692465 2.1339e-05
  outer loop
    vertex 153.3572908348249 128.3804554743554 281.225360465234
    vertex 153.3509808434448 128.3879927187641 249.9714993169642
    vertex 134.561511385331 147.9635078446556 265.5920042543358
  endloop
endfacet
facet normal 0.721435 0.692483 -2.1339e-05
  outer loop
    vertex 153.3509808434448 128.3879927187641 249.9714993169642
    vertex 134.554238923851 147.9701212665017 234.338143106066
    vertex 134.561511385331 147.9635078446556 265.5920042543358
  endloop
endfacet
facet normal 0.721417 0.6925 2.1339e-05
  outer loop
    vertex 153.3509808434448 128.3879927187641 249.9714993169642
    vertex 153.3446704816223 128.3955296530322 218.7176381686944
    vertex 134.554238923851 147.9701212665017 234.338143106066
  endloop
endfacet
facet normal 0.621044 0.783776 2.1339e-05
  outer loop
    vertex 134.561511385331 147.9635078446556 265.5920042543358
    vertex 134.554238923851 147.9701212665017 234.338143106066
    vertex 113.2871853766707 164.8211564982841 249.9586480434376
  endloop
endfacet
facet normal -0.144342 0.989528 1.84515e-05
  outer loop
    vertex -42.2327287710688 195.4901445611756 281.2419825352464
    vertex -15.36678609971437 199.4087808622419 296.8607658736544
    vertex -15.37526049470624 199.4081276295425 265.5993958123813
  endloop
endfacet
facet normal -0.00901371 0.999959 -1.84515e-05
  outer loop
    vertex -15.36678609971437 199.4087808622419 296.8607658736544
    vertex 11.77385652648537 199.6531399765447 281.2181791507892
    vertex -15.37526049470624 199.4081276295425 265.5993958123813
  endloop
endfacet
facet normal -0.00899244 0.99996 1.84515e-05
  outer loop
    vertex -15.36678609971437 199.4087808622419 296.8607658736544
    vertex 11.78234130941508 199.6526394347654 312.4795492120623
    vertex 11.77385652648537 199.6531399765447 281.2181791507892
  endloop
endfacet
facet normal -0.00903494 0.999959 1.84515e-05
  outer loop
    vertex -15.37526049470624 199.4081276295425 265.5993958123813
    vertex 11.77385652648537 199.6531399765447 281.2181791507892
    vertex 11.76537172229143 199.6536401577399 249.9568090895161
  endloop
endfacet
facet normal 0.984278 0.176535 0.00565677
  outer loop
    vertex 194.6588397868562 45.91226516776359 94.3269606384483
    vertex 193.9826294313142 48.69024007861776 125.2933122550272
    vertex 198.6602224369177 23.11095024689326 109.6634803192239
  endloop
endfacet
facet normal 0.983055 0.183224 -0.00565677
  outer loop
    vertex 193.9826294313142 48.69024007861776 125.2933122550272
    vertex 198.3095501384464 25.94845513488243 140.6298319358028
    vertex 198.6602224369177 23.11095024689326 109.6634803192239
  endloop
endfacet
facet normal 0.981654 0.190587 0.00565677
  outer loop
    vertex 193.9826294313142 48.69024007861776 125.2933122550272
    vertex 193.2667767611299 51.45826464586199 156.2596638716061
    vertex 198.3095501384464 25.94845513488243 140.6298319358028
  endloop
endfacet
facet normal 0.998084 0.0616143 0.00565677
  outer loop
    vertex 198.6602224369177 23.11095024689326 109.6634803192239
    vertex 198.3095501384464 25.94845513488243 140.6298319358028
    vertex 200 -4.898587196589413e-14 124.9999999999996
  endloop
endfacet
facet normal -0.979893 0.199524 -0.000849611
  outer loop
    vertex -192.9030307013733 52.80549920439172 404.8804714988493
    vertex -192.8004716028215 53.17873775983804 374.246567682295
    vertex -198.2178172368401 26.64013757214228 389.9402357494245
  endloop
endfacet
facet normal -0.979696 0.200488 0.000849611
  outer loop
    vertex -192.8004716028215 53.17873775983804 374.246567682295
    vertex -198.165887665898 27.02371117346177 359.3063319328701
    vertex -198.2178172368401 26.64013757214228 389.9402357494245
  endloop
endfacet
facet normal -0.979505 0.20142 -0.000849611
  outer loop
    vertex -192.8004716028215 53.17873775983804 374.246567682295
    vertex -192.6971903441332 53.55177712715896 343.6126638657407
    vertex -198.165887665898 27.02371117346177 359.3063319328701
  endloop
endfacet
facet normal -0.997738 0.0672235 -0.000849611
  outer loop
    vertex -198.2178172368401 26.64013757214228 389.9402357494245
    vertex -198.165887665898 27.02371117346177 359.3063319328701
    vertex -200 0 374.9999999999995
  endloop
endfacet
facet normal -0.405793 0.913965 0.000542418
  outer loop
    vertex -93.16864997372197 176.9734518566954 187.4197234016503
    vertex -68.90552466849576 187.7552360658933 171.9772906018732
    vertex -92.94545075151804 177.0907766785078 156.7087684750157
  endloop
endfacet
facet normal -0.405217 0.91422 -0.000542418
  outer loop
    vertex -68.90552466849576 187.7552360658933 171.9772906018732
    vertex -68.6687512368307 187.8419617752494 141.2663356752386
    vertex -92.94545075151804 177.0907766785078 156.7087684750157
  endloop
endfacet
facet normal -0.281152 0.959663 0.000542418
  outer loop
    vertex -68.90552466849576 187.7552360658933 171.9772906018732
    vertex -43.42803230619364 195.2280871442739 156.534857802096
    vertex -68.6687512368307 187.8419617752494 141.2663356752386
  endloop
endfacet
facet normal -0.40464 0.914476 0.000542418
  outer loop
    vertex -92.94545075151804 177.0907766785078 156.7087684750157
    vertex -68.6687512368307 187.8419617752494 141.2663356752386
    vertex -92.72210378553389 177.2078200012197 125.9978135483811
  endloop
endfacet
facet normal 0.997876 0.0651351 -0
  outer loop
    vertex 200 -4.898587196589413e-14 249.9999999999991
    vertex 198.3029680212596 25.99870908255404 265.6051706735766
    vertex 200 -4.898587196589413e-14 281.2499999999992
  endloop
endfacet
facet normal 0.997876 0.0651351 -0
  outer loop
    vertex 198.3029680212596 25.99870908255404 265.6051706735766
    vertex 198.3029680212596 25.99870908255404 296.8551706735766
    vertex 200 -4.898587196589413e-14 281.2499999999992
  endloop
endfacet
facet normal 0.980942 0.1943 -0
  outer loop
    vertex 198.3029680212596 25.99870908255404 265.6051706735766
    vertex 193.2406712604072 51.55621175791752 281.210341347154
    vertex 198.3029680212596 25.99870908255404 296.8551706735766
  endloop
endfacet
facet normal 0.997876 0.0651351 -0
  outer loop
    vertex 200 -4.898587196589413e-14 281.2499999999992
    vertex 198.3029680212596 25.99870908255404 296.8551706735766
    vertex 200 -4.898587196589413e-14 312.4999999999992
  endloop
endfacet
facet normal -0.819357 0.573283 0.000341101
  outer loop
    vertex -171.2563675805555 103.3017742495919 312.4994392429581
    vertex -171.3371890501167 103.1676676503087 343.7494746012864
    vertex -155.6855544672644 125.5468364006853 328.1344889901507
  endloop
endfacet
facet normal -0.819581 0.572964 -0.000341101
  outer loop
    vertex -171.3371890501167 103.1676676503087 343.7494746012864
    vertex -155.7837961510517 125.4249132220851 359.3845243484789
    vertex -155.6855544672644 125.5468364006853 328.1344889901507
  endloop
endfacet
facet normal -0.819806 0.572642 0.000341101
  outer loop
    vertex -171.3371890501167 103.1676676503087 343.7494746012864
    vertex -171.4179055041596 103.0334978177825 374.9995099596147
    vertex -155.7837961510517 125.4249132220851 359.3845243484789
  endloop
endfacet
facet normal -0.734153 0.678984 0.000341101
  outer loop
    vertex -155.6855544672644 125.5468364006853 328.1344889901507
    vertex -155.7837961510517 125.4249132220851 359.3845243484789
    vertex -137.2450945729662 145.477778425633 343.7695387373432
  endloop
endfacet
facet normal -0.9455 0.325535 -0.0075323
  outer loop
    vertex -192.9030307013733 52.80549920439172 404.8804714988493
    vertex -185.4134268058529 74.97907148071803 423.0485468430696
    vertex -183.8835204704209 78.65653755031617 389.939990729232
  endloop
endfacet
facet normal -0.897401 0.441152 0.0075323
  outer loop
    vertex -185.4134268058529 74.97907148071803 423.0485468430696
    vertex -173.4357281648784 99.59943873294864 408.1080660734523
    vertex -183.8835204704209 78.65653755031617 389.939990729232
  endloop
endfacet
facet normal -0.900997 0.43376 -0.0075323
  outer loop
    vertex -185.4134268058529 74.97907148071803 423.0485468430696
    vertex -175.384764611144 96.12587758919872 441.2166221872899
    vertex -173.4357281648784 99.59943873294864 408.1080660734523
  endloop
endfacet
facet normal -0.89218 0.451617 -0.0075323
  outer loop
    vertex -183.8835204704209 78.65653755031617 389.939990729232
    vertex -173.4357281648784 99.59943873294864 408.1080660734523
    vertex -171.4179055041596 103.0334978177825 374.9995099596147
  endloop
endfacet
facet normal 0.259623 0.96571 1.98722e-06
  outer loop
    vertex 64.9081113172896 189.1743563097872 281.225956434614
    vertex 38.70148557011743 196.2197620390617 296.8527528233382
    vertex 64.90897779384025 189.1740590085193 312.500527311518
  endloop
endfacet
facet normal 0.259625 0.965709 -1.98722e-06
  outer loop
    vertex 38.70148557011743 196.2197620390617 296.8527528233382
    vertex 38.70238431708662 196.2195847721948 328.1273237002422
    vertex 64.90897779384025 189.1740590085193 312.500527311518
  endloop
endfacet
facet normal 0.126502 0.991966 1.98722e-06
  outer loop
    vertex 38.70148557011743 196.2197620390617 296.8527528233382
    vertex 11.78234130941508 199.6526394347654 312.4795492120623
    vertex 38.70238431708662 196.2195847721948 328.1273237002422
  endloop
endfacet
facet normal 0.259628 0.965709 1.98722e-06
  outer loop
    vertex 64.90897779384025 189.1740590085193 312.500527311518
    vertex 38.70238431708662 196.2195847721948 328.1273237002422
    vertex 64.90984426902916 189.1737617032827 343.775098188422
  endloop
endfacet
facet normal -0.943155 0.332353 -0.000339094
  outer loop
    vertex -192.6971903441332 53.55177712715896 343.6126638657407
    vertex -183.7309471122899 79.01227166219769 359.3060869126777
    vertex -183.6690328687187 79.1560886165401 328.0560515543494
  endloop
endfacet
facet normal -0.889633 0.456675 0.000339094
  outer loop
    vertex -183.7309471122899 79.01227166219769 359.3060869126777
    vertex -171.3371890501167 103.1676676503087 343.7494746012864
    vertex -183.6690328687187 79.1560886165401 328.0560515543494
  endloop
endfacet
facet normal -0.889811 0.45633 -0.000339094
  outer loop
    vertex -183.7309471122899 79.01227166219769 359.3060869126777
    vertex -171.4179055041596 103.0334978177825 374.9995099596147
    vertex -171.3371890501167 103.1676676503087 343.7494746012864
  endloop
endfacet
facet normal -0.889453 0.457026 -0.000339094
  outer loop
    vertex -183.6690328687187 79.1560886165401 328.0560515543494
    vertex -171.3371890501167 103.1676676503087 343.7494746012864
    vertex -171.2563675805555 103.3017742495919 312.4994392429581
  endloop
endfacet
facet normal 0.996956 0.0779654 -0
  outer loop
    vertex 200 -4.898587196589413e-14 374.9999999999995
    vertex 197.5685608308524 31.09121694668373 389.989718120852
    vertex 200 -4.898587196589413e-14 406.2499999999997
  endloop
endfacet
facet normal 0.996956 0.0779654 -0
  outer loop
    vertex 197.5685608308524 31.09121694668373 389.989718120852
    vertex 197.5685608308524 31.09121694668373 421.2397181208522
    vertex 200 -4.898587196589413e-14 406.2499999999997
  endloop
endfacet
facet normal 0.972716 0.232 -0
  outer loop
    vertex 197.5685608308524 31.09121694668373 389.989718120852
    vertex 190.3333622877425 61.4264698663612 404.9794362417045
    vertex 197.5685608308524 31.09121694668373 421.2397181208522
  endloop
endfacet
facet normal 0.996956 0.0779654 -0
  outer loop
    vertex 200 -4.898587196589413e-14 406.2499999999997
    vertex 197.5685608308524 31.09121694668373 421.2397181208522
    vertex 200 -4.898587196589413e-14 437.4999999999998
  endloop
endfacet
facet normal -0.997827 0.0658847 0
  outer loop
    vertex -200 0 124.9999999999996
    vertex -198.2636838715707 26.29660924290175 109.6222712903018
    vertex -200 0 93.74999999999967
  endloop
endfacet
facet normal -0.997827 0.0658847 0
  outer loop
    vertex -198.2636838715707 26.29660924290175 109.6222712903018
    vertex -198.2636838715707 26.29660924290175 78.37227129030194
    vertex -200 0 93.74999999999967
  endloop
endfacet
facet normal -0.980502 0.19651 0
  outer loop
    vertex -198.2636838715707 26.29660924290175 109.6222712903018
    vertex -193.0848834232613 52.13662621828894 94.24454258060409
    vertex -198.2636838715707 26.29660924290175 78.37227129030194
  endloop
endfacet
facet normal -0.997827 0.0658847 0
  outer loop
    vertex -200 0 93.74999999999967
    vertex -198.2636838715707 26.29660924290175 78.37227129030194
    vertex -200 0 62.49999999999979
  endloop
endfacet
facet normal -0.277859 0.960621 0.00129274
  outer loop
    vertex -42.25864895291278 195.4845430940116 218.6932398899578
    vertex -42.84353251907998 195.3571900936501 187.6140488460269
    vertex -68.34327654085723 187.9606250033765 203.056481645804
  endloop
endfacet
facet normal -0.279303 0.960202 -0.00129274
  outer loop
    vertex -42.84353251907998 195.3571900936501 187.6140488460269
    vertex -68.90552466849576 187.7552360658933 171.9772906018732
    vertex -68.34327654085723 187.9606250033765 203.056481645804
  endloop
endfacet
facet normal -0.280733 0.959785 0.00129274
  outer loop
    vertex -42.84353251907998 195.3571900936501 187.6140488460269
    vertex -43.42803230619364 195.2280871442739 156.534857802096
    vertex -68.90552466849576 187.7552360658933 171.9772906018732
  endloop
endfacet
facet normal -0.405393 0.914141 0.00129274
  outer loop
    vertex -68.34327654085723 187.9606250033765 203.056481645804
    vertex -68.90552466849576 187.7552360658933 171.9772906018732
    vertex -93.16864997372197 176.9734518566954 187.4197234016503
  endloop
endfacet
facet normal 0.922813 0.384051 0.0303586
  outer loop
    vertex 190.3333622877425 61.4264698663612 404.9794362417045
    vertex 184.6032623609697 76.9521638791723 382.7500853142841
    vertex 178.2602450693675 90.68233029542768 401.8659932123819
  endloop
endfacet
facet normal 0.890629 0.453717 -0.0303586
  outer loop
    vertex 184.6032623609697 76.9521638791723 382.7500853142841
    vertex 170.1527220620629 105.1097101835524 379.6366422849616
    vertex 178.2602450693675 90.68233029542768 401.8659932123819
  endloop
endfacet
facet normal 0.887902 0.459031 0.0303586
  outer loop
    vertex 184.6032623609697 76.9521638791723 382.7500853142841
    vertex 177.6091782675645 91.95096407934219 360.5207343868638
    vertex 170.1527220620629 105.1097101835524 379.6366422849616
  endloop
endfacet
facet normal 0.850674 0.524816 0.0303586
  outer loop
    vertex 178.2602450693675 90.68233029542768 401.8659932123819
    vertex 170.1527220620629 105.1097101835524 379.6366422849616
    vertex 161.7231992848961 117.6673566162586 398.7525501830593
  endloop
endfacet
facet normal -0.942818 0.333308 -0.00014114
  outer loop
    vertex -192.6787699276155 53.61801580794489 156.2595827860019
    vertex -192.6614296953214 53.68028975103179 187.4887697058683
    vertex -183.5794480862437 79.36363298356594 171.8570607380369
  endloop
endfacet
facet normal -0.942764 0.33346 0.00014114
  outer loop
    vertex -192.6614296953214 53.68028975103179 187.4887697058683
    vertex -183.5537869495471 79.42296454099572 203.0862476579033
    vertex -183.5794480862437 79.36363298356594 171.8570607380369
  endloop
endfacet
facet normal -0.94271 0.333612 -0.00014114
  outer loop
    vertex -192.6614296953214 53.68028975103179 187.4887697058683
    vertex -192.6440693360363 53.74255808623586 218.7179566257347
    vertex -183.5537869495471 79.42296454099572 203.0862476579033
  endloop
endfacet
facet normal -0.88863 0.458625 -0.00014114
  outer loop
    vertex -183.5794480862437 79.36363298356594 171.8570607380369
    vertex -183.5537869495471 79.42296454099572 203.0862476579033
    vertex -171.0580471709261 103.629843665178 187.4545386900718
  endloop
endfacet
facet normal -0.944026 0.32987 0.000858582
  outer loop
    vertex -192.9030307013733 52.80549920439172 404.8804714988493
    vertex -183.8835204704209 78.65653755031617 389.939990729232
    vertex -192.8004716028215 53.17873775983804 374.246567682295
  endloop
endfacet
facet normal -0.943696 0.330812 -0.000858582
  outer loop
    vertex -183.8835204704209 78.65653755031617 389.939990729232
    vertex -183.7309471122899 79.01227166219769 359.3060869126777
    vertex -192.8004716028215 53.17873775983804 374.246567682295
  endloop
endfacet
facet normal -0.890128 0.45571 0.000858582
  outer loop
    vertex -183.8835204704209 78.65653755031617 389.939990729232
    vertex -171.4179055041596 103.0334978177825 374.9995099596147
    vertex -183.7309471122899 79.01227166219769 359.3060869126777
  endloop
endfacet
facet normal -0.943386 0.331696 0.000858582
  outer loop
    vertex -192.8004716028215 53.17873775983804 374.246567682295
    vertex -183.7309471122899 79.01227166219769 359.3060869126777
    vertex -192.6971903441332 53.55177712715896 343.6126638657407
  endloop
endfacet
facet normal 0.126448 0.991973 -1.84484e-05
  outer loop
    vertex 11.76537172229143 199.6536401577399 249.9568090895161
    vertex 11.77385652648537 199.6531399765447 281.2181791507892
    vertex 38.69314665217499 196.2214065848914 265.5913827620651
  endloop
endfacet
facet normal 0.126469 0.991971 1.84484e-05
  outer loop
    vertex 11.77385652648537 199.6531399765447 281.2181791507892
    vertex 38.70148557011743 196.2197620390617 296.8527528233382
    vertex 38.69314665217499 196.2214065848914 265.5913827620651
  endloop
endfacet
facet normal 0.12649 0.991968 -1.84484e-05
  outer loop
    vertex 11.77385652648537 199.6531399765447 281.2181791507892
    vertex 11.78234130941508 199.6526394347654 312.4795492120623
    vertex 38.70148557011743 196.2197620390617 296.8527528233382
  endloop
endfacet
facet normal 0.259612 0.965713 -1.84484e-05
  outer loop
    vertex 38.69314665217499 196.2214065848914 265.5913827620651
    vertex 38.70148557011743 196.2197620390617 296.8527528233382
    vertex 64.9081113172896 189.1743563097872 281.225956434614
  endloop
endfacet
facet normal -0.822773 0.568302 0.00880047
  outer loop
    vertex -171.4179055041596 103.0334978177825 374.9995099596147
    vertex -173.4357281648784 99.59943873294864 408.1080660734523
    vertex -155.7879692358252 125.4197298728457 390.6533040134294
  endloop
endfacet
facet normal -0.828316 0.560192 -0.00880047
  outer loop
    vertex -173.4357281648784 99.59943873294864 408.1080660734523
    vertex -158.2546922332305 122.2924870389244 423.761860127267
    vertex -155.7879692358252 125.4197298728457 390.6533040134294
  endloop
endfacet
facet normal -0.833927 0.551804 0.00880047
  outer loop
    vertex -173.4357281648784 99.59943873294864 408.1080660734523
    vertex -175.384764611144 96.12587758919872 441.2166221872899
    vertex -158.2546922332305 122.2924870389244 423.761860127267
  endloop
endfacet
facet normal -0.737707 0.675064 0.00880047
  outer loop
    vertex -155.7879692358252 125.4197298728457 390.6533040134294
    vertex -158.2546922332305 122.2924870389244 423.761860127267
    vertex -137.2547750196017 145.4686451931087 406.3070980672441
  endloop
endfacet
facet normal 0.979608 0.200906 -0.00228531
  outer loop
    vertex 192.6757812500009 53.62875459771384 218.7499999999993
    vertex 192.9610088541471 52.59324159994124 249.9801706735767
    vertex 198.1604857810964 27.06329386826208 234.3749999999992
  endloop
endfacet
facet normal 0.980154 0.198223 0.00228531
  outer loop
    vertex 192.9610088541471 52.59324159994124 249.9801706735767
    vertex 198.3029680212596 25.99870908255404 265.6051706735766
    vertex 198.1604857810964 27.06329386826208 234.3749999999992
  endloop
endfacet
facet normal 0.980673 0.195642 -0.00228531
  outer loop
    vertex 192.9610088541471 52.59324159994124 249.9801706735767
    vertex 193.2406712604072 51.55621175791752 281.210341347154
    vertex 198.3029680212596 25.99870908255404 265.6051706735766
  endloop
endfacet
facet normal 0.997784 0.0665008 -0.00228531
  outer loop
    vertex 198.1604857810964 27.06329386826208 234.3749999999992
    vertex 198.3029680212596 25.99870908255404 265.6051706735766
    vertex 200 -4.898587196589413e-14 249.9999999999991
  endloop
endfacet
facet normal 0.980495 0.196074 0.0135651
  outer loop
    vertex 193.6984048059392 49.80891462012087 343.1092035787996
    vertex 192.1037257102236 55.64313585925215 374.0443199102521
    vertex 198.4183471370375 25.10297829752625 359.0546017893996
  endloop
endfacet
facet normal 0.977855 0.208844 -0.0135651
  outer loop
    vertex 192.1037257102236 55.64313585925215 374.0443199102521
    vertex 197.5685608308524 31.09121694668373 389.989718120852
    vertex 198.4183471370375 25.10297829752625 359.0546017893996
  endloop
endfacet
facet normal 0.974118 0.225632 0.0135651
  outer loop
    vertex 192.1037257102236 55.64313585925215 374.0443199102521
    vertex 190.3333622877425 61.4264698663612 404.9794362417045
    vertex 197.5685608308524 31.09121694668373 389.989718120852
  endloop
endfacet
facet normal 0.997351 0.0714563 0.0135651
  outer loop
    vertex 198.4183471370375 25.10297829752625 359.0546017893996
    vertex 197.5685608308524 31.09121694668373 389.989718120852
    vertex 200 -4.898587196589413e-14 374.9999999999995
  endloop
endfacet
facet normal -0.979545 0.20122 0.00165547
  outer loop
    vertex -192.6787699276155 53.61801580794489 156.2595827860019
    vertex -192.8832488590778 52.87771089567944 125.252062683303
    vertex -198.1612398850026 27.05777166062381 140.6297913930007
  endloop
endfacet
facet normal -0.979932 0.199327 -0.00165547
  outer loop
    vertex -192.8832488590778 52.87771089567944 125.252062683303
    vertex -198.2636838715707 26.29660924290175 109.6222712903018
    vertex -198.1612398850026 27.05777166062381 140.6297913930007
  endloop
endfacet
facet normal -0.98031 0.197457 0.00165547
  outer loop
    vertex -192.8832488590778 52.87771089567944 125.252062683303
    vertex -193.0848834232613 52.13662621828894 94.24454258060409
    vertex -198.2636838715707 26.29660924290175 109.6222712903018
  endloop
endfacet
facet normal -0.997762 0.0668484 0.00165547
  outer loop
    vertex -198.1612398850026 27.05777166062381 140.6297913930007
    vertex -198.2636838715707 26.29660924290175 109.6222712903018
    vertex -200 0 124.9999999999996
  endloop
endfacet
facet normal -0.729045 0.684416 0.00825309
  outer loop
    vertex -136.8172379164927 145.8802365260689 157.2150590534958
    vertex -152.329540714542 129.5982678344764 137.1593942327449
    vertex -155.3804096922767 125.9242958442104 172.3347988717838
  endloop
endfacet
facet normal -0.806716 0.590881 -0.00825309
  outer loop
    vertex -152.329540714542 129.5982678344764 137.1593942327449
    vertex -168.5350122597408 107.6844911888849 152.2791340510329
    vertex -155.3804096922767 125.9242958442104 172.3347988717838
  endloop
endfacet
facet normal -0.801272 0.598243 0.00825309
  outer loop
    vertex -152.329540714542 129.5982678344764 137.1593942327449
    vertex -165.9158876518724 111.6777427453262 117.103729411994
    vertex -168.5350122597408 107.6844911888849 152.2791340510329
  endloop
endfacet
facet normal -0.815327 0.578942 0.00825309
  outer loop
    vertex -155.3804096922767 125.9242958442104 172.3347988717838
    vertex -168.5350122597408 107.6844911888849 152.2791340510329
    vertex -171.0580471709261 103.629843665178 187.4545386900718
  endloop
endfacet
facet normal -0.939218 0.343315 -0.00200299
  outer loop
    vertex -192.6787699276155 53.61801580794489 156.2595827860019
    vertex -181.6322247954596 83.72415969032859 136.6816560989979
    vertex -192.8832488590778 52.87771089567944 125.252062683303
  endloop
endfacet
facet normal -0.939696 0.342005 0.00200299
  outer loop
    vertex -181.6322247954596 83.72415969032859 136.6816560989979
    vertex -181.9523963773401 83.02605285416924 105.674135996299
    vertex -192.8832488590778 52.87771089567944 125.252062683303
  endloop
endfacet
facet normal -0.872273 0.489015 -0.00200299
  outer loop
    vertex -181.6322247954596 83.72415969032859 136.6816560989979
    vertex -165.9158876518724 111.6777427453262 117.103729411994
    vertex -181.9523963773401 83.02605285416924 105.674135996299
  endloop
endfacet
facet normal -0.94053 0.339706 -0.00200299
  outer loop
    vertex -192.8832488590778 52.87771089567944 125.252062683303
    vertex -181.9523963773401 83.02605285416924 105.674135996299
    vertex -193.0848834232613 52.13662621828894 94.24454258060409
  endloop
endfacet
facet normal -0.88596 0.463651 -0.0101028
  outer loop
    vertex -171.0580471709261 103.629843665178 187.4545386900718
    vertex -168.5350122597408 107.6844911888849 152.2791340510329
    vertex -183.5794480862437 79.36363298356594 171.8570607380369
  endloop
endfacet
facet normal -0.880174 0.474544 0.0101028
  outer loop
    vertex -168.5350122597408 107.6844911888849 152.2791340510329
    vertex -181.6322247954596 83.72415969032859 136.6816560989979
    vertex -183.5794480862437 79.36363298356594 171.8570607380369
  endloop
endfacet
facet normal -0.874638 0.484672 -0.0101028
  outer loop
    vertex -168.5350122597408 107.6844911888849 152.2791340510329
    vertex -165.9158876518724 111.6777427453262 117.103729411994
    vertex -181.6322247954596 83.72415969032859 136.6816560989979
  endloop
endfacet
facet normal -0.940858 0.33865 -0.0101028
  outer loop
    vertex -183.5794480862437 79.36363298356594 171.8570607380369
    vertex -181.6322247954596 83.72415969032859 136.6816560989979
    vertex -192.6787699276155 53.61801580794489 156.2595827860019
  endloop
endfacet
facet normal 0.515454 0.856771 -0.0158379
  outer loop
    vertex 111.198544104701 166.2374319730513 126.4909964738319
    vertex 115.8476801017921 163.0316380799532 104.3783827795722
    vertex 91.53061807804087 177.8261677994884 113.2941142419653
  endloop
endfacet
facet normal 0.52393 0.851614 0.0158379
  outer loop
    vertex 115.8476801017921 163.0316380799532 104.3783827795722
    vertex 96.51478517590276 175.1710485281439 91.18150054770564
    vertex 91.53061807804087 177.8261677994884 113.2941142419653
  endloop
endfacet
facet normal 0.539438 0.841876 -0.0158379
  outer loop
    vertex 115.8476801017921 163.0316380799532 104.3783827795722
    vertex 120.4044519599258 159.6958607736278 82.26576908531248
    vertex 96.51478517590276 175.1710485281439 91.18150054770564
  endloop
endfacet
facet normal 0.414463 0.909928 -0.0158379
  outer loop
    vertex 91.53061807804087 177.8261677994884 113.2941142419653
    vertex 96.51478517590276 175.1710485281439 91.18150054770564
    vertex 70.67021717262068 187.0981571389057 100.0972320100988
  endloop
endfacet
facet normal -0.382945 0.923599 -0.0178416
  outer loop
    vertex -90.89120212178928 178.153836267581 54.35778826431163
    vertex -69.0597900000427 187.6985492888797 79.87374714990953
    vertex -61.81548572505039 190.2073755788037 54.25803004670533
  endloop
endfacet
facet normal -0.270283 0.962616 0.0178416
  outer loop
    vertex -69.0597900000427 187.6985492888797 79.87374714990953
    vertex -38.75697547354171 196.2088093133009 79.77398893230323
    vertex -61.81548572505039 190.2073755788037 54.25803004670533
  endloop
endfacet
facet normal -0.270392 0.962585 -0.0178416
  outer loop
    vertex -69.0597900000427 187.6985492888797 79.87374714990953
    vertex -46.24822591487358 194.5792938617232 105.3897060355074
    vertex -38.75697547354171 196.2088093133009 79.77398893230323
  endloop
endfacet
facet normal -0.233302 0.972241 -0.0178416
  outer loop
    vertex -61.81548572505039 190.2073755788037 54.25803004670533
    vertex -38.75697547354171 196.2088093133009 79.77398893230323
    vertex -31.20877732129495 197.5500245965812 54.15827182909903
  endloop
endfacet
facet normal -0.923629 0.38258 -0.0232887
  outer loop
    vertex -190.2113032590304 61.80339887499044 0
    vertex -184.2040465559045 77.90294752081059 26.23087584051046
    vertex -178.2013048376731 90.79809994791025 0
  endloop
endfacet
facet normal -0.887379 0.460451 0.0232887
  outer loop
    vertex -184.2040465559045 77.90294752081059 26.23087584051046
    vertex -169.7494831532356 105.7596944455182 26.23087584051046
    vertex -178.2013048376731 90.79809994791025 0
  endloop
endfacet
facet normal -0.887379 0.460451 -0.0232887
  outer loop
    vertex -184.2040465559045 77.90294752081059 26.23087584051046
    vertex -176.8369836092381 93.42741154493177 52.46175168102093
    vertex -169.7494831532356 105.7596944455182 26.23087584051046
  endloop
endfacet
facet normal -0.852409 0.522357 -0.0232887
  outer loop
    vertex -178.2013048376731 90.79809994791025 0
    vertex -169.7494831532356 105.7596944455182 26.23087584051046
    vertex -161.8033988749889 117.5570504584954 0
  endloop
endfacet
facet normal 0.923629 0.38258 0.0232887
  outer loop
    vertex 190.2113032590308 61.80339887498939 500
    vertex 184.2040465559018 77.90294752081694 473.769124159494
    vertex 178.2013048376737 90.79809994790919 500
  endloop
endfacet
facet normal 0.887379 0.460451 -0.0232887
  outer loop
    vertex 184.2040465559018 77.90294752081694 473.769124159494
    vertex 169.749483153232 105.759694445524 473.769124159494
    vertex 178.2013048376737 90.79809994790919 500
  endloop
endfacet
facet normal 0.887379 0.460451 0.0232887
  outer loop
    vertex 184.2040465559018 77.90294752081694 473.769124159494
    vertex 176.8369836092311 93.42741154494499 447.5382483189881
    vertex 169.749483153232 105.759694445524 473.769124159494
  endloop
endfacet
facet normal 0.852409 0.522357 0.0232887
  outer loop
    vertex 178.2013048376737 90.79809994790919 500
    vertex 169.749483153232 105.759694445524 473.769124159494
    vertex 161.8033988749896 117.5570504584944 500
  endloop
endfacet
facet normal 0.425883 0.904444 0.0246043
  outer loop
    vertex 70.67021717262068 187.0981571389057 100.0972320100988
    vertex 96.51478517590276 175.1710485281439 91.18150054770564
    vertex 80.85661910846576 182.9267808341591 77.11587456589521
  endloop
endfacet
facet normal 0.461378 0.886862 -0.0246043
  outer loop
    vertex 96.51478517590276 175.1710485281439 91.18150054770564
    vertex 106.0058599705571 169.5958656686614 68.20014310350206
    vertex 80.85661910846576 182.9267808341591 77.11587456589521
  endloop
endfacet
facet normal 0.549964 0.834826 0.0246043
  outer loop
    vertex 96.51478517590276 175.1710485281439 91.18150054770564
    vertex 120.4044519599258 159.6958607736278 82.26576908531248
    vertex 106.0058599705571 169.5958656686614 68.20014310350206
  endloop
endfacet
facet normal 0.474997 0.879643 0.0246043
  outer loop
    vertex 80.85661910846576 182.9267808341591 77.11587456589521
    vertex 106.0058599705571 169.5958656686614 68.20014310350206
    vertex 90.79809994790956 178.2013048376735 54.13451712169164
  endloop
endfacet
facet normal -0.383422 0.923564 0.00420485
  outer loop
    vertex -90.7980999479088 178.2013048376739 445.8654828783085
    vertex -61.803398874989 190.2113032590309 451.8628553963742
    vertex -63.12203746955055 189.7777868605613 426.8404225381162
  endloop
endfacet
facet normal -0.239406 0.97091 -0.00420485
  outer loop
    vertex -61.803398874989 190.2113032590309 451.8628553963742
    vertex -32.65711387923371 197.3157695499241 432.837795056182
    vertex -63.12203746955055 189.7777868605613 426.8404225381162
  endloop
endfacet
facet normal -0.234225 0.972173 0.00420485
  outer loop
    vertex -61.803398874989 190.2113032590309 451.8628553963742
    vertex -31.28689300804576 197.5376681190276 457.86022791444
    vertex -32.65711387923371 197.3157695499241 432.837795056182
  endloop
endfacet
facet normal -0.240966 0.970524 0.00420485
  outer loop
    vertex -63.12203746955055 189.7777868605613 426.8404225381162
    vertex -32.65711387923371 197.3157695499241 432.837795056182
    vertex -34.02576170279399 197.0843665554036 407.8153621979239
  endloop
endfacet
facet normal 0.708695 0.705098 -0.0242512
  outer loop
    vertex 141.4213562373097 141.4213562373093 445.8654828783083
    vertex 152.0368985154201 129.9414540853374 422.3090165306838
    vertex 129.8896394782729 152.0811676579461 418.8045398344348
  endloop
endfacet
facet normal 0.704856 0.708935 0.0242512
  outer loop
    vertex 152.0368985154201 129.9414540853374 422.3090165306838
    vertex 141.3731582440049 141.4695378097898 395.2480734868102
    vertex 129.8896394782729 152.0811676579461 418.8045398344348
  endloop
endfacet
facet normal 0.761611 0.64758 -0.0242512
  outer loop
    vertex 152.0368985154201 129.9414540853374 422.3090165306838
    vertex 161.7231992848961 117.6673566162586 398.7525501830593
    vertex 141.3731582440049 141.4695378097898 395.2480734868102
  endloop
endfacet
facet normal 0.651189 0.758528 -0.0242512
  outer loop
    vertex 129.8896394782729 152.0811676579461 418.8045398344348
    vertex 141.3731582440049 141.4695378097898 395.2480734868102
    vertex 117.5571138946203 161.8033527859274 391.7435967905611
  endloop
endfacet
facet normal 0.519699 0.853996 -0.0245691
  outer loop
    vertex 117.5571138946203 161.8033527859274 391.7435967905611
    vertex 90.80072443180869 178.1999675719913 395.7063414308759
    vertex 104.5024512126112 170.5263548269176 418.8063281342097
  endloop
endfacet
facet normal 0.456636 0.889314 0.0245691
  outer loop
    vertex 90.80072443180869 178.1999675719913 395.7063414308759
    vertex 76.5423023879991 184.7735802141207 422.7690727745245
    vertex 104.5024512126112 170.5263548269176 418.8063281342097
  endloop
endfacet
facet normal 0.37972 0.924775 -0.0245691
  outer loop
    vertex 90.80072443180869 178.1999675719913 395.7063414308759
    vertex 61.80892702182168 190.2095069664267 399.6690860711907
    vertex 76.5423023879991 184.7735802141207 422.7690727745245
  endloop
endfacet
facet normal 0.451108 0.892131 -0.0245691
  outer loop
    vertex 104.5024512126112 170.5263548269176 418.8063281342097
    vertex 76.5423023879991 184.7735802141207 422.7690727745245
    vertex 90.80375303270176 178.1984243341565 445.8690594778582
  endloop
endfacet
facet normal -0.807004 0.590174 0.0209665
  outer loop
    vertex -161.8033988749889 117.5570504584954 0
    vertex -169.7494831532356 105.7596944455182 26.23087584051046
    vertex -152.0811931200055 129.8896096660375 27.06725856084574
  endloop
endfacet
facet normal -0.806311 0.59112 -0.0209665
  outer loop
    vertex -169.7494831532356 105.7596944455182 26.23087584051046
    vertex -160.9283921570517 118.7520635515282 53.2981344013562
    vertex -152.0811931200055 129.8896096660375 27.06725856084574
  endloop
endfacet
facet normal -0.846909 0.531324 0.0209665
  outer loop
    vertex -169.7494831532356 105.7596944455182 26.23087584051046
    vertex -176.8369836092381 93.42741154493177 52.46175168102093
    vertex -160.9283921570517 118.7520635515282 53.2981344013562
  endloop
endfacet
facet normal -0.758212 0.651671 0.0209665
  outer loop
    vertex -152.0811931200055 129.8896096660375 27.06725856084574
    vertex -160.9283921570517 118.7520635515282 53.2981344013562
    vertex -141.4213562373089 141.4213562373101 54.13451712169147
  endloop
endfacet
facet normal 0.807004 0.590174 -0.0209665
  outer loop
    vertex 161.8033988749896 117.5570504584944 500
    vertex 169.749483153232 105.759694445524 473.769124159494
    vertex 152.0811931200064 129.8896096660365 472.9327414391541
  endloop
endfacet
facet normal 0.806311 0.59112 0.0209665
  outer loop
    vertex 169.749483153232 105.759694445524 473.769124159494
    vertex 160.9283921570476 118.7520635515337 446.7018655986482
    vertex 152.0811931200064 129.8896096660365 472.9327414391541
  endloop
endfacet
facet normal 0.846909 0.531324 -0.0209665
  outer loop
    vertex 169.749483153232 105.759694445524 473.769124159494
    vertex 176.8369836092311 93.42741154494499 447.5382483189881
    vertex 160.9283921570476 118.7520635515337 446.7018655986482
  endloop
endfacet
facet normal 0.758212 0.651671 -0.0209665
  outer loop
    vertex 152.0811931200064 129.8896096660365 472.9327414391541
    vertex 160.9283921570476 118.7520635515337 446.7018655986482
    vertex 141.4213562373097 141.4213562373093 445.8654828783083
  endloop
endfacet
facet normal 0.503915 0.863721 0.0074613
  outer loop
    vertex 111.198544104701 166.2374319730513 126.4909964738319
    vertex 91.53061807804087 177.8261677994884 113.2941142419653
    vertex 88.4387879160581 179.3838922309874 141.7852883760937
  endloop
endfacet
facet normal 0.394242 0.918976 -0.0074613
  outer loop
    vertex 91.53061807804087 177.8261677994884 113.2941142419653
    vertex 67.42101709411715 188.2934052323521 128.5884061442272
    vertex 88.4387879160581 179.3838922309874 141.7852883760937
  endloop
endfacet
facet normal 0.402207 0.915518 0.0074613
  outer loop
    vertex 91.53061807804087 177.8261677994884 113.2941142419653
    vertex 70.67021717262068 187.0981571389057 100.0972320100988
    vertex 67.42101709411715 188.2934052323521 128.5884061442272
  endloop
endfacet
facet normal 0.3863 0.922343 0.0074613
  outer loop
    vertex 88.4387879160581 179.3838922309874 141.7852883760937
    vertex 67.42101709411715 188.2934052323521 128.5884061442272
    vertex 64.15161444410759 189.432231587485 157.0795802783556
  endloop
endfacet
facet normal 0.852382 0.52234 -0.024622
  outer loop
    vertex 161.8033988749896 117.5570504584944 0
    vertex 170.5280328708185 104.4997129431896 25.03234175064388
    vertex 178.2013048376737 90.79809994790919 0
  endloop
endfacet
facet normal 0.890736 0.453853 0.024622
  outer loop
    vertex 170.5280328708185 104.4997129431896 25.03234175064388
    vertex 184.7759065022574 76.53668647301784 25.03234175064388
    vertex 178.2013048376737 90.79809994790919 0
  endloop
endfacet
facet normal 0.890736 0.453853 -0.024622
  outer loop
    vertex 170.5280328708185 104.4997129431896 25.03234175064388
    vertex 178.2013048376737 90.79809994790921 50.06468350128777
    vertex 184.7759065022574 76.53668647301784 25.03234175064388
  endloop
endfacet
facet normal 0.923599 0.382567 -0.024622
  outer loop
    vertex 178.2013048376737 90.79809994790919 0
    vertex 184.7759065022574 76.53668647301784 25.03234175064388
    vertex 190.2113032590308 61.80339887498939 0
  endloop
endfacet
facet normal 0.526104 0.850043 0.0253393
  outer loop
    vertex 90.79809994790956 178.2013048376735 54.13451712169164
    vertex 117.5570504584948 161.8033988749893 48.6461564171389
    vertex 104.49971294319 170.5280328708183 27.06725856084582
  endloop
endfacet
facet normal 0.584006 0.811354 -0.0253393
  outer loop
    vertex 117.5570504584948 161.8033988749893 48.6461564171389
    vertex 129.8896096660369 152.081193120006 21.57889785629308
    vertex 104.49971294319 170.5280328708183 27.06725856084582
  endloop
endfacet
facet normal 0.652603 0.757276 0.0253393
  outer loop
    vertex 117.5570504584948 161.8033988749893 48.6461564171389
    vertex 141.4213562373097 141.4213562373093 43.15779571258615
    vertex 129.8896096660369 152.081193120006 21.57889785629308
  endloop
endfacet
facet normal 0.591176 0.806145 0.0253393
  outer loop
    vertex 104.49971294319 170.5280328708183 27.06725856084582
    vertex 129.8896096660369 152.081193120006 21.57889785629308
    vertex 117.5570504584948 161.8033988749893 0
  endloop
endfacet
facet normal -0.304258 0.952245 -0.025607
  outer loop
    vertex -61.80339887498904 190.2113032590309 500
    vertex -46.68907277118063 194.4739840795354 478.93011395722
    vertex -76.53668647301744 184.7759065022576 472.9327414391543
  endloop
endfacet
facet normal -0.313566 0.949221 0.025607
  outer loop
    vertex -46.68907277118063 194.4739840795354 478.93011395722
    vertex -61.803398874989 190.2113032590309 451.8628553963742
    vertex -76.53668647301744 184.7759065022576 472.9327414391543
  endloop
endfacet
facet normal -0.228608 0.973182 -0.025607
  outer loop
    vertex -46.68907277118063 194.4739840795354 478.93011395722
    vertex -31.28689300804576 197.5376681190276 457.86022791444
    vertex -61.803398874989 190.2113032590309 451.8628553963742
  endloop
endfacet
facet normal -0.378032 0.925438 -0.025607
  outer loop
    vertex -76.53668647301744 184.7759065022576 472.9327414391543
    vertex -61.803398874989 190.2113032590309 451.8628553963742
    vertex -90.7980999479088 178.2013048376739 445.8654828783085
  endloop
endfacet
facet normal -0.0437605 0.999036 -0.00340031
  outer loop
    vertex 3.660720705275881 199.9664950033329 117.7428204351995
    vertex -21.46344296773978 198.8449662827063 111.5662632353535
    vertex -20.02430760977316 198.9950429150163 137.1388391186478
  endloop
endfacet
facet normal -0.163303 0.98657 0.00340031
  outer loop
    vertex -21.46344296773978 198.8449662827063 111.5662632353535
    vertex -44.83930257389995 194.9087913478667 130.9622819188018
    vertex -20.02430760977316 198.9950429150163 137.1388391186478
  endloop
endfacet
facet normal -0.168791 0.985646 -0.00340031
  outer loop
    vertex -21.46344296773978 198.8449662827063 111.5662632353535
    vertex -46.24822591487358 194.5792938617232 105.3897060355074
    vertex -44.83930257389995 194.9087913478667 130.9622819188018
  endloop
endfacet
facet normal -0.161655 0.986841 -0.00340031
  outer loop
    vertex -20.02430760977316 198.9950429150163 137.1388391186478
    vertex -44.83930257389995 194.9087913478667 130.9622819188018
    vertex -43.42803230619364 195.2280871442739 156.534857802096
  endloop
endfacet
facet normal 0.0735541 0.996962 -0.025607
  outer loop
    vertex 31.28689300804649 197.5376681190275 445.8654828783084
    vertex 3.675178358715236e-13 200 451.8628553963742
    vertex 15.69181914556931 199.3834667466256 472.9327414391542
  endloop
endfacet
facet normal 0.00489346 0.99966 0.025607
  outer loop
    vertex 3.675178358715236e-13 200 451.8628553963742
    vertex -15.69181914556858 199.3834667466256 478.93011395722
    vertex 15.69181914556931 199.3834667466256 472.9327414391542
  endloop
endfacet
facet normal -0.0833108 0.996195 -0.025607
  outer loop
    vertex 3.675178358715236e-13 200 451.8628553963742
    vertex -31.28689300804576 197.5376681190276 457.86022791444
    vertex -15.69181914556858 199.3834667466256 478.93011395722
  endloop
endfacet
facet normal -0.00489346 0.99966 -0.025607
  outer loop
    vertex 15.69181914556931 199.3834667466256 472.9327414391542
    vertex -15.69181914556858 199.3834667466256 478.93011395722
    vertex 3.675178358715236e-13 200 500
  endloop
endfacet
facet normal 0.853641 0.520455 -0.0205861
  outer loop
    vertex 178.2013048376737 90.79809994790921 50.06468350128777
    vertex 161.8033988749896 117.5570504584944 46.61123960693696
    vertex 166.8558088235388 110.268486258961 71.85033643931537
  endloop
endfacet
facet normal 0.786887 0.616754 0.0205861
  outer loop
    vertex 161.8033988749896 117.5570504584944 46.61123960693696
    vertex 147.551745276864 135.0128974052163 68.39689254496456
    vertex 166.8558088235388 110.268486258961 71.85033643931537
  endloop
endfacet
facet normal 0.761714 0.647586 -0.0205861
  outer loop
    vertex 161.8033988749896 117.5570504584944 46.61123960693696
    vertex 141.4213562373097 141.4213562373093 43.15779571258615
    vertex 147.551745276864 135.0128974052163 68.39689254496456
  endloop
endfacet
facet normal 0.789674 0.613182 -0.0205861
  outer loop
    vertex 166.8558088235388 110.268486258961 71.85033643931537
    vertex 147.551745276864 135.0128974052163 68.39689254496456
    vertex 153.3920106442268 128.3389694150666 93.63598937734297
  endloop
endfacet
facet normal -0.526669 0.849681 -0.0257279
  outer loop
    vertex -90.7980999479088 178.2013048376739 445.8654828783085
    vertex -117.557050458494 161.8033988749899 452.0893065433306
    vertex -104.4997129431892 170.5280328708188 472.9327414391543
  endloop
endfacet
facet normal -0.583455 0.811738 0.0257279
  outer loop
    vertex -117.557050458494 161.8033988749899 452.0893065433306
    vertex -129.8896096660361 152.0811931200067 479.1565651041763
    vertex -104.4997129431892 170.5280328708188 472.9327414391543
  endloop
endfacet
facet normal -0.653104 0.756831 -0.0257279
  outer loop
    vertex -117.557050458494 161.8033988749899 452.0893065433306
    vertex -141.4213562373089 141.4213562373101 458.3131302083526
    vertex -129.8896096660361 152.0811931200067 479.1565651041763
  endloop
endfacet
facet normal -0.591711 0.80574 -0.0257279
  outer loop
    vertex -104.4997129431892 170.5280328708188 472.9327414391543
    vertex -129.8896096660361 152.0811931200067 479.1565651041763
    vertex -117.557050458494 161.8033988749899 500
  endloop
endfacet
facet normal -0.720718 0.693208 -0.0053243
  outer loop
    vertex -136.8172379164927 145.8802365260689 157.2150590534958
    vertex -135.0610180611356 147.5076994610438 131.3768884642986
    vertex -152.329540714542 129.5982678344764 137.1593942327449
  endloop
endfacet
facet normal -0.719 0.694989 0.0053243
  outer loop
    vertex -135.0610180611356 147.5076994610438 131.3768884642986
    vertex -150.7671299278593 131.4126041645777 111.3212236435477
    vertex -152.329540714542 129.5982678344764 137.1593942327449
  endloop
endfacet
facet normal -0.712368 0.701786 -0.0053243
  outer loop
    vertex -135.0610180611356 147.5076994610438 131.3768884642986
    vertex -133.2854407751759 149.1140210622968 105.5387178751014
    vertex -150.7671299278593 131.4126041645777 111.3212236435477
  endloop
endfacet
facet normal -0.793985 0.607914 -0.0053243
  outer loop
    vertex -152.329540714542 129.5982678344764 137.1593942327449
    vertex -150.7671299278593 131.4126041645777 111.3212236435477
    vertex -165.9158876518724 111.6777427453262 117.103729411994
  endloop
endfacet
facet normal -0.996693 0.0784414 -0.0212206
  outer loop
    vertex -200 2.44929359829471e-14 0
    vertex -198.6855600906541 22.89209932406953 22.88324897166526
    vertex -197.5376681190274 31.28689300804698 0
  endloop
endfacet
facet normal -0.981164 0.192008 0.0212206
  outer loop
    vertex -198.6855600906541 22.89209932406953 22.88324897166526
    vertex -192.6582978347449 53.69152889812986 22.88324897166526
    vertex -197.5376681190274 31.28689300804698 0
  endloop
endfacet
facet normal -0.981164 0.192008 -0.0212206
  outer loop
    vertex -198.6855600906541 22.89209932406953 22.88324897166526
    vertex -194.7595178853694 45.48329575853628 45.76649794333051
    vertex -192.6582978347449 53.69152889812986 22.88324897166526
  endloop
endfacet
facet normal -0.972151 0.233393 -0.0212206
  outer loop
    vertex -197.5376681190274 31.28689300804698 0
    vertex -192.6582978347449 53.69152889812986 22.88324897166526
    vertex -190.2113032590304 61.80339887499044 0
  endloop
endfacet
facet normal 0.996693 0.0784414 0.0212206
  outer loop
    vertex 200 -4.89858719658941e-14 500
    vertex 198.685560090655 22.89209932406167 477.1167510283369
    vertex 197.5376681190276 31.28689300804612 500
  endloop
endfacet
facet normal 0.981164 0.192008 -0.0212206
  outer loop
    vertex 198.685560090655 22.89209932406167 477.1167510283369
    vertex 192.6582978347472 53.69152889812179 477.1167510283369
    vertex 197.5376681190276 31.28689300804612 500
  endloop
endfacet
facet normal 0.981164 0.192008 0.0212206
  outer loop
    vertex 198.685560090655 22.89209932406167 477.1167510283369
    vertex 194.7595178853729 45.48329575852103 454.2335020566738
    vertex 192.6582978347472 53.69152889812179 477.1167510283369
  endloop
endfacet
facet normal 0.972151 0.233393 0.0212206
  outer loop
    vertex 197.5376681190276 31.28689300804612 500
    vertex 192.6582978347472 53.69152889812179 477.1167510283369
    vertex 190.2113032590308 61.80339887498939 500
  endloop
endfacet
facet normal -0.972183 0.233401 0.0195926
  outer loop
    vertex -190.2113032590304 61.80339887499044 500
    vertex -192.4615951314732 54.39241123032603 476.6254315100554
    vertex -197.5376681190274 31.28689300804698 500
  endloop
endfacet
facet normal -0.980491 0.195584 -0.0195926
  outer loop
    vertex -192.4615951314732 54.39241123032603 476.6254315100554
    vertex -198.6009212767623 23.61512371386701 476.6254315100554
    vertex -197.5376681190274 31.28689300804698 500
  endloop
endfacet
facet normal -0.980491 0.195584 0.0195926
  outer loop
    vertex -192.4615951314732 54.39241123032603 476.6254315100554
    vertex -194.4232593197876 46.89985325638703 453.2508630201107
    vertex -198.6009212767623 23.61512371386701 476.6254315100554
  endloop
endfacet
facet normal -0.996726 0.078444 0.0195926
  outer loop
    vertex -197.5376681190274 31.28689300804698 500
    vertex -198.6009212767623 23.61512371386701 476.6254315100554
    vertex -200 2.44929359829471e-14 500
  endloop
endfacet
facet normal -0.998356 0.0573245 0
  outer loop
    vertex -200 0 62.49999999999979
    vertex -198.6855600906541 22.89209932406953 54.13324897166515
    vertex -200 0 31.24999999999989
  endloop
endfacet
facet normal -0.998356 0.0573245 0
  outer loop
    vertex -198.6855600906541 22.89209932406953 54.13324897166515
    vertex -198.6855600906541 22.89209932406953 22.88324897166526
    vertex -200 0 31.24999999999989
  endloop
endfacet
facet normal -0.985233 0.17122 0
  outer loop
    vertex -198.6855600906541 22.89209932406953 54.13324897166515
    vertex -194.7595178853694 45.48329575853628 45.76649794333051
    vertex -198.6855600906541 22.89209932406953 22.88324897166526
  endloop
endfacet
facet normal -0.998356 0.0573245 4.49295e-17
  outer loop
    vertex -200 0 31.24999999999989
    vertex -198.6855600906541 22.89209932406953 22.88324897166526
    vertex -200 2.44929359829471e-14 0
  endloop
endfacet
facet normal 0.998356 0.0573245 -0
  outer loop
    vertex 200 -4.898587196589413e-14 437.4999999999998
    vertex 198.685560090655 22.89209932406167 445.8667510283368
    vertex 200 -4.898587196589413e-14 468.7499999999999
  endloop
endfacet
facet normal 0.998356 0.0573245 -0
  outer loop
    vertex 198.685560090655 22.89209932406167 445.8667510283368
    vertex 198.685560090655 22.89209932406167 477.1167510283369
    vertex 200 -4.898587196589413e-14 468.7499999999999
  endloop
endfacet
facet normal 0.985233 0.17122 -0
  outer loop
    vertex 198.685560090655 22.89209932406167 445.8667510283368
    vertex 194.7595178853729 45.48329575852103 454.2335020566738
    vertex 198.685560090655 22.89209932406167 477.1167510283369
  endloop
endfacet
facet normal 0.998356 0.0573245 -5.7883e-32
  outer loop
    vertex 200 -4.898587196589413e-14 468.7499999999999
    vertex 198.685560090655 22.89209932406167 477.1167510283369
    vertex 200 -4.89858719658941e-14 500
  endloop
endfacet
facet normal -0.99825 0.0591413 -4.63534e-17
  outer loop
    vertex -200 2.44929359829471e-14 500
    vertex -198.6009212767623 23.61512371386701 476.6254315100554
    vertex -200 0 468.7499999999999
  endloop
endfacet
facet normal -0.99825 0.0591413 0
  outer loop
    vertex -198.6009212767623 23.61512371386701 476.6254315100554
    vertex -198.6009212767623 23.61512371386701 445.3754315100553
    vertex -200 0 468.7499999999999
  endloop
endfacet
facet normal -0.984283 0.176597 0
  outer loop
    vertex -198.6009212767623 23.61512371386701 476.6254315100554
    vertex -194.4232593197876 46.89985325638703 453.2508630201107
    vertex -198.6009212767623 23.61512371386701 445.3754315100553
  endloop
endfacet
facet normal -0.99825 0.0591413 0
  outer loop
    vertex -200 0 468.7499999999999
    vertex -198.6009212767623 23.61512371386701 445.3754315100553
    vertex -200 0 437.4999999999998
  endloop
endfacet
facet normal -0.949257 0.31441 0.00759404
  outer loop
    vertex -192.9030307013733 52.80549920439172 404.8804714988493
    vertex -193.6856548609238 49.85847070553901 429.0656672594801
    vertex -185.4134268058529 74.97907148071803 423.0485468430696
  endloop
endfacet
facet normal -0.950338 0.311128 -0.00759404
  outer loop
    vertex -193.6856548609238 49.85847070553901 429.0656672594801
    vertex -186.534967255013 72.14364830788118 447.2337426037003
    vertex -185.4134268058529 74.97907148071803 423.0485468430696
  endloop
endfacet
facet normal -0.95394 0.299901 0.00759404
  outer loop
    vertex -193.6856548609238 49.85847070553901 429.0656672594801
    vertex -194.4232593197876 46.89985325638703 453.2508630201107
    vertex -186.534967255013 72.14364830788118 447.2337426037003
  endloop
endfacet
facet normal -0.906028 0.42315 0.00759404
  outer loop
    vertex -185.4134268058529 74.97907148071803 423.0485468430696
    vertex -186.534967255013 72.14364830788118 447.2337426037003
    vertex -175.384764611144 96.12587758919872 441.2166221872899
  endloop
endfacet
facet normal 0.972145 0.233391 -0.0215235
  outer loop
    vertex 190.2113032590308 61.80339887498939 0
    vertex 192.6954369404132 53.55808605937332 22.7915230804252
    vertex 197.5376681190276 31.28689300804612 0
  endloop
endfacet
facet normal 0.98129 0.191327 0.0215235
  outer loop
    vertex 192.6954369404132 53.55808605937332 22.7915230804252
    vertex 198.7013668932084 22.75448955196697 22.7915230804252
    vertex 197.5376681190276 31.28689300804612 0
  endloop
endfacet
facet normal 0.98129 0.191327 -0.0215235
  outer loop
    vertex 192.6954369404132 53.55808605937332 22.7915230804252
    vertex 194.8223320522943 45.21348176933072 45.58304616085039
    vertex 198.7013668932084 22.75448955196697 22.7915230804252
  endloop
endfacet
facet normal 0.996686 0.0784409 -0.0215235
  outer loop
    vertex 197.5376681190276 31.28689300804612 0
    vertex 198.7013668932084 22.75448955196697 22.7915230804252
    vertex 200 -4.89858719658941e-14 0
  endloop
endfacet
facet normal 0.998375 0.0569788 5.75339e-32
  outer loop
    vertex 200 -4.89858719658941e-14 0
    vertex 198.7013668932084 22.75448955196697 22.7915230804252
    vertex 200 -4.898587196589413e-14 31.24999999999989
  endloop
endfacet
facet normal 0.998375 0.0569788 -0
  outer loop
    vertex 198.7013668932084 22.75448955196697 22.7915230804252
    vertex 198.7013668932084 22.75448955196697 54.04152308042509
    vertex 200 -4.898587196589413e-14 31.24999999999989
  endloop
endfacet
facet normal 0.98541 0.170196 -0
  outer loop
    vertex 198.7013668932084 22.75448955196697 22.7915230804252
    vertex 194.8223320522943 45.21348176933072 45.58304616085039
    vertex 198.7013668932084 22.75448955196697 54.04152308042509
  endloop
endfacet
facet normal 0.998375 0.0569788 -0
  outer loop
    vertex 200 -4.898587196589413e-14 31.24999999999989
    vertex 198.7013668932084 22.75448955196697 54.04152308042509
    vertex 200 -4.898587196589413e-14 62.49999999999979
  endloop
endfacet
facet normal 0.80702 0.589931 0.0264449
  outer loop
    vertex 161.8033988749896 117.5570504584944 0
    vertex 152.0811931200064 129.8896096660365 21.57889785629308
    vertex 170.5280328708185 104.4997129431896 25.03234175064388
  endloop
endfacet
facet normal 0.810441 0.585223 -0.0264449
  outer loop
    vertex 152.0811931200064 129.8896096660365 21.57889785629308
    vertex 161.8033988749896 117.5570504584944 46.61123960693696
    vertex 170.5280328708185 104.4997129431896 25.03234175064388
  endloop
endfacet
facet normal 0.758247 0.651431 0.0264449
  outer loop
    vertex 152.0811931200064 129.8896096660365 21.57889785629308
    vertex 141.4213562373097 141.4213562373093 43.15779571258615
    vertex 161.8033988749896 117.5570504584944 46.61123960693696
  endloop
endfacet
facet normal 0.850818 0.524795 0.0264449
  outer loop
    vertex 170.5280328708185 104.4997129431896 25.03234175064388
    vertex 161.8033988749896 117.5570504584944 46.61123960693696
    vertex 178.2013048376737 90.79809994790921 50.06468350128777
  endloop
endfacet
facet normal 0.13535 0.990791 -0.0036426
  outer loop
    vertex 14.74777560772984 199.4555166312129 375.0510532268755
    vertex 38.55650856934177 196.2483010039635 387.3600696490331
    vertex 40.15921715132232 195.926611969362 359.4130757076488
  endloop
endfacet
facet normal 0.257465 0.966281 0.0036426
  outer loop
    vertex 38.55650856934177 196.2483010039635 387.3600696490331
    vertex 63.36150204523461 189.6979706232297 371.7220921298064
    vertex 40.15921715132232 195.926611969362 359.4130757076488
  endloop
endfacet
facet normal 0.253172 0.967415 -0.0036426
  outer loop
    vertex 38.55650856934177 196.2483010039635 387.3600696490331
    vertex 61.80892702182168 190.2095069664267 399.6690860711907
    vertex 63.36150204523461 189.6979706232297 371.7220921298064
  endloop
endfacet
facet normal 0.26107 0.965313 -0.0036426
  outer loop
    vertex 40.15921715132232 195.926611969362 359.4130757076488
    vertex 63.36150204523461 189.6979706232297 371.7220921298064
    vertex 64.90984426902916 189.1737617032827 343.775098188422
  endloop
endfacet
facet normal 0.252854 0.967456 -0.00965506
  outer loop
    vertex 64.15161444410759 189.432231587485 157.0795802783556
    vertex 67.42101709411715 188.2934052323521 128.5884061442272
    vertex 34.31283835580635 197.0345886487149 137.4112003567776
  endloop
endfacet
facet normal 0.257664 0.966186 0.00965506
  outer loop
    vertex 67.42101709411715 188.2934052323521 128.5884061442272
    vertex 37.71830605024824 196.4111233833252 108.9200262226491
    vertex 34.31283835580635 197.0345886487149 137.4112003567776
  endloop
endfacet
facet normal 0.269562 0.962935 -0.00965506
  outer loop
    vertex 67.42101709411715 188.2934052323521 128.5884061442272
    vertex 70.67021717262068 187.0981571389057 100.0972320100988
    vertex 37.71830605024824 196.4111233833252 108.9200262226491
  endloop
endfacet
facet normal 0.101349 0.994804 -0.00965506
  outer loop
    vertex 34.31283835580635 197.0345886487149 137.4112003567776
    vertex 37.71830605024824 196.4111233833252 108.9200262226491
    vertex 3.660720705275881 199.9664950033329 117.7428204351995
  endloop
endfacet
facet normal 0.382568 0.923542 0.0266867
  outer loop
    vertex 90.80375303270176 178.1984243341565 445.8690594778582
    vertex 76.5423023879991 184.7735802141207 422.7690727745245
    vertex 61.80641593074693 190.2103229317366 445.8672711780833
  endloop
endfacet
facet normal 0.30893 0.95071 -0.0266867
  outer loop
    vertex 76.5423023879991 184.7735802141207 422.7690727745245
    vertex 46.69189879655811 194.4733055891527 422.7672844747495
    vertex 61.80641593074693 190.2103229317366 445.8672711780833
  endloop
endfacet
facet normal 0.308927 0.950711 0.0266867
  outer loop
    vertex 76.5423023879991 184.7735802141207 422.7690727745245
    vertex 61.80892702182168 190.2095069664267 399.6690860711907
    vertex 46.69189879655811 194.4733055891527 422.7672844747495
  endloop
endfacet
facet normal 0.233368 0.972022 0.0266867
  outer loop
    vertex 61.80641593074693 190.2103229317366 445.8672711780833
    vertex 46.69189879655811 194.4733055891527 422.7672844747495
    vertex 31.28689300804649 197.5376681190275 445.8654828783084
  endloop
endfacet
facet normal 0.233376 0.97208 -0.0244182
  outer loop
    vertex 31.28689300804649 197.5376681190275 54.13451712169162
    vertex 51.24508685205051 193.3234105676956 77.1158745658952
    vertex 61.80339887498975 190.2113032590306 54.13451712169163
  endloop
endfacet
facet normal 0.331177 0.943253 0.0244182
  outer loop
    vertex 51.24508685205051 193.3234105676956 77.1158745658952
    vertex 80.85661910846576 182.9267808341591 77.11587456589521
    vertex 61.80339887498975 190.2113032590306 54.13451712169163
  endloop
endfacet
facet normal 0.331177 0.943253 -0.0244182
  outer loop
    vertex 51.24508685205051 193.3234105676956 77.1158745658952
    vertex 70.67021717262068 187.0981571389057 100.0972320100988
    vertex 80.85661910846576 182.9267808341591 77.11587456589521
  endloop
endfacet
facet normal 0.382569 0.923604 -0.0244182
  outer loop
    vertex 61.80339887498975 190.2113032590306 54.13451712169163
    vertex 80.85661910846576 182.9267808341591 77.11587456589521
    vertex 90.79809994790956 178.2013048376735 54.13451712169164
  endloop
endfacet
facet normal -0.800914 0.598462 -0.0194828
  outer loop
    vertex -161.8033988749889 117.5570504584954 500
    vertex -152.0811931200055 129.8896096660375 479.1565651041763
    vertex -168.9342718083758 107.0570493175196 470.6083110936449
  endloop
endfacet
facet normal -0.807885 0.589018 0.0194828
  outer loop
    vertex -152.0811931200055 129.8896096660375 479.1565651041763
    vertex -160.0139045466097 119.9814583664847 449.7648761978213
    vertex -168.9342718083758 107.0570493175196 470.6083110936449
  endloop
endfacet
facet normal -0.751491 0.659456 -0.0194828
  outer loop
    vertex -152.0811931200055 129.8896096660375 479.1565651041763
    vertex -141.4213562373089 141.4213562373101 458.3131302083526
    vertex -160.0139045466097 119.9814583664847 449.7648761978213
  endloop
endfacet
facet normal -0.837262 0.546454 -0.0194828
  outer loop
    vertex -168.9342718083758 107.0570493175196 470.6083110936449
    vertex -160.0139045466097 119.9814583664847 449.7648761978213
    vertex -175.384764611144 96.12587758919872 441.2166221872899
  endloop
endfacet
facet normal 0.951817 0.306543 -0.0087472
  outer loop
    vertex 193.6984048059392 49.80891462012087 343.1092035787996
    vertex 186.8457074570556 71.33499565341268 351.8149689828317
    vertex 192.1037257102236 55.64313585925215 374.0443199102521
  endloop
endfacet
facet normal 0.944351 0.328824 0.0087472
  outer loop
    vertex 186.8457074570556 71.33499565341268 351.8149689828317
    vertex 184.6032623609697 76.9521638791723 382.7500853142841
    vertex 192.1037257102236 55.64313585925215 374.0443199102521
  endloop
endfacet
facet normal 0.911175 0.411926 -0.0087472
  outer loop
    vertex 186.8457074570556 71.33499565341268 351.8149689828317
    vertex 177.6091782675645 91.95096407934219 360.5207343868638
    vertex 184.6032623609697 76.9521638791723 382.7500853142841
  endloop
endfacet
facet normal 0.942112 0.335183 -0.0087472
  outer loop
    vertex 192.1037257102236 55.64313585925215 374.0443199102521
    vertex 184.6032623609697 76.9521638791723 382.7500853142841
    vertex 190.3333622877425 61.4264698663612 404.9794362417045
  endloop
endfacet
facet normal 0.846208 0.532345 0.0232778
  outer loop
    vertex 176.8369836092311 93.42741154494499 447.5382483189881
    vertex 169.7134145982317 105.8175642575877 423.1453992510237
    vertex 160.9283921570476 118.7520635515337 446.7018655986482
  endloop
endfacet
facet normal 0.8068 0.590366 -0.0232778
  outer loop
    vertex 169.7134145982317 105.8175642575877 423.1453992510237
    vertex 152.0368985154201 129.9414540853374 422.3090165306838
    vertex 160.9283921570476 118.7520635515337 446.7018655986482
  endloop
endfacet
facet normal 0.80603 0.591417 0.0232778
  outer loop
    vertex 169.7134145982317 105.8175642575877 423.1453992510237
    vertex 161.7231992848961 117.6673566162586 398.7525501830593
    vertex 152.0368985154201 129.9414540853374 422.3090165306838
  endloop
endfacet
facet normal 0.757366 0.652576 0.0232778
  outer loop
    vertex 160.9283921570476 118.7520635515337 446.7018655986482
    vertex 152.0368985154201 129.9414540853374 422.3090165306838
    vertex 141.4213562373097 141.4213562373093 445.8654828783083
  endloop
endfacet
facet normal 0.649183 0.760096 -0.0285595
  outer loop
    vertex 117.5570504584948 161.8033988749893 0
    vertex 129.8896096660369 152.081193120006 21.57889785629308
    vertex 141.4213562373097 141.4213562373093 0
  endloop
endfacet
facet normal 0.706818 0.706818 0.0285595
  outer loop
    vertex 129.8896096660369 152.081193120006 21.57889785629308
    vertex 152.0811931200064 129.8896096660365 21.57889785629308
    vertex 141.4213562373097 141.4213562373093 0
  endloop
endfacet
facet normal 0.706818 0.706818 -0.0285595
  outer loop
    vertex 129.8896096660369 152.081193120006 21.57889785629308
    vertex 141.4213562373097 141.4213562373093 43.15779571258615
    vertex 152.0811931200064 129.8896096660365 21.57889785629308
  endloop
endfacet
facet normal 0.760096 0.649183 -0.0285595
  outer loop
    vertex 141.4213562373097 141.4213562373093 0
    vertex 152.0811931200064 129.8896096660365 21.57889785629308
    vertex 161.8033988749896 117.5570504584944 0
  endloop
endfacet
facet normal 0.908434 0.418029 -7.19471e-05
  outer loop
    vertex 176.9709518119232 93.17339864350741 187.500000000004
    vertex 176.9907352475468 93.13581285699274 218.9119883713655
    vertex 185.8779748491345 73.81990562161761 203.1250000000016
  endloop
endfacet
facet normal 0.908478 0.417932 7.19471e-05
  outer loop
    vertex 176.9907352475468 93.13581285699274 218.9119883713655
    vertex 185.8936479427402 73.78042866872322 234.5369883713631
    vertex 185.8779748491345 73.81990562161761 203.1250000000016
  endloop
endfacet
facet normal 0.908523 0.417836 -7.19471e-05
  outer loop
    vertex 176.9907352475468 93.13581285699274 218.9119883713655
    vertex 177.0105107005535 93.09822286987671 250.323976742727
    vertex 185.8936479427402 73.78042866872322 234.5369883713631
  endloop
endfacet
facet normal 0.947746 0.319025 -7.19471e-05
  outer loop
    vertex 185.8779748491345 73.81990562161761 203.1250000000016
    vertex 185.8936479427402 73.78042866872322 234.5369883713631
    vertex 192.6757812500009 53.62875459771384 218.7499999999993
  endloop
endfacet
facet normal 0.799756 0.600325 7.18591e-05
  outer loop
    vertex 153.3446704816223 128.3955296530322 218.7176381686944
    vertex 166.1177636498069 111.377235555507 234.5208074557107
    vertex 166.0941064908869 111.412511815298 203.1088190843492
  endloop
endfacet
facet normal 0.858956 0.51205 -7.18591e-05
  outer loop
    vertex 166.1177636498069 111.377235555507 234.5208074557107
    vertex 176.9907352475468 93.13581285699274 218.9119883713655
    vertex 166.0941064908869 111.412511815298 203.1088190843492
  endloop
endfacet
facet normal 0.85901 0.511959 7.18591e-05
  outer loop
    vertex 166.1177636498069 111.377235555507 234.5208074557107
    vertex 177.0105107005535 93.09822286987671 250.323976742727
    vertex 176.9907352475468 93.13581285699274 218.9119883713655
  endloop
endfacet
facet normal 0.858901 0.512142 7.18591e-05
  outer loop
    vertex 166.0941064908869 111.412511815298 203.1088190843492
    vertex 176.9907352475468 93.13581285699274 218.9119883713655
    vertex 176.9709518119232 93.17339864350741 187.500000000004
  endloop
endfacet
facet normal 0.950877 0.309565 0.00164109
  outer loop
    vertex 193.2406712604072 51.55621175791752 281.210341347154
    vertex 186.3897208887396 72.51808013880219 296.662899187983
    vertex 193.4715105864204 50.68307993214894 312.1597724629768
  endloop
endfacet
facet normal 0.951561 0.307457 -0.00164109
  outer loop
    vertex 186.3897208887396 72.51808013880219 296.662899187983
    vertex 186.7152864104664 71.67567105132331 327.6123303038058
    vertex 193.4715105864204 50.68307993214894 312.1597724629768
  endloop
endfacet
facet normal 0.911014 0.412372 0.00164109
  outer loop
    vertex 186.3897208887396 72.51808013880219 296.662899187983
    vertex 177.2725723113977 92.59824569666688 312.115457028812
    vertex 186.7152864104664 71.67567105132331 327.6123303038058
  endloop
endfacet
facet normal 0.952265 0.305268 0.00164109
  outer loop
    vertex 193.4715105864204 50.68307993214894 312.1597724629768
    vertex 186.7152864104664 71.67567105132331 327.6123303038058
    vertex 193.6984048059392 49.80891462012087 343.1092035787996
  endloop
endfacet
facet normal 0.949959 0.312369 -0.00196654
  outer loop
    vertex 193.2667767611299 51.45826464586199 156.2596638716061
    vertex 186.2901822851752 72.7734016255677 171.879831935805
    vertex 192.9743306186124 52.54434053538461 187.5048319358027
  endloop
endfacet
facet normal 0.949054 0.315108 0.00196654
  outer loop
    vertex 186.2901822851752 72.7734016255677 171.879831935805
    vertex 185.8779748491345 73.81990562161761 203.1250000000016
    vertex 192.9743306186124 52.54434053538461 187.5048319358027
  endloop
endfacet
facet normal 0.909012 0.416765 -0.00196654
  outer loop
    vertex 186.2901822851752 72.7734016255677 171.879831935805
    vertex 176.9709518119232 93.17339864350741 187.500000000004
    vertex 185.8779748491345 73.81990562161761 203.1250000000016
  endloop
endfacet
facet normal 0.948187 0.317707 -0.00196654
  outer loop
    vertex 192.9743306186124 52.54434053538461 187.5048319358027
    vertex 185.8779748491345 73.81990562161761 203.1250000000016
    vertex 192.6757812500009 53.62875459771384 218.7499999999993
  endloop
endfacet
facet normal 0.802706 0.596375 3.78142e-05
  outer loop
    vertex 153.3657733972195 128.3703219216682 156.1788235549491
    vertex 167.1719289363106 109.7886432000738 139.7348134456892
    vertex 153.3788928218272 128.3546463387689 124.9074064661461
  endloop
endfacet
facet normal 0.802735 0.596337 -3.78142e-05
  outer loop
    vertex 167.1719289363106 109.7886432000738 139.7348134456892
    vertex 167.1831491285194 109.7715566413779 108.4633963568861
    vertex 153.3788928218272 128.3546463387689 124.9074064661461
  endloop
endfacet
facet normal 0.866241 0.499626 3.78142e-05
  outer loop
    vertex 167.1719289363106 109.7886432000738 139.7348134456892
    vertex 178.7384457213506 89.73610210565094 123.2908033364292
    vertex 167.1831491285194 109.7715566413779 108.4633963568861
  endloop
endfacet
facet normal 0.802767 0.596293 3.78142e-05
  outer loop
    vertex 153.3788928218272 128.3546463387689 124.9074064661461
    vertex 167.1831491285194 109.7715566413779 108.4633963568861
    vertex 153.3920106442268 128.3389694150666 93.63598937734297
  endloop
endfacet
facet normal 0.799825 0.600233 -1.67273e-05
  outer loop
    vertex 153.3572908348249 128.3804554743554 281.225360465234
    vertex 166.1232375594062 111.3690708535412 265.7746686039804
    vertex 153.3509808434448 128.3879927187641 249.9714993169642
  endloop
endfacet
facet normal 0.799811 0.600252 1.67273e-05
  outer loop
    vertex 166.1232375594062 111.3690708535412 265.7746686039804
    vertex 166.1177636498069 111.377235555507 234.5208074557107
    vertex 153.3509808434448 128.3879927187641 249.9714993169642
  endloop
endfacet
facet normal 0.859043 0.511903 -1.67273e-05
  outer loop
    vertex 166.1232375594062 111.3690708535412 265.7746686039804
    vertex 177.0105107005535 93.09822286987671 250.323976742727
    vertex 166.1177636498069 111.377235555507 234.5208074557107
  endloop
endfacet
facet normal 0.799796 0.600272 -1.67273e-05
  outer loop
    vertex 153.3509808434448 128.3879927187641 249.9714993169642
    vertex 166.1177636498069 111.377235555507 234.5208074557107
    vertex 153.3446704816223 128.3955296530322 218.7176381686944
  endloop
endfacet
facet normal 0.802144 0.59713 -0.0008693
  outer loop
    vertex 154.0055995889898 127.6020191659824 343.2621470290591
    vertex 166.5611684447743 110.7130397302483 327.6888020289356
    vertex 153.681938083797 127.9916478009716 312.2437537471465
  endloop
endfacet
facet normal 0.801399 0.598129 0.0008693
  outer loop
    vertex 166.5611684447743 110.7130397302483 327.6888020289356
    vertex 166.2802400622698 111.1345210311986 296.670408747023
    vertex 153.681938083797 127.9916478009716 312.2437537471465
  endloop
endfacet
facet normal 0.860449 0.509537 -0.0008693
  outer loop
    vertex 166.5611684447743 110.7130397302483 327.6888020289356
    vertex 177.2725723113977 92.59824569666688 312.115457028812
    vertex 166.2802400622698 111.1345210311986 296.670408747023
  endloop
endfacet
facet normal 0.800629 0.599159 -0.0008693
  outer loop
    vertex 153.681938083797 127.9916478009716 312.2437537471465
    vertex 166.2802400622698 111.1345210311986 296.670408747023
    vertex 153.3572908348249 128.3804554743554 281.225360465234
  endloop
endfacet
facet normal 0.799737 0.60035 2.78973e-05
  outer loop
    vertex 153.3446704816223 128.3955296530322 218.7176381686944
    vertex 166.0941064908869 111.412511815298 203.1088190843492
    vertex 153.3552224573603 128.3829262209486 187.4482308618218
  endloop
endfacet
facet normal 0.799762 0.600317 -2.78973e-05
  outer loop
    vertex 166.0941064908869 111.412511815298 203.1088190843492
    vertex 166.1032626336321 111.3988605976859 171.8394117774766
    vertex 153.3552224573603 128.3829262209486 187.4482308618218
  endloop
endfacet
facet normal 0.858884 0.512169 2.78973e-05
  outer loop
    vertex 166.0941064908869 111.412511815298 203.1088190843492
    vertex 176.9709518119232 93.17339864350741 187.500000000004
    vertex 166.1032626336321 111.3988605976859 171.8394117774766
  endloop
endfacet
facet normal 0.799786 0.600285 2.78973e-05
  outer loop
    vertex 153.3552224573603 128.3829262209486 187.4482308618218
    vertex 166.1032626336321 111.3988605976859 171.8394117774766
    vertex 153.3657733972195 128.3703219216682 156.1788235549491
  endloop
endfacet
facet normal 0.948204 0.317655 0.00187262
  outer loop
    vertex 192.6757812500009 53.62875459771384 218.7499999999993
    vertex 185.8936479427402 73.78042866872322 234.5369883713631
    vertex 192.9610088541471 52.59324159994124 249.9801706735767
  endloop
endfacet
facet normal 0.949024 0.315199 -0.00187262
  outer loop
    vertex 185.8936479427402 73.78042866872322 234.5369883713631
    vertex 186.2871952327337 72.78104761764121 265.7671590449405
    vertex 192.9610088541471 52.59324159994124 249.9801706735767
  endloop
endfacet
facet normal 0.909123 0.416523 0.00187262
  outer loop
    vertex 185.8936479427402 73.78042866872322 234.5369883713631
    vertex 177.0105107005535 93.09822286987671 250.323976742727
    vertex 186.2871952327337 72.78104761764121 265.7671590449405
  endloop
endfacet
facet normal 0.949897 0.312558 0.00187262
  outer loop
    vertex 192.9610088541471 52.59324159994124 249.9801706735767
    vertex 186.2871952327337 72.78104761764121 265.7671590449405
    vertex 193.2406712604072 51.55621175791752 281.210341347154
  endloop
endfacet
facet normal 0.957325 0.28897 -0.00501828
  outer loop
    vertex 194.6588397868562 45.91226516776359 94.3269606384483
    vertex 187.9800930343795 68.28971095843089 108.8088819874388
    vertex 193.9826294313142 48.69024007861776 125.2933122550272
  endloop
endfacet
facet normal 0.954961 0.296687 0.00501828
  outer loop
    vertex 187.9800930343795 68.28971095843089 108.8088819874388
    vertex 186.9846774436597 70.96992603413462 139.7752336040176
    vertex 193.9826294313142 48.69024007861776 125.2933122550272
  endloop
endfacet
facet normal 0.917115 0.398591 -0.00501828
  outer loop
    vertex 187.9800930343795 68.28971095843089 108.8088819874388
    vertex 178.7384457213506 89.73610210565094 123.2908033364292
    vertex 186.9846774436597 70.96992603413462 139.7752336040176
  endloop
endfacet
facet normal 0.953096 0.302625 -0.00501828
  outer loop
    vertex 193.9826294313142 48.69024007861776 125.2933122550272
    vertex 186.9846774436597 70.96992603413462 139.7752336040176
    vertex 193.2667767611299 51.45826464586199 156.2596638716061
  endloop
endfacet
facet normal -0.282873 0.959151 0.00363502
  outer loop
    vertex -43.42803230619364 195.2280871442739 156.534857802096
    vertex -44.83930257389995 194.9087913478667 130.9622819188018
    vertex -68.6687512368307 187.8419617752494 141.2663356752386
  endloop
endfacet
facet normal -0.285762 0.958294 -0.00363502
  outer loop
    vertex -44.83930257389995 194.9087913478667 130.9622819188018
    vertex -70.02592491557343 187.3402515203779 115.6937597919443
    vertex -68.6687512368307 187.8419617752494 141.2663356752386
  endloop
endfacet
facet normal -0.289804 0.957079 0.00363502
  outer loop
    vertex -44.83930257389995 194.9087913478667 130.9622819188018
    vertex -46.24822591487358 194.5792938617232 105.3897060355074
    vertex -70.02592491557343 187.3402515203779 115.6937597919443
  endloop
endfacet
facet normal -0.406279 0.913742 0.00363502
  outer loop
    vertex -68.6687512368307 187.8419617752494 141.2663356752386
    vertex -70.02592491557343 187.3402515203779 115.6937597919443
    vertex -92.72210378553389 177.2078200012197 125.9978135483811
  endloop
endfacet
facet normal -0.0784255 0.996491 0.0292488
  outer loop
    vertex 3.675178358715236e-13 200 500
    vertex -15.69181914556858 199.3834667466256 478.93011395722
    vertex -31.28689300804576 197.5376681190276 500
  endloop
endfacet
facet normal -0.156368 0.987266 -0.0292488
  outer loop
    vertex -15.69181914556858 199.3834667466256 478.93011395722
    vertex -46.68907277118063 194.4739840795354 478.93011395722
    vertex -31.28689300804576 197.5376681190276 500
  endloop
endfacet
facet normal -0.156368 0.987266 0.0292488
  outer loop
    vertex -15.69181914556858 199.3834667466256 478.93011395722
    vertex -31.28689300804576 197.5376681190276 457.86022791444
    vertex -46.68907277118063 194.4739840795354 478.93011395722
  endloop
endfacet
facet normal -0.233345 0.971954 0.0292488
  outer loop
    vertex -31.28689300804576 197.5376681190276 500
    vertex -46.68907277118063 194.4739840795354 478.93011395722
    vertex -61.80339887498904 190.2113032590309 500
  endloop
endfacet
facet normal -0.839204 0.543752 -0.00844948
  outer loop
    vertex -175.384764611144 96.12587758919872 441.2166221872899
    vertex -160.0139045466097 119.9814583664847 449.7648761978213
    vertex -158.2546922332305 122.2924870389244 423.761860127267
  endloop
endfacet
facet normal -0.747564 0.664136 0.00844948
  outer loop
    vertex -160.0139045466097 119.9814583664847 449.7648761978213
    vertex -139.3527598221601 143.4601280145371 432.3101141377983
    vertex -158.2546922332305 122.2924870389244 423.761860127267
  endloop
endfacet
facet normal -0.753795 0.657055 -0.00844948
  outer loop
    vertex -160.0139045466097 119.9814583664847 449.7648761978213
    vertex -141.4213562373089 141.4213562373101 458.3131302083526
    vertex -139.3527598221601 143.4601280145371 432.3101141377983
  endloop
endfacet
facet normal -0.744174 0.667932 -0.00844948
  outer loop
    vertex -158.2546922332305 122.2924870389244 423.761860127267
    vertex -139.3527598221601 143.4601280145371 432.3101141377983
    vertex -137.2547750196017 145.4686451931087 406.3070980672441
  endloop
endfacet
facet normal 0.951078 0.308935 0.00321954
  outer loop
    vertex 193.2667767611299 51.45826464586199 156.2596638716061
    vertex 186.9846774436597 70.96992603413462 139.7752336040176
    vertex 186.2901822851752 72.7734016255677 171.879831935805
  endloop
endfacet
facet normal 0.912637 0.408758 -0.00321954
  outer loop
    vertex 186.9846774436597 70.96992603413462 139.7752336040176
    vertex 177.8630024070308 91.45902019350828 155.3954016682166
    vertex 186.2901822851752 72.7734016255677 171.879831935805
  endloop
endfacet
facet normal 0.914461 0.404661 0.00321954
  outer loop
    vertex 186.9846774436597 70.96992603413462 139.7752336040176
    vertex 178.7384457213506 89.73610210565094 123.2908033364292
    vertex 177.8630024070308 91.45902019350828 155.3954016682166
  endloop
endfacet
facet normal 0.910508 0.413478 0.00321954
  outer loop
    vertex 186.2901822851752 72.7734016255677 171.879831935805
    vertex 177.8630024070308 91.45902019350828 155.3954016682166
    vertex 176.9709518119232 93.17339864350741 187.500000000004
  endloop
endfacet
facet normal 0.950411 0.310996 -0.000506858
  outer loop
    vertex 193.2406712604072 51.55621175791752 281.210341347154
    vertex 186.2871952327337 72.78104761764121 265.7671590449405
    vertex 186.3897208887396 72.51808013880219 296.662899187983
  endloop
endfacet
facet normal 0.910103 0.414381 0.000506858
  outer loop
    vertex 186.2871952327337 72.78104761764121 265.7671590449405
    vertex 177.1417179023809 92.84832674094508 281.2197168857695
    vertex 186.3897208887396 72.51808013880219 296.662899187983
  endloop
endfacet
facet normal 0.909809 0.415027 -0.000506858
  outer loop
    vertex 186.2871952327337 72.78104761764121 265.7671590449405
    vertex 177.0105107005535 93.09822286987671 250.323976742727
    vertex 177.1417179023809 92.84832674094508 281.2197168857695
  endloop
endfacet
facet normal 0.910394 0.413743 -0.000506858
  outer loop
    vertex 186.3897208887396 72.51808013880219 296.662899187983
    vertex 177.1417179023809 92.84832674094508 281.2197168857695
    vertex 177.2725723113977 92.59824569666688 312.115457028812
  endloop
endfacet
facet normal 0.860148 0.510033 -0.00333577
  outer loop
    vertex 176.9709518119232 93.17339864350741 187.500000000004
    vertex 177.8630024070308 91.45902019350828 155.3954016682166
    vertex 166.1032626336321 111.3988605976859 171.8394117774766
  endloop
endfacet
facet normal 0.862556 0.505951 0.00333577
  outer loop
    vertex 177.8630024070308 91.45902019350828 155.3954016682166
    vertex 167.1719289363106 109.7886432000738 139.7348134456892
    vertex 166.1032626336321 111.3988605976859 171.8394117774766
  endloop
endfacet
facet normal 0.865037 0.501698 -0.00333577
  outer loop
    vertex 177.8630024070308 91.45902019350828 155.3954016682166
    vertex 178.7384457213506 89.73610210565094 123.2908033364292
    vertex 167.1719289363106 109.7886432000738 139.7348134456892
  endloop
endfacet
facet normal 0.80127 0.598294 -0.00333577
  outer loop
    vertex 166.1032626336321 111.3988605976859 171.8394117774766
    vertex 167.1719289363106 109.7886432000738 139.7348134456892
    vertex 153.3657733972195 128.3703219216682 156.1788235549491
  endloop
endfacet
facet normal 0.859952 0.510374 0.000488945
  outer loop
    vertex 177.2725723113977 92.59824569666688 312.115457028812
    vertex 177.1417179023809 92.84832674094508 281.2197168857695
    vertex 166.2802400622698 111.1345210311986 296.670408747023
  endloop
endfacet
facet normal 0.85959 0.510985 -0.000488945
  outer loop
    vertex 177.1417179023809 92.84832674094508 281.2197168857695
    vertex 166.1232375594062 111.3690708535412 265.7746686039804
    vertex 166.2802400622698 111.1345210311986 296.670408747023
  endloop
endfacet
facet normal 0.859231 0.511587 0.000488945
  outer loop
    vertex 177.1417179023809 92.84832674094508 281.2197168857695
    vertex 177.0105107005535 93.09822286987671 250.323976742727
    vertex 166.1232375594062 111.3690708535412 265.7746686039804
  endloop
endfacet
facet normal 0.800046 0.599939 0.000488945
  outer loop
    vertex 166.2802400622698 111.1345210311986 296.670408747023
    vertex 166.1232375594062 111.3690708535412 265.7746686039804
    vertex 153.3572908348249 128.3804554743554 281.225360465234
  endloop
endfacet
facet normal -0.649164 0.760074 0.0295663
  outer loop
    vertex -117.557050458494 161.8033988749899 500
    vertex -129.8896096660361 152.0811931200067 479.1565651041763
    vertex -141.4213562373089 141.4213562373101 500
  endloop
endfacet
facet normal -0.706798 0.706798 -0.0295663
  outer loop
    vertex -129.8896096660361 152.0811931200067 479.1565651041763
    vertex -152.0811931200055 129.8896096660375 479.1565651041763
    vertex -141.4213562373089 141.4213562373101 500
  endloop
endfacet
facet normal -0.706798 0.706798 0.0295663
  outer loop
    vertex -129.8896096660361 152.0811931200067 479.1565651041763
    vertex -141.4213562373089 141.4213562373101 458.3131302083526
    vertex -152.0811931200055 129.8896096660375 479.1565651041763
  endloop
endfacet
facet normal -0.760074 0.649164 0.0295663
  outer loop
    vertex -141.4213562373089 141.4213562373101 500
    vertex -152.0811931200055 129.8896096660375 479.1565651041763
    vertex -161.8033988749889 117.5570504584954 500
  endloop
endfacet
facet normal -0.519609 0.854383 0.00604843
  outer loop
    vertex -92.72210378553389 177.2078200012197 125.9978135483811
    vertex -113.8734733565964 164.4166416933047 115.7682657117413
    vertex -115.8336381145307 163.0416151819895 141.6064363009384
  endloop
endfacet
facet normal -0.626477 0.779416 -0.00604843
  outer loop
    vertex -113.8734733565964 164.4166416933047 115.7682657117413
    vertex -135.0610180611356 147.5076994610438 131.3768884642986
    vertex -115.8336381145307 163.0416151819895 141.6064363009384
  endloop
endfacet
facet normal -0.621033 0.783761 0.00604843
  outer loop
    vertex -113.8734733565964 164.4166416933047 115.7682657117413
    vertex -133.2854407751759 149.1140210622968 105.5387178751014
    vertex -135.0610180611356 147.5076994610438 131.3768884642986
  endloop
endfacet
facet normal -0.630371 0.77627 0.00604843
  outer loop
    vertex -115.8336381145307 163.0416151819895 141.6064363009384
    vertex -135.0610180611356 147.5076994610438 131.3768884642986
    vertex -136.8172379164927 145.8802365260689 157.2150590534958
  endloop
endfacet
facet normal 0.944641 0.327756 -0.015172
  outer loop
    vertex 190.2113032590308 61.80339887498939 500
    vertex 192.6582978347472 53.69152889812179 477.1167510283369
    vertex 184.2040465559018 77.90294752081694 473.769124159494
  endloop
endfacet
facet normal 0.943335 0.331496 0.015172
  outer loop
    vertex 192.6582978347472 53.69152889812179 477.1167510283369
    vertex 187.3383290744124 70.03106781712795 450.8858751878309
    vertex 184.2040465559018 77.90294752081694 473.769124159494
  endloop
endfacet
facet normal 0.957675 0.287452 -0.015172
  outer loop
    vertex 192.6582978347472 53.69152889812179 477.1167510283369
    vertex 194.7595178853729 45.48329575852103 454.2335020566738
    vertex 187.3383290744124 70.03106781712795 450.8858751878309
  endloop
endfacet
facet normal 0.913019 0.407634 -0.015172
  outer loop
    vertex 184.2040465559018 77.90294752081694 473.769124159494
    vertex 187.3383290744124 70.03106781712795 450.8858751878309
    vertex 176.8369836092311 93.42741154494499 447.5382483189881
  endloop
endfacet
facet normal -0.944641 0.327756 0.015172
  outer loop
    vertex -190.2113032590304 61.80339887499044 0
    vertex -192.6582978347449 53.69152889812986 22.88324897166526
    vertex -184.2040465559045 77.90294752081059 26.23087584051046
  endloop
endfacet
facet normal -0.943335 0.331496 -0.015172
  outer loop
    vertex -192.6582978347449 53.69152889812986 22.88324897166526
    vertex -187.3383290744123 70.0310678171283 49.11412481217572
    vertex -184.2040465559045 77.90294752081059 26.23087584051046
  endloop
endfacet
facet normal -0.957675 0.287452 0.015172
  outer loop
    vertex -192.6582978347449 53.69152889812986 22.88324897166526
    vertex -194.7595178853694 45.48329575853628 45.76649794333051
    vertex -187.3383290744123 70.0310678171283 49.11412481217572
  endloop
endfacet
facet normal -0.913019 0.407634 0.015172
  outer loop
    vertex -184.2040465559045 77.90294752081059 26.23087584051046
    vertex -187.3383290744123 70.0310678171283 49.11412481217572
    vertex -176.8369836092381 93.42741154493177 52.46175168102093
  endloop
endfacet
facet normal 0.998357 0.0572928 0.000847459
  outer loop
    vertex 200 -4.898587196589413e-14 62.49999999999979
    vertex 198.7013668932084 22.75448955196697 54.04152308042509
    vertex 198.6602224369177 23.11095024689326 78.41348031922405
  endloop
endfacet
facet normal 0.985157 0.171654 -0.000847459
  outer loop
    vertex 198.7013668932084 22.75448955196697 54.04152308042509
    vertex 194.7408993479771 45.56294680045455 69.95500339964934
    vertex 198.6602224369177 23.11095024689326 78.41348031922405
  endloop
endfacet
facet normal 0.985356 0.170506 0.000847459
  outer loop
    vertex 198.7013668932084 22.75448955196697 54.04152308042509
    vertex 194.8223320522943 45.21348176933072 45.58304616085039
    vertex 194.7408993479771 45.56294680045455 69.95500339964934
  endloop
endfacet
facet normal 0.985049 0.172274 0.000847459
  outer loop
    vertex 198.6602224369177 23.11095024689326 78.41348031922405
    vertex 194.7408993479771 45.56294680045455 69.95500339964934
    vertex 194.6588397868562 45.91226516776359 94.3269606384483
  endloop
endfacet
facet normal 0.51686 0.855332 -0.0355321
  outer loop
    vertex 90.79809994790956 178.2013048376735 54.13451712169164
    vertex 106.0058599705571 169.5958656686614 68.20014310350206
    vertex 117.5570504584948 161.8033988749893 48.6461564171389
  endloop
endfacet
facet normal 0.599534 0.79956 0.0355321
  outer loop
    vertex 106.0058599705571 169.5958656686614 68.20014310350206
    vertex 131.231390446592 150.9248891384524 62.71178239894932
    vertex 117.5570504584948 161.8033988749893 48.6461564171389
  endloop
endfacet
facet normal 0.589545 0.806953 -0.0355321
  outer loop
    vertex 106.0058599705571 169.5958656686614 68.20014310350206
    vertex 120.4044519599258 159.6958607736278 82.26576908531248
    vertex 131.231390446592 150.9248891384524 62.71178239894932
  endloop
endfacet
facet normal 0.6443 0.763947 -0.0355321
  outer loop
    vertex 117.5570504584948 161.8033988749893 48.6461564171389
    vertex 131.231390446592 150.9248891384524 62.71178239894932
    vertex 141.4213562373097 141.4213562373093 43.15779571258615
  endloop
endfacet
facet normal -0.998054 0.0618233 -0.00807693
  outer loop
    vertex -200 0 437.4999999999998
    vertex -198.6009212767623 23.61512371386701 445.3754315100553
    vertex -198.2178172368401 26.64013757214228 421.1902357494246
  endloop
endfacet
facet normal -0.981956 0.188936 0.00807693
  outer loop
    vertex -198.6009212767623 23.61512371386701 445.3754315100553
    vertex -193.6856548609238 49.85847070553901 429.0656672594801
    vertex -198.2178172368401 26.64013757214228 421.1902357494246
  endloop
endfacet
facet normal -0.983773 0.179237 -0.00807693
  outer loop
    vertex -198.6009212767623 23.61512371386701 445.3754315100553
    vertex -194.4232593197876 46.89985325638703 453.2508630201107
    vertex -193.6856548609238 49.85847070553901 429.0656672594801
  endloop
endfacet
facet normal -0.980926 0.194214 -0.00807693
  outer loop
    vertex -198.2178172368401 26.64013757214228 421.1902357494246
    vertex -193.6856548609238 49.85847070553901 429.0656672594801
    vertex -192.9030307013733 52.80549920439172 404.8804714988493
  endloop
endfacet
facet normal 0.975202 0.220085 -0.0233364
  outer loop
    vertex 190.3333622877425 61.4264698663612 404.9794362417045
    vertex 192.7113846926657 53.50067485401863 429.6064691491892
    vertex 197.5685608308524 31.09121694668373 421.2397181208522
  endloop
endfacet
facet normal 0.978809 0.203441 0.0233364
  outer loop
    vertex 192.7113846926657 53.50067485401863 429.6064691491892
    vertex 198.685560090655 22.89209932406167 445.8667510283368
    vertex 197.5685608308524 31.09121694668373 421.2397181208522
  endloop
endfacet
facet normal 0.983471 0.179557 -0.0233364
  outer loop
    vertex 192.7113846926657 53.50067485401863 429.6064691491892
    vertex 194.7595178853729 45.48329575852103 454.2335020566738
    vertex 198.685560090655 22.89209932406167 445.8667510283368
  endloop
endfacet
facet normal 0.997559 0.0658079 -0.0233364
  outer loop
    vertex 197.5685608308524 31.09121694668373 421.2397181208522
    vertex 198.685560090655 22.89209932406167 445.8667510283368
    vertex 200 -4.898587196589413e-14 437.4999999999998
  endloop
endfacet
facet normal -0.981499 0.191263 0.00886731
  outer loop
    vertex -193.0848834232613 52.13662621828894 94.24454258060409
    vertex -193.9507324249234 48.8171423972746 70.00552026196731
    vertex -198.2636838715707 26.29660924290175 78.37227129030194
  endloop
endfacet
facet normal -0.982716 0.184908 -0.00886731
  outer loop
    vertex -193.9507324249234 48.8171423972746 70.00552026196731
    vertex -198.6855600906541 22.89209932406953 54.13324897166515
    vertex -198.2636838715707 26.29660924290175 78.37227129030194
  endloop
endfacet
facet normal -0.984635 0.1744 0.00886731
  outer loop
    vertex -193.9507324249234 48.8171423972746 70.00552026196731
    vertex -194.7595178853694 45.48329575853628 45.76649794333051
    vertex -198.6855600906541 22.89209932406953 54.13324897166515
  endloop
endfacet
facet normal -0.998126 0.0605522 0.00886731
  outer loop
    vertex -198.2636838715707 26.29660924290175 78.37227129030194
    vertex -198.6855600906541 22.89209932406953 54.13324897166515
    vertex -200 0 62.49999999999979
  endloop
endfacet
facet normal 0.726122 0.687354 0.0170642
  outer loop
    vertex 153.3920106442268 128.3389694150666 93.63598937734297
    vertex 137.7931035739995 144.9588238343739 87.95087923132772
    vertex 133.6454779693316 148.7914184969984 110.0634929255874
  endloop
endfacet
facet normal 0.627975 0.778047 -0.0170642
  outer loop
    vertex 137.7931035739995 144.9588238343739 87.95087923132772
    vertex 115.8476801017921 163.0316380799532 104.3783827795722
    vertex 133.6454779693316 148.7914184969984 110.0634929255874
  endloop
endfacet
facet normal 0.643198 0.76551 0.0170642
  outer loop
    vertex 137.7931035739995 144.9588238343739 87.95087923132772
    vertex 120.4044519599258 159.6958607736278 82.26576908531248
    vertex 115.8476801017921 163.0316380799532 104.3783827795722
  endloop
endfacet
facet normal 0.621328 0.783365 0.0170642
  outer loop
    vertex 133.6454779693316 148.7914184969984 110.0634929255874
    vertex 115.8476801017921 163.0316380799532 104.3783827795722
    vertex 111.198544104701 166.2374319730513 126.4909964738319
  endloop
endfacet
facet normal -0.911857 0.410429 -0.00800969
  outer loop
    vertex -176.8369836092381 93.42741154493177 52.46175168102093
    vertex -187.3383290744123 70.0310678171283 49.11412481217572
    vertex -186.1095891280868 73.23401419132179 73.35314713081252
  endloop
endfacet
facet normal -0.952398 0.304751 0.00800969
  outer loop
    vertex -187.3383290744123 70.0310678171283 49.11412481217572
    vertex -193.9507324249234 48.8171423972746 70.00552026196731
    vertex -186.1095891280868 73.23401419132179 73.35314713081252
  endloop
endfacet
facet normal -0.95688 0.290373 -0.00800969
  outer loop
    vertex -187.3383290744123 70.0310678171283 49.11412481217572
    vertex -194.7595178853694 45.48329575853628 45.76649794333051
    vertex -193.9507324249234 48.8171423972746 70.00552026196731
  endloop
endfacet
facet normal -0.951759 0.306742 -0.00800969
  outer loop
    vertex -186.1095891280868 73.23401419132179 73.35314713081252
    vertex -193.9507324249234 48.8171423972746 70.00552026196731
    vertex -193.0848834232613 52.13662621828894 94.24454258060409
  endloop
endfacet
facet normal 0.911391 0.411258 0.0152683
  outer loop
    vertex 176.8369836092311 93.42741154494499 447.5382483189881
    vertex 187.3383290744124 70.03106781712795 450.8858751878309
    vertex 184.281118928676 77.72045552102203 426.2588422803463
  endloop
endfacet
facet normal 0.944967 0.326808 -0.0152683
  outer loop
    vertex 187.3383290744124 70.03106781712795 450.8858751878309
    vertex 192.7113846926657 53.50067485401863 429.6064691491892
    vertex 184.281118928676 77.72045552102203 426.2588422803463
  endloop
endfacet
facet normal 0.956524 0.291255 0.0152683
  outer loop
    vertex 187.3383290744124 70.03106781712795 450.8858751878309
    vertex 194.7595178853729 45.48329575852103 454.2335020566738
    vertex 192.7113846926657 53.50067485401863 429.6064691491892
  endloop
endfacet
facet normal 0.943657 0.330572 0.0152683
  outer loop
    vertex 184.281118928676 77.72045552102203 426.2588422803463
    vertex 192.7113846926657 53.50067485401863 429.6064691491892
    vertex 190.3333622877425 61.4264698663612 404.9794362417045
  endloop
endfacet
facet normal 0.958039 0.286636 -0.000882618
  outer loop
    vertex 194.6588397868562 45.91226516776359 94.3269606384483
    vertex 194.7408993479771 45.56294680045455 69.95500339964934
    vertex 187.7760804877287 68.84870076236757 72.19582206986803
  endloop
endfacet
facet normal 0.958086 0.286481 0.000882618
  outer loop
    vertex 194.7408993479771 45.56294680045455 69.95500339964934
    vertex 187.8993022160443 68.51169408738663 47.82386483106908
    vertex 187.7760804877287 68.84870076236757 72.19582206986803
  endloop
endfacet
facet normal 0.958552 0.284917 -0.000882618
  outer loop
    vertex 194.7408993479771 45.56294680045455 69.95500339964934
    vertex 194.8223320522943 45.21348176933072 45.58304616085039
    vertex 187.8993022160443 68.51169408738663 47.82386483106908
  endloop
endfacet
facet normal 0.916913 0.399086 -0.000882618
  outer loop
    vertex 187.7760804877287 68.84870076236757 72.19582206986803
    vertex 187.8993022160443 68.51169408738663 47.82386483106908
    vertex 178.2013048376737 90.79809994790921 50.06468350128777
  endloop
endfacet
facet normal 0.917378 0.397759 0.0143332
  outer loop
    vertex 178.2013048376737 90.79809994790921 50.06468350128777
    vertex 187.8993022160443 68.51169408738663 47.82386483106908
    vertex 184.7759065022574 76.53668647301784 25.03234175064388
  endloop
endfacet
facet normal 0.944897 0.327055 -0.0143332
  outer loop
    vertex 187.8993022160443 68.51169408738663 47.82386483106908
    vertex 192.6954369404132 53.55808605937332 22.7915230804252
    vertex 184.7759065022574 76.53668647301784 25.03234175064388
  endloop
endfacet
facet normal 0.958852 0.283543 0.0143332
  outer loop
    vertex 187.8993022160443 68.51169408738663 47.82386483106908
    vertex 194.8223320522943 45.21348176933072 45.58304616085039
    vertex 192.6954369404132 53.55808605937332 22.7915230804252
  endloop
endfacet
facet normal 0.945758 0.324556 0.0143332
  outer loop
    vertex 184.7759065022574 76.53668647301784 25.03234175064388
    vertex 192.6954369404132 53.55808605937332 22.7915230804252
    vertex 190.2113032590308 61.80339887498939 0
  endloop
endfacet
facet normal 0.823542 0.567177 -0.00943432
  outer loop
    vertex 161.7231992848961 117.6673566162586 398.7525501830593
    vertex 170.1527220620629 105.1097101835524 379.6366422849616
    vertex 157.9425306546052 122.6953830036774 371.0073486060592
  endloop
endfacet
facet normal 0.819204 0.573424 0.00943432
  outer loop
    vertex 170.1527220620629 105.1097101835524 379.6366422849616
    vertex 166.7628245605436 110.4090591599682 351.8914407079614
    vertex 157.9425306546052 122.6953830036774 371.0073486060592
  endloop
endfacet
facet normal 0.864048 0.503321 -0.00943432
  outer loop
    vertex 170.1527220620629 105.1097101835524 379.6366422849616
    vertex 177.6091782675645 91.95096407934219 360.5207343868638
    vertex 166.7628245605436 110.4090591599682 351.8914407079614
  endloop
endfacet
facet normal 0.805297 0.592797 -0.00943432
  outer loop
    vertex 157.9425306546052 122.6953830036774 371.0073486060592
    vertex 166.7628245605436 110.4090591599682 351.8914407079614
    vertex 154.0055995889898 127.6020191659824 343.2621470290591
  endloop
endfacet
facet normal 0.91171 0.410833 -0.000859957
  outer loop
    vertex 177.2725723113977 92.59824569666688 312.115457028812
    vertex 177.4411704393042 92.27475837481117 336.3180957078379
    vertex 186.7152864104664 71.67567105132331 327.6123303038058
  endloop
endfacet
facet normal 0.911982 0.410229 0.000859957
  outer loop
    vertex 177.4411704393042 92.27475837481117 336.3180957078379
    vertex 186.8457074570556 71.33499565341268 351.8149689828317
    vertex 186.7152864104664 71.67567105132331 327.6123303038058
  endloop
endfacet
facet normal 0.912458 0.40917 -0.000859957
  outer loop
    vertex 177.4411704393042 92.27475837481117 336.3180957078379
    vertex 177.6091782675645 91.95096407934219 360.5207343868638
    vertex 186.8457074570556 71.33499565341268 351.8149689828317
  endloop
endfacet
facet normal 0.95278 0.30366 -0.000859957
  outer loop
    vertex 186.7152864104664 71.67567105132331 327.6123303038058
    vertex 186.8457074570556 71.33499565341268 351.8149689828317
    vertex 193.6984048059392 49.80891462012087 343.1092035787996
  endloop
endfacet
facet normal 0.80288 0.59614 0.000797815
  outer loop
    vertex 154.0055995889898 127.6020191659824 343.2621470290591
    vertex 166.7628245605436 110.4090591599682 351.8914407079614
    vertex 166.5611684447743 110.7130397302483 327.6888020289356
  endloop
endfacet
facet normal 0.861403 0.507921 -0.000797815
  outer loop
    vertex 166.7628245605436 110.4090591599682 351.8914407079614
    vertex 177.4411704393042 92.27475837481117 336.3180957078379
    vertex 166.5611684447743 110.7130397302483 327.6888020289356
  endloop
endfacet
facet normal 0.862003 0.506903 0.000797815
  outer loop
    vertex 166.7628245605436 110.4090591599682 351.8914407079614
    vertex 177.6091782675645 91.95096407934219 360.5207343868638
    vertex 177.4411704393042 92.27475837481117 336.3180957078379
  endloop
endfacet
facet normal 0.861077 0.508475 0.000797815
  outer loop
    vertex 166.5611684447743 110.7130397302483 327.6888020289356
    vertex 177.4411704393042 92.27475837481117 336.3180957078379
    vertex 177.2725723113977 92.59824569666688 312.115457028812
  endloop
endfacet
facet normal 0.69563 0.718275 0.0134139
  outer loop
    vertex 141.4213562373097 141.4213562373093 43.15779571258615
    vertex 131.231390446592 150.9248891384524 62.71178239894932
    vertex 147.551745276864 135.0128974052163 68.39689254496456
  endloop
endfacet
facet normal 0.700421 0.713604 -0.0134139
  outer loop
    vertex 131.231390446592 150.9248891384524 62.71178239894932
    vertex 137.7931035739995 144.9588238343739 87.95087923132772
    vertex 147.551745276864 135.0128974052163 68.39689254496456
  endloop
endfacet
facet normal 0.64393 0.764967 0.0134139
  outer loop
    vertex 131.231390446592 150.9248891384524 62.71178239894932
    vertex 120.4044519599258 159.6958607736278 82.26576908531248
    vertex 137.7931035739995 144.9588238343739 87.95087923132772
  endloop
endfacet
facet normal 0.726788 0.686731 0.0134139
  outer loop
    vertex 147.551745276864 135.0128974052163 68.39689254496456
    vertex 137.7931035739995 144.9588238343739 87.95087923132772
    vertex 153.3920106442268 128.3389694150666 93.63598937734297
  endloop
endfacet
facet normal 0 0 1
  outer loop
    vertex 61.80339887498975 190.2113032590306 500
    vertex 31.28689300804649 197.5376681190275 500
    vertex 46.53003542751867 183.738349400614 500
  endloop
endfacet
facet normal 0 0 1
  outer loop
    vertex 31.28689300804649 197.5376681190275 500
    vertex 15.62833599002398 188.6326977710987 500
    vertex 46.53003542751867 183.738349400614 500
  endloop
endfacet
facet normal 0 0 1
  outer loop
    vertex 31.28689300804649 197.5376681190275 500
    vertex 3.675178358715236e-13 200 500
    vertex 15.62833599002398 188.6326977710987 500
  endloop
endfacet
facet normal 0 0 1
  outer loop
    vertex 46.53003542751867 183.738349400614 500
    vertex 15.62833599002398 188.6326977710987 500
    vertex 31.2566719800476 177.2653955421974 500
  endloop
endfacet
facet normal -0 0 1
  outer loop
    vertex -61.80339887498904 190.2113032590309 500
    vertex -46.53003542751805 183.7383494006142 500
    vertex -31.28689300804576 197.5376681190276 500
  endloop
endfacet
facet normal 0 0 1
  outer loop
    vertex -46.53003542751805 183.7383494006142 500
    vertex -15.62833599002335 188.6326977710988 500
    vertex -31.28689300804576 197.5376681190276 500
  endloop
endfacet
facet normal -0 0 1
  outer loop
    vertex -46.53003542751805 183.7383494006142 500
    vertex -31.25667198004706 177.2653955421975 500
    vertex -15.62833599002335 188.6326977710988 500
  endloop
endfacet
facet normal -0 0 1
  outer loop
    vertex -31.28689300804576 197.5376681190276 500
    vertex -15.62833599002335 188.6326977710988 500
    vertex 3.675178358715236e-13 200 500
  endloop
endfacet
facet normal 0 0 1
  outer loop
    vertex 200 -4.89858719658941e-14 500
    vertex 197.5376681190276 31.28689300804612 500
    vertex 190 0 500
  endloop
endfacet
facet normal 0 0 1
  outer loop
    vertex 197.5376681190276 31.28689300804612 500
    vertex 185.1056516295154 30.9016994374947 500
    vertex 190 0 500
  endloop
endfacet
facet normal 0 0 1
  outer loop
    vertex 197.5376681190276 31.28689300804612 500
    vertex 190.2113032590308 61.80339887498939 500
    vertex 185.1056516295154 30.9016994374947 500
  endloop
endfacet
facet normal 0 0 1
  outer loop
    vertex 190 0 500
    vertex 185.1056516295154 30.9016994374947 500
    vertex 180 -4.40872847693047e-14 500
  endloop
endfacet
facet normal -0 0 1
  outer loop
    vertex -200 2.44929359829471e-14 500
    vertex -190 0 500
    vertex -197.5376681190274 31.28689300804698 500
  endloop
endfacet
facet normal 0 -0 1
  outer loop
    vertex -190 0 500
    vertex -185.1056516295152 30.90169943749551 500
    vertex -197.5376681190274 31.28689300804698 500
  endloop
endfacet
facet normal 0 0 1
  outer loop
    vertex -190 0 500
    vertex -180 2.20436423846524e-14 500
    vertex -185.1056516295152 30.90169943749551 500
  endloop
endfacet
facet normal -0 0 1
  outer loop
    vertex -197.5376681190274 31.28689300804698 500
    vertex -185.1056516295152 30.90169943749551 500
    vertex -190.2113032590304 61.80339887499044 500
  endloop
endfacet
facet normal 0 0 1
  outer loop
    vertex 190.2113032590308 61.80339887498939 500
    vertex 179.6779875002471 61.68351233680487 500
    vertex 185.1056516295154 30.9016994374947 500
  endloop
endfacet
facet normal 0 0 1
  outer loop
    vertex 179.6779875002471 61.68351233680487 500
    vertex 177.2653955421974 31.25667198004745 500
    vertex 185.1056516295154 30.9016994374947 500
  endloop
endfacet
facet normal 0 0 1
  outer loop
    vertex 179.6779875002471 61.68351233680487 500
    vertex 169.1446717414635 61.56362579862035 500
    vertex 177.2653955421974 31.25667198004745 500
  endloop
endfacet
facet normal 0 0 1
  outer loop
    vertex 185.1056516295154 30.9016994374947 500
    vertex 177.2653955421974 31.25667198004745 500
    vertex 180 -4.40872847693047e-14 500
  endloop
endfacet
facet normal 0 0 1
  outer loop
    vertex -190.2113032590304 61.80339887499044 500
    vertex -185.1056516295152 30.90169943749551 500
    vertex -179.6779875002468 61.68351233680579 500
  endloop
endfacet
facet normal 0 0 1
  outer loop
    vertex -185.1056516295152 30.90169943749551 500
    vertex -177.2653955421973 31.25667198004816 500
    vertex -179.6779875002468 61.68351233680579 500
  endloop
endfacet
facet normal -0 0 1
  outer loop
    vertex -185.1056516295152 30.90169943749551 500
    vertex -180 2.20436423846524e-14 500
    vertex -177.2653955421973 31.25667198004816 500
  endloop
endfacet
facet normal 0 0 1
  outer loop
    vertex -179.6779875002468 61.68351233680579 500
    vertex -177.2653955421973 31.25667198004816 500
    vertex -169.1446717414632 61.56362579862115 500
  endloop
endfacet
facet normal 0 0 1
  outer loop
    vertex 161.8033988749896 117.5570504584944 500
    vertex 165.4740353082266 89.56033812855739 500
    vertex 178.2013048376737 90.79809994790919 500
  endloop
endfacet
facet normal -0 0 1
  outer loop
    vertex 165.4740353082266 89.56033812855739 500
    vertex 179.6779875002471 61.68351233680487 500
    vertex 178.2013048376737 90.79809994790919 500
  endloop
endfacet
facet normal 0 0 1
  outer loop
    vertex 165.4740353082266 89.56033812855739 500
    vertex 169.1446717414635 61.56362579862035 500
    vertex 179.6779875002471 61.68351233680487 500
  endloop
endfacet
facet normal 0 0 1
  outer loop
    vertex 178.2013048376737 90.79809994790919 500
    vertex 179.6779875002471 61.68351233680487 500
    vertex 190.2113032590308 61.80339887498939 500
  endloop
endfacet
facet normal 0 0 1
  outer loop
    vertex 117.5570504584948 161.8033988749893 500
    vertex 127.7225251099555 138.7525843092832 500
    vertex 141.4213562373097 141.4213562373093 500
  endloop
endfacet
facet normal -0 0 1
  outer loop
    vertex 127.7225251099555 138.7525843092832 500
    vertex 149.8456993182028 116.6294101010357 500
    vertex 141.4213562373097 141.4213562373093 500
  endloop
endfacet
facet normal 0 0 1
  outer loop
    vertex 127.7225251099555 138.7525843092832 500
    vertex 137.8879997614161 115.701769743577 500
    vertex 149.8456993182028 116.6294101010357 500
  endloop
endfacet
facet normal 0 0 1
  outer loop
    vertex 141.4213562373097 141.4213562373093 500
    vertex 149.8456993182028 116.6294101010357 500
    vertex 161.8033988749896 117.5570504584944 500
  endloop
endfacet
facet normal 0 0 1
  outer loop
    vertex 161.8033988749896 117.5570504584944 500
    vertex 149.8456993182028 116.6294101010357 500
    vertex 165.4740353082266 89.56033812855739 500
  endloop
endfacet
facet normal 0 0 1
  outer loop
    vertex 149.8456993182028 116.6294101010357 500
    vertex 155.884572681199 89.99999999999997 500
    vertex 165.4740353082266 89.56033812855739 500
  endloop
endfacet
facet normal 0 0 1
  outer loop
    vertex 149.8456993182028 116.6294101010357 500
    vertex 137.8879997614161 115.701769743577 500
    vertex 155.884572681199 89.99999999999997 500
  endloop
endfacet
facet normal 0 0 1
  outer loop
    vertex 165.4740353082266 89.56033812855739 500
    vertex 155.884572681199 89.99999999999997 500
    vertex 169.1446717414635 61.56362579862035 500
  endloop
endfacet
facet normal 0 0 1
  outer loop
    vertex 117.5570504584948 161.8033988749893 500
    vertex 90.79809994790961 178.2013048376734 500
    vertex 103.7785252292474 158.8439857780942 500
  endloop
endfacet
facet normal 0 0 1
  outer loop
    vertex 90.79809994790961 178.2013048376734 500
    vertex 75.90169943749488 173.0479379701148 500
    vertex 103.7785252292474 158.8439857780942 500
  endloop
endfacet
facet normal 0 0 1
  outer loop
    vertex 90.79809994790961 178.2013048376734 500
    vertex 61.80339887498975 190.2113032590306 500
    vertex 75.90169943749488 173.0479379701148 500
  endloop
endfacet
facet normal 0 0 1
  outer loop
    vertex 103.7785252292474 158.8439857780942 500
    vertex 75.90169943749488 173.0479379701148 500
    vertex 90.00000000000001 155.884572681199 500
  endloop
endfacet
facet normal -0 0 1
  outer loop
    vertex 90.00000000000001 155.884572681199 500
    vertex 115.7017697435771 137.887999761416 500
    vertex 103.7785252292474 158.8439857780942 500
  endloop
endfacet
facet normal 0 -0 1
  outer loop
    vertex 115.7017697435771 137.887999761416 500
    vertex 127.7225251099555 138.7525843092832 500
    vertex 103.7785252292474 158.8439857780942 500
  endloop
endfacet
facet normal -0 0 1
  outer loop
    vertex 115.7017697435771 137.887999761416 500
    vertex 137.8879997614161 115.701769743577 500
    vertex 127.7225251099555 138.7525843092832 500
  endloop
endfacet
facet normal -0 0 1
  outer loop
    vertex 103.7785252292474 158.8439857780942 500
    vertex 127.7225251099555 138.7525843092832 500
    vertex 117.5570504584948 161.8033988749893 500
  endloop
endfacet
facet normal 0 0 1
  outer loop
    vertex 90.00000000000001 155.884572681199 500
    vertex 75.90169943749488 173.0479379701148 500
    vertex 61.56362579862047 169.1446717414635 500
  endloop
endfacet
facet normal 0 0 1
  outer loop
    vertex 75.90169943749488 173.0479379701148 500
    vertex 46.53003542751867 183.738349400614 500
    vertex 61.56362579862047 169.1446717414635 500
  endloop
endfacet
facet normal 0 0 1
  outer loop
    vertex 75.90169943749488 173.0479379701148 500
    vertex 61.80339887498975 190.2113032590306 500
    vertex 46.53003542751867 183.738349400614 500
  endloop
endfacet
facet normal 0 0 1
  outer loop
    vertex 61.56362579862047 169.1446717414635 500
    vertex 46.53003542751867 183.738349400614 500
    vertex 31.2566719800476 177.2653955421974 500
  endloop
endfacet
facet normal 0 0 1
  outer loop
    vertex 3.675178358715236e-13 200 500
    vertex -15.62833599002335 188.6326977710988 500
    vertex 15.62833599002398 188.6326977710987 500
  endloop
endfacet
facet normal 0 0 1
  outer loop
    vertex -15.62833599002335 188.6326977710988 500
    vertex 2.5082999451136e-13 180 500
    vertex 15.62833599002398 188.6326977710987 500
  endloop
endfacet
facet normal 0 0 1
  outer loop
    vertex -15.62833599002335 188.6326977710988 500
    vertex -31.25667198004706 177.2653955421975 500
    vertex 2.5082999451136e-13 180 500
  endloop
endfacet
facet normal 0 0 1
  outer loop
    vertex 15.62833599002398 188.6326977710987 500
    vertex 2.5082999451136e-13 180 500
    vertex 31.2566719800476 177.2653955421974 500
  endloop
endfacet
facet normal -0 0 1
  outer loop
    vertex -117.557050458494 161.8033988749899 500
    vertex -103.7785252292468 158.8439857780946 500
    vertex -90.79809994790887 178.2013048376738 500
  endloop
endfacet
facet normal 0 0 1
  outer loop
    vertex -103.7785252292468 158.8439857780946 500
    vertex -75.90169943749426 173.0479379701151 500
    vertex -90.79809994790887 178.2013048376738 500
  endloop
endfacet
facet normal -0 0 1
  outer loop
    vertex -103.7785252292468 158.8439857780946 500
    vertex -89.99999999999947 155.8845726811992 500
    vertex -75.90169943749426 173.0479379701151 500
  endloop
endfacet
facet normal -0 0 1
  outer loop
    vertex -90.79809994790887 178.2013048376738 500
    vertex -75.90169943749426 173.0479379701151 500
    vertex -61.80339887498904 190.2113032590309 500
  endloop
endfacet
facet normal 0 0 1
  outer loop
    vertex -61.80339887498904 190.2113032590309 500
    vertex -75.90169943749426 173.0479379701151 500
    vertex -46.53003542751805 183.7383494006142 500
  endloop
endfacet
facet normal -0 0 1
  outer loop
    vertex -75.90169943749426 173.0479379701151 500
    vertex -61.56362579861988 169.1446717414637 500
    vertex -46.53003542751805 183.7383494006142 500
  endloop
endfacet
facet normal 0 0 1
  outer loop
    vertex -75.90169943749426 173.0479379701151 500
    vertex -89.99999999999947 155.8845726811992 500
    vertex -61.56362579861988 169.1446717414637 500
  endloop
endfacet
facet normal 0 0 1
  outer loop
    vertex -46.53003542751805 183.7383494006142 500
    vertex -61.56362579861988 169.1446717414637 500
    vertex -31.25667198004706 177.2653955421975 500
  endloop
endfacet
facet normal 0 0 1
  outer loop
    vertex -117.557050458494 161.8033988749899 500
    vertex -141.4213562373089 141.4213562373101 500
    vertex -127.7225251099548 138.7525843092838 500
  endloop
endfacet
facet normal 0 0 1
  outer loop
    vertex -141.4213562373089 141.4213562373101 500
    vertex -149.8456993182022 116.6294101010365 500
    vertex -127.7225251099548 138.7525843092838 500
  endloop
endfacet
facet normal 0 0 1
  outer loop
    vertex -141.4213562373089 141.4213562373101 500
    vertex -161.8033988749889 117.5570504584954 500
    vertex -149.8456993182022 116.6294101010365 500
  endloop
endfacet
facet normal 0 0 1
  outer loop
    vertex -127.7225251099548 138.7525843092838 500
    vertex -149.8456993182022 116.6294101010365 500
    vertex -137.8879997614156 115.7017697435777 500
  endloop
endfacet
facet normal 0 0 1
  outer loop
    vertex -137.8879997614156 115.7017697435777 500
    vertex -115.7017697435766 137.8879997614165 500
    vertex -127.7225251099548 138.7525843092838 500
  endloop
endfacet
facet normal 0 -0 1
  outer loop
    vertex -115.7017697435766 137.8879997614165 500
    vertex -103.7785252292468 158.8439857780946 500
    vertex -127.7225251099548 138.7525843092838 500
  endloop
endfacet
facet normal 0 0 1
  outer loop
    vertex -115.7017697435766 137.8879997614165 500
    vertex -89.99999999999947 155.8845726811992 500
    vertex -103.7785252292468 158.8439857780946 500
  endloop
endfacet
facet normal 0 0 1
  outer loop
    vertex -127.7225251099548 138.7525843092838 500
    vertex -103.7785252292468 158.8439857780946 500
    vertex -117.557050458494 161.8033988749899 500
  endloop
endfacet
facet normal 0 0 1
  outer loop
    vertex -161.8033988749889 117.5570504584954 500
    vertex -178.2013048376731 90.79809994791025 500
    vertex -165.4740353082261 89.56033812855829 500
  endloop
endfacet
facet normal 0 0 1
  outer loop
    vertex -178.2013048376731 90.79809994791025 500
    vertex -179.6779875002468 61.68351233680579 500
    vertex -165.4740353082261 89.56033812855829 500
  endloop
endfacet
facet normal 0 0 1
  outer loop
    vertex -178.2013048376731 90.79809994791025 500
    vertex -190.2113032590304 61.80339887499044 500
    vertex -179.6779875002468 61.68351233680579 500
  endloop
endfacet
facet normal 0 0 1
  outer loop
    vertex -165.4740353082261 89.56033812855829 500
    vertex -179.6779875002468 61.68351233680579 500
    vertex -169.1446717414632 61.56362579862115 500
  endloop
endfacet
facet normal 0 0 1
  outer loop
    vertex -137.8879997614156 115.7017697435777 500
    vertex -149.8456993182022 116.6294101010365 500
    vertex -155.8845726811986 90.00000000000068 500
  endloop
endfacet
facet normal 0 0 1
  outer loop
    vertex -149.8456993182022 116.6294101010365 500
    vertex -165.4740353082261 89.56033812855829 500
    vertex -155.8845726811986 90.00000000000068 500
  endloop
endfacet
facet normal 0 0 1
  outer loop
    vertex -149.8456993182022 116.6294101010365 500
    vertex -161.8033988749889 117.5570504584954 500
    vertex -165.4740353082261 89.56033812855829 500
  endloop
endfacet
facet normal 0 0 1
  outer loop
    vertex -155.8845726811986 90.00000000000068 500
    vertex -165.4740353082261 89.56033812855829 500
    vertex -169.1446717414632 61.56362579862115 500
  endloop
endfacet
facet normal -2.44929e-15 -1 0
  outer loop
    vertex -200 2.44929359829471e-14 500
    vertex -190 0 468.75
    vertex -190 0 500
  endloop
endfacet
facet normal 0 -1 0
  outer loop
    vertex -190 0 468.75
    vertex -180 0 468.7499999999999
    vertex -190 0 500
  endloop
endfacet
facet normal 0 -1 0
  outer loop
    vertex -190 0 468.75
    vertex -180 0 437.4999999999998
    vertex -180 0 468.7499999999999
  endloop
endfacet
facet normal 2.20436e-15 -1 7.05397e-16
  outer loop
    vertex -190 0 500
    vertex -180 0 468.7499999999999
    vertex -180 2.20436423846524e-14 500
  endloop
endfacet
facet normal 0 -1 0
  outer loop
    vertex -180 0 437.4999999999998
    vertex -190 0 468.75
    vertex -190 0 437.4999999999998
  endloop
endfacet
facet normal 0 -1 -0
  outer loop
    vertex -190 0 468.75
    vertex -200 0 468.7499999999999
    vertex -190 0 437.4999999999998
  endloop
endfacet
facet normal -8.91048e-30 -1 7.83774e-16
  outer loop
    vertex -190 0 468.75
    vertex -200 2.44929359829471e-14 500
    vertex -200 0 468.7499999999999
  endloop
endfacet
facet normal 0 -1 0
  outer loop
    vertex -190 0 437.4999999999998
    vertex -200 0 468.7499999999999
    vertex -200 0 437.4999999999998
  endloop
endfacet
facet normal -2.44929e-15 -1 -7.83774e-16
  outer loop
    vertex -200 2.44929359829471e-14 0
    vertex -190 0 0
    vertex -200 0 31.24999999999989
  endloop
endfacet
facet normal 0 -1 0
  outer loop
    vertex -190 0 0
    vertex -190 0 31.24999999999989
    vertex -200 0 31.24999999999989
  endloop
endfacet
facet normal 2.20436e-15 -1 0
  outer loop
    vertex -190 0 0
    vertex -180 2.20436423846524e-14 0
    vertex -190 0 31.24999999999989
  endloop
endfacet
facet normal 0 -1 0
  outer loop
    vertex -200 0 31.24999999999989
    vertex -190 0 31.24999999999989
    vertex -200 0 62.49999999999979
  endloop
endfacet
facet normal 0 -1 0
  outer loop
    vertex -200 0 62.49999999999979
    vertex -190 0 31.24999999999989
    vertex -190 0 62.49999999999977
  endloop
endfacet
facet normal 0 -1 0
  outer loop
    vertex -190 0 31.24999999999989
    vertex -180 0 31.24999999999989
    vertex -190 0 62.49999999999977
  endloop
endfacet
facet normal 5.01214e-31 -1 -7.05397e-16
  outer loop
    vertex -190 0 31.24999999999989
    vertex -180 2.20436423846524e-14 0
    vertex -180 0 31.24999999999989
  endloop
endfacet
facet normal 0 -1 0
  outer loop
    vertex -190 0 62.49999999999977
    vertex -180 0 31.24999999999989
    vertex -180 0 62.49999999999979
  endloop
endfacet
facet normal 0 -1 0
  outer loop
    vertex -200 0 124.9999999999996
    vertex -200 0 93.74999999999967
    vertex -190 0 93.74999999999966
  endloop
endfacet
facet normal 0 -1 0
  outer loop
    vertex -200 0 93.74999999999967
    vertex -190 0 62.49999999999977
    vertex -190 0 93.74999999999966
  endloop
endfacet
facet normal 0 -1 0
  outer loop
    vertex -200 0 93.74999999999967
    vertex -200 0 62.49999999999979
    vertex -190 0 62.49999999999977
  endloop
endfacet
facet normal 0 -1 0
  outer loop
    vertex -190 0 93.74999999999966
    vertex -190 0 62.49999999999977
    vertex -180 0 62.49999999999979
  endloop
endfacet
facet normal 0 -1 0
  outer loop
    vertex -200 0 124.9999999999996
    vertex -190 0 156.2499999999995
    vertex -200 0 156.2499999999995
  endloop
endfacet
facet normal -0 -1 0
  outer loop
    vertex -190 0 156.2499999999995
    vertex -190 0 187.4999999999993
    vertex -200 0 156.2499999999995
  endloop
endfacet
facet normal 0 -1 0
  outer loop
    vertex -190 0 156.2499999999995
    vertex -180 0 187.4999999999994
    vertex -190 0 187.4999999999993
  endloop
endfacet
facet normal 0 -1 0
  outer loop
    vertex -200 0 156.2499999999995
    vertex -190 0 187.4999999999993
    vertex -200 0 187.4999999999994
  endloop
endfacet
facet normal 0 -1 0
  outer loop
    vertex -200 0 124.9999999999996
    vertex -190 0 93.74999999999966
    vertex -190 0 124.9999999999995
  endloop
endfacet
facet normal 0 -1 0
  outer loop
    vertex -190 0 93.74999999999966
    vertex -180 0 93.74999999999967
    vertex -190 0 124.9999999999995
  endloop
endfacet
facet normal 0 -1 0
  outer loop
    vertex -190 0 93.74999999999966
    vertex -180 0 62.49999999999979
    vertex -180 0 93.74999999999967
  endloop
endfacet
facet normal 0 -1 0
  outer loop
    vertex -190 0 124.9999999999995
    vertex -180 0 93.74999999999967
    vertex -180 0 124.9999999999996
  endloop
endfacet
facet normal 0 -1 -0
  outer loop
    vertex -180 0 187.4999999999994
    vertex -190 0 156.2499999999995
    vertex -180 0 156.2499999999995
  endloop
endfacet
facet normal 0 -1 0
  outer loop
    vertex -190 0 156.2499999999995
    vertex -190 0 124.9999999999995
    vertex -180 0 156.2499999999995
  endloop
endfacet
facet normal 0 -1 -0
  outer loop
    vertex -190 0 156.2499999999995
    vertex -200 0 124.9999999999996
    vertex -190 0 124.9999999999995
  endloop
endfacet
facet normal 0 -1 -0
  outer loop
    vertex -180 0 156.2499999999995
    vertex -190 0 124.9999999999995
    vertex -180 0 124.9999999999996
  endloop
endfacet
facet normal 0 -1 0
  outer loop
    vertex -200 0 187.4999999999994
    vertex -190 0 218.7499999999991
    vertex -200 0 218.7499999999993
  endloop
endfacet
facet normal 0 -1 0
  outer loop
    vertex -190 0 218.7499999999991
    vertex -190 0 249.9999999999991
    vertex -200 0 218.7499999999993
  endloop
endfacet
facet normal 0 -1 0
  outer loop
    vertex -190 0 218.7499999999991
    vertex -180 0 249.9999999999991
    vertex -190 0 249.9999999999991
  endloop
endfacet
facet normal 0 -1 0
  outer loop
    vertex -200 0 218.7499999999993
    vertex -190 0 249.9999999999991
    vertex -200 0 249.9999999999991
  endloop
endfacet
facet normal -0 -1 0
  outer loop
    vertex -180 0 187.4999999999994
    vertex -180 0 218.7499999999993
    vertex -190 0 187.4999999999993
  endloop
endfacet
facet normal 0 -1 0
  outer loop
    vertex -180 0 218.7499999999993
    vertex -190 0 218.7499999999991
    vertex -190 0 187.4999999999993
  endloop
endfacet
facet normal -0 -1 0
  outer loop
    vertex -180 0 218.7499999999993
    vertex -180 0 249.9999999999991
    vertex -190 0 218.7499999999991
  endloop
endfacet
facet normal 0 -1 0
  outer loop
    vertex -190 0 187.4999999999993
    vertex -190 0 218.7499999999991
    vertex -200 0 187.4999999999994
  endloop
endfacet
facet normal -0 -1 0
  outer loop
    vertex -180 0 249.9999999999991
    vertex -190 0 281.2499999999991
    vertex -190 0 249.9999999999991
  endloop
endfacet
facet normal -0 -1 -0
  outer loop
    vertex -190 0 281.2499999999991
    vertex -200 0 281.2499999999992
    vertex -190 0 249.9999999999991
  endloop
endfacet
facet normal 0 -1 0
  outer loop
    vertex -190 0 281.2499999999991
    vertex -200 0 312.4999999999992
    vertex -200 0 281.2499999999992
  endloop
endfacet
facet normal 0 -1 0
  outer loop
    vertex -190 0 249.9999999999991
    vertex -200 0 281.2499999999992
    vertex -200 0 249.9999999999991
  endloop
endfacet
facet normal 0 -1 0
  outer loop
    vertex -200 0 312.4999999999992
    vertex -190 0 343.7499999999993
    vertex -200 0 343.7499999999994
  endloop
endfacet
facet normal 0 -1 0
  outer loop
    vertex -190 0 343.7499999999993
    vertex -190 0 374.9999999999995
    vertex -200 0 343.7499999999994
  endloop
endfacet
facet normal 0 -1 0
  outer loop
    vertex -190 0 343.7499999999993
    vertex -180 0 374.9999999999995
    vertex -190 0 374.9999999999995
  endloop
endfacet
facet normal 0 -1 0
  outer loop
    vertex -200 0 343.7499999999994
    vertex -190 0 374.9999999999995
    vertex -200 0 374.9999999999995
  endloop
endfacet
facet normal 0 -1 0
  outer loop
    vertex -200 0 312.4999999999992
    vertex -190 0 281.2499999999991
    vertex -190 0 312.4999999999991
  endloop
endfacet
facet normal 0 -1 0
  outer loop
    vertex -190 0 281.2499999999991
    vertex -180 0 281.2499999999992
    vertex -190 0 312.4999999999991
  endloop
endfacet
facet normal 0 -1 0
  outer loop
    vertex -190 0 281.2499999999991
    vertex -180 0 249.9999999999991
    vertex -180 0 281.2499999999992
  endloop
endfacet
facet normal 0 -1 0
  outer loop
    vertex -190 0 312.4999999999991
    vertex -180 0 281.2499999999992
    vertex -180 0 312.4999999999992
  endloop
endfacet
facet normal 0 -1 -0
  outer loop
    vertex -180 0 374.9999999999995
    vertex -190 0 343.7499999999993
    vertex -180 0 343.7499999999994
  endloop
endfacet
facet normal 0 -1 0
  outer loop
    vertex -190 0 343.7499999999993
    vertex -190 0 312.4999999999991
    vertex -180 0 343.7499999999994
  endloop
endfacet
facet normal 0 -1 -0
  outer loop
    vertex -190 0 343.7499999999993
    vertex -200 0 312.4999999999992
    vertex -190 0 312.4999999999991
  endloop
endfacet
facet normal 0 -1 -0
  outer loop
    vertex -180 0 343.7499999999994
    vertex -190 0 312.4999999999991
    vertex -180 0 312.4999999999992
  endloop
endfacet
facet normal 0 -1 0
  outer loop
    vertex -200 0 374.9999999999995
    vertex -190 0 406.2499999999995
    vertex -200 0 406.2499999999997
  endloop
endfacet
facet normal 0 -1 0
  outer loop
    vertex -190 0 406.2499999999995
    vertex -190 0 437.4999999999998
    vertex -200 0 406.2499999999997
  endloop
endfacet
facet normal 0 -1 0
  outer loop
    vertex -190 0 406.2499999999995
    vertex -180 0 437.4999999999998
    vertex -190 0 437.4999999999998
  endloop
endfacet
facet normal 0 -1 0
  outer loop
    vertex -200 0 406.2499999999997
    vertex -190 0 437.4999999999998
    vertex -200 0 437.4999999999998
  endloop
endfacet
facet normal 0 -1 0
  outer loop
    vertex -180 0 374.9999999999995
    vertex -180 0 406.2499999999997
    vertex -190 0 374.9999999999995
  endloop
endfacet
facet normal 0 -1 0
  outer loop
    vertex -180 0 406.2499999999997
    vertex -190 0 406.2499999999995
    vertex -190 0 374.9999999999995
  endloop
endfacet
facet normal -0 -1 0
  outer loop
    vertex -180 0 406.2499999999997
    vertex -180 0 437.4999999999998
    vertex -190 0 406.2499999999995
  endloop
endfacet
facet normal 0 -1 0
  outer loop
    vertex -190 0 374.9999999999995
    vertex -190 0 406.2499999999995
    vertex -200 0 374.9999999999995
  endloop
endfacet
facet normal 0 0 -1
  outer loop
    vertex 31.2566719800476 177.2653955421974 0
    vertex 15.62833599002398 188.6326977710987 0
    vertex 46.53003542751867 183.738349400614 0
  endloop
endfacet
facet normal 0 0 -1
  outer loop
    vertex 15.62833599002398 188.6326977710987 0
    vertex 31.28689300804649 197.5376681190275 0
    vertex 46.53003542751867 183.738349400614 0
  endloop
endfacet
facet normal 0 0 -1
  outer loop
    vertex 15.62833599002398 188.6326977710987 0
    vertex 3.675178358715236e-13 200 0
    vertex 31.28689300804649 197.5376681190275 0
  endloop
endfacet
facet normal 0 0 -1
  outer loop
    vertex 46.53003542751867 183.738349400614 0
    vertex 31.28689300804649 197.5376681190275 0
    vertex 61.80339887498975 190.2113032590306 0
  endloop
endfacet
facet normal 0 0 -1
  outer loop
    vertex -61.80339887498904 190.2113032590309 0
    vertex -31.28689300804576 197.5376681190276 0
    vertex -46.53003542751805 183.7383494006142 0
  endloop
endfacet
facet normal 0 -0 -1
  outer loop
    vertex -31.28689300804576 197.5376681190276 0
    vertex -15.62833599002334 188.6326977710988 0
    vertex -46.53003542751805 183.7383494006142 0
  endloop
endfacet
facet normal 0 0 -1
  outer loop
    vertex -31.28689300804576 197.5376681190276 0
    vertex 3.675178358715236e-13 200 0
    vertex -15.62833599002334 188.6326977710988 0
  endloop
endfacet
facet normal 0 0 -1
  outer loop
    vertex -46.53003542751805 183.7383494006142 0
    vertex -15.62833599002334 188.6326977710988 0
    vertex -31.25667198004706 177.2653955421975 0
  endloop
endfacet
facet normal 0 0 -1
  outer loop
    vertex -200 2.44929359829471e-14 0
    vertex -197.5376681190274 31.28689300804698 0
    vertex -190 0 0
  endloop
endfacet
facet normal 0 0 -1
  outer loop
    vertex -197.5376681190274 31.28689300804698 0
    vertex -185.1056516295152 30.90169943749522 0
    vertex -190 0 0
  endloop
endfacet
facet normal 0 0 -1
  outer loop
    vertex -197.5376681190274 31.28689300804698 0
    vertex -190.2113032590304 61.80339887499044 0
    vertex -185.1056516295152 30.90169943749522 0
  endloop
endfacet
facet normal 0 0 -1
  outer loop
    vertex -190 0 0
    vertex -185.1056516295152 30.90169943749522 0
    vertex -180 2.20436423846524e-14 0
  endloop
endfacet
facet normal 0 0 -1
  outer loop
    vertex 180 -4.40872847693047e-14 0
    vertex 185.1056516295154 30.9016994374947 0
    vertex 190 0 0
  endloop
endfacet
facet normal 0 0 -1
  outer loop
    vertex 185.1056516295154 30.9016994374947 0
    vertex 197.5376681190276 31.28689300804612 0
    vertex 190 0 0
  endloop
endfacet
facet normal 0 0 -1
  outer loop
    vertex 185.1056516295154 30.9016994374947 0
    vertex 190.2113032590308 61.80339887498939 0
    vertex 197.5376681190276 31.28689300804612 0
  endloop
endfacet
facet normal 0 0 -1
  outer loop
    vertex 190 0 0
    vertex 197.5376681190276 31.28689300804612 0
    vertex 200 -4.89858719658941e-14 0
  endloop
endfacet
facet normal 0 0 -1
  outer loop
    vertex -190.2113032590304 61.80339887499044 0
    vertex -179.6779875002468 61.68351233680579 0
    vertex -185.1056516295152 30.90169943749522 0
  endloop
endfacet
facet normal 0 -0 -1
  outer loop
    vertex -179.6779875002468 61.68351233680579 0
    vertex -177.2653955421973 31.25667198004816 0
    vertex -185.1056516295152 30.90169943749522 0
  endloop
endfacet
facet normal 0 0 -1
  outer loop
    vertex -179.6779875002468 61.68351233680579 0
    vertex -169.1446717414632 61.56362579862115 0
    vertex -177.2653955421973 31.25667198004816 0
  endloop
endfacet
facet normal 0 0 -1
  outer loop
    vertex -185.1056516295152 30.90169943749522 0
    vertex -177.2653955421973 31.25667198004816 0
    vertex -180 2.20436423846524e-14 0
  endloop
endfacet
facet normal 0 0 -1
  outer loop
    vertex 190.2113032590308 61.80339887498939 0
    vertex 185.1056516295154 30.9016994374947 0
    vertex 179.6779875002471 61.68351233680487 0
  endloop
endfacet
facet normal 0 0 -1
  outer loop
    vertex 185.1056516295154 30.9016994374947 0
    vertex 177.2653955421974 31.25667198004745 0
    vertex 179.6779875002471 61.68351233680487 0
  endloop
endfacet
facet normal -0 0 -1
  outer loop
    vertex 185.1056516295154 30.9016994374947 0
    vertex 180 -4.40872847693047e-14 0
    vertex 177.2653955421974 31.25667198004745 0
  endloop
endfacet
facet normal 0 0 -1
  outer loop
    vertex 179.6779875002471 61.68351233680487 0
    vertex 177.2653955421974 31.25667198004745 0
    vertex 169.1446717414635 61.56362579862035 0
  endloop
endfacet
facet normal 0 0 -1
  outer loop
    vertex 161.8033988749896 117.5570504584944 0
    vertex 178.2013048376737 90.79809994790919 0
    vertex 165.4740353082266 89.56033812855739 0
  endloop
endfacet
facet normal 0 -0 -1
  outer loop
    vertex 178.2013048376737 90.79809994790919 0
    vertex 179.6779875002471 61.68351233680487 0
    vertex 165.4740353082266 89.56033812855739 0
  endloop
endfacet
facet normal 0 0 -1
  outer loop
    vertex 178.2013048376737 90.79809994790919 0
    vertex 190.2113032590308 61.80339887498939 0
    vertex 179.6779875002471 61.68351233680487 0
  endloop
endfacet
facet normal 0 0 -1
  outer loop
    vertex 165.4740353082266 89.56033812855739 0
    vertex 179.6779875002471 61.68351233680487 0
    vertex 169.1446717414635 61.56362579862035 0
  endloop
endfacet
facet normal 0 0 -1
  outer loop
    vertex 117.5570504584948 161.8033988749893 0
    vertex 141.4213562373097 141.4213562373093 0
    vertex 127.7225251099555 138.7525843092832 0
  endloop
endfacet
facet normal 0 -0 -1
  outer loop
    vertex 141.4213562373097 141.4213562373093 0
    vertex 149.8456993182028 116.6294101010357 0
    vertex 127.7225251099555 138.7525843092832 0
  endloop
endfacet
facet normal 0 0 -1
  outer loop
    vertex 141.4213562373097 141.4213562373093 0
    vertex 161.8033988749896 117.5570504584944 0
    vertex 149.8456993182028 116.6294101010357 0
  endloop
endfacet
facet normal 0 0 -1
  outer loop
    vertex 127.7225251099555 138.7525843092832 0
    vertex 149.8456993182028 116.6294101010357 0
    vertex 137.8879997614161 115.701769743577 0
  endloop
endfacet
facet normal 0 -0 -1
  outer loop
    vertex 161.8033988749896 117.5570504584944 0
    vertex 165.4740353082266 89.56033812855739 0
    vertex 149.8456993182028 116.6294101010357 0
  endloop
endfacet
facet normal 0 0 -1
  outer loop
    vertex 165.4740353082266 89.56033812855739 0
    vertex 155.884572681199 89.99999999999997 0
    vertex 149.8456993182028 116.6294101010357 0
  endloop
endfacet
facet normal -0 -0 -1
  outer loop
    vertex 165.4740353082266 89.56033812855739 0
    vertex 169.1446717414635 61.56362579862035 0
    vertex 155.884572681199 89.99999999999997 0
  endloop
endfacet
facet normal 0 -0 -1
  outer loop
    vertex 149.8456993182028 116.6294101010357 0
    vertex 155.884572681199 89.99999999999997 0
    vertex 137.8879997614161 115.701769743577 0
  endloop
endfacet
facet normal -0 0 -1
  outer loop
    vertex 117.5570504584948 161.8033988749893 0
    vertex 103.7785252292474 158.8439857780942 0
    vertex 90.79809994790961 178.2013048376734 0
  endloop
endfacet
facet normal 0 0 -1
  outer loop
    vertex 103.7785252292474 158.8439857780942 0
    vertex 75.90169943749488 173.0479379701148 0
    vertex 90.79809994790961 178.2013048376734 0
  endloop
endfacet
facet normal -0 0 -1
  outer loop
    vertex 103.7785252292474 158.8439857780942 0
    vertex 90.00000000000001 155.884572681199 0
    vertex 75.90169943749488 173.0479379701148 0
  endloop
endfacet
facet normal -0 0 -1
  outer loop
    vertex 90.79809994790961 178.2013048376734 0
    vertex 75.90169943749488 173.0479379701148 0
    vertex 61.80339887498975 190.2113032590306 0
  endloop
endfacet
facet normal 0 0 -1
  outer loop
    vertex 90.00000000000001 155.884572681199 0
    vertex 103.7785252292474 158.8439857780942 0
    vertex 115.7017697435771 137.887999761416 0
  endloop
endfacet
facet normal 0 0 -1
  outer loop
    vertex 103.7785252292474 158.8439857780942 0
    vertex 127.7225251099555 138.7525843092832 0
    vertex 115.7017697435771 137.887999761416 0
  endloop
endfacet
facet normal 0 0 -1
  outer loop
    vertex 103.7785252292474 158.8439857780942 0
    vertex 117.5570504584948 161.8033988749893 0
    vertex 127.7225251099555 138.7525843092832 0
  endloop
endfacet
facet normal 0 0 -1
  outer loop
    vertex 115.7017697435771 137.887999761416 0
    vertex 127.7225251099555 138.7525843092832 0
    vertex 137.8879997614161 115.701769743577 0
  endloop
endfacet
facet normal 0 0 -1
  outer loop
    vertex 90.00000000000001 155.884572681199 0
    vertex 61.56362579862047 169.1446717414635 0
    vertex 75.90169943749488 173.0479379701148 0
  endloop
endfacet
facet normal 0 0 -1
  outer loop
    vertex 61.56362579862047 169.1446717414635 0
    vertex 46.53003542751867 183.738349400614 0
    vertex 75.90169943749488 173.0479379701148 0
  endloop
endfacet
facet normal 0 0 -1
  outer loop
    vertex 61.56362579862047 169.1446717414635 0
    vertex 31.2566719800476 177.2653955421974 0
    vertex 46.53003542751867 183.738349400614 0
  endloop
endfacet
facet normal 0 0 -1
  outer loop
    vertex 75.90169943749488 173.0479379701148 0
    vertex 46.53003542751867 183.738349400614 0
    vertex 61.80339887498975 190.2113032590306 0
  endloop
endfacet
facet normal 0 -0 -1
  outer loop
    vertex 3.675178358715236e-13 200 0
    vertex 15.62833599002398 188.6326977710987 0
    vertex -15.62833599002334 188.6326977710988 0
  endloop
endfacet
facet normal -0 0 -1
  outer loop
    vertex 15.62833599002398 188.6326977710987 0
    vertex 2.5082999451136e-13 180 0
    vertex -15.62833599002334 188.6326977710988 0
  endloop
endfacet
facet normal 0 -0 -1
  outer loop
    vertex 15.62833599002398 188.6326977710987 0
    vertex 31.2566719800476 177.2653955421974 0
    vertex 2.5082999451136e-13 180 0
  endloop
endfacet
facet normal 0 -0 -1
  outer loop
    vertex -15.62833599002334 188.6326977710988 0
    vertex 2.5082999451136e-13 180 0
    vertex -31.25667198004706 177.2653955421975 0
  endloop
endfacet
facet normal 0 0 -1
  outer loop
    vertex -117.557050458494 161.8033988749899 0
    vertex -90.79809994790887 178.2013048376738 0
    vertex -103.7785252292468 158.8439857780946 0
  endloop
endfacet
facet normal 0 -0 -1
  outer loop
    vertex -90.79809994790887 178.2013048376738 0
    vertex -75.90169943749426 173.0479379701151 0
    vertex -103.7785252292468 158.8439857780946 0
  endloop
endfacet
facet normal 0 0 -1
  outer loop
    vertex -90.79809994790887 178.2013048376738 0
    vertex -61.80339887498904 190.2113032590309 0
    vertex -75.90169943749426 173.0479379701151 0
  endloop
endfacet
facet normal 0 0 -1
  outer loop
    vertex -103.7785252292468 158.8439857780946 0
    vertex -75.90169943749426 173.0479379701151 0
    vertex -89.99999999999947 155.8845726811992 0
  endloop
endfacet
facet normal 0 -0 -1
  outer loop
    vertex -61.80339887498904 190.2113032590309 0
    vertex -46.53003542751805 183.7383494006142 0
    vertex -75.90169943749426 173.0479379701151 0
  endloop
endfacet
facet normal 0 0 -1
  outer loop
    vertex -46.53003542751805 183.7383494006142 0
    vertex -61.56362579861988 169.1446717414637 0
    vertex -75.90169943749426 173.0479379701151 0
  endloop
endfacet
facet normal 0 -0 -1
  outer loop
    vertex -46.53003542751805 183.7383494006142 0
    vertex -31.25667198004706 177.2653955421975 0
    vertex -61.56362579861988 169.1446717414637 0
  endloop
endfacet
facet normal 0 -0 -1
  outer loop
    vertex -75.90169943749426 173.0479379701151 0
    vertex -61.56362579861988 169.1446717414637 0
    vertex -89.99999999999947 155.8845726811992 0
  endloop
endfacet
facet normal 0 0 -1
  outer loop
    vertex -161.8033988749889 117.5570504584954 0
    vertex -141.4213562373089 141.4213562373101 0
    vertex -149.8456993182022 116.6294101010365 0
  endloop
endfacet
facet normal 0 -0 -1
  outer loop
    vertex -141.4213562373089 141.4213562373101 0
    vertex -127.7225251099548 138.7525843092838 0
    vertex -149.8456993182022 116.6294101010365 0
  endloop
endfacet
facet normal 0 0 -1
  outer loop
    vertex -141.4213562373089 141.4213562373101 0
    vertex -117.557050458494 161.8033988749899 0
    vertex -127.7225251099548 138.7525843092838 0
  endloop
endfacet
facet normal 0 0 -1
  outer loop
    vertex -149.8456993182022 116.6294101010365 0
    vertex -127.7225251099548 138.7525843092838 0
    vertex -137.8879997614156 115.7017697435777 0
  endloop
endfacet
facet normal 0 -0 -1
  outer loop
    vertex -117.557050458494 161.8033988749899 0
    vertex -103.7785252292468 158.8439857780946 0
    vertex -127.7225251099548 138.7525843092838 0
  endloop
endfacet
facet normal 0 0 -1
  outer loop
    vertex -103.7785252292468 158.8439857780946 0
    vertex -115.7017697435766 137.8879997614165 0
    vertex -127.7225251099548 138.7525843092838 0
  endloop
endfacet
facet normal 0 -0 -1
  outer loop
    vertex -103.7785252292468 158.8439857780946 0
    vertex -89.99999999999947 155.8845726811992 0
    vertex -115.7017697435766 137.8879997614165 0
  endloop
endfacet
facet normal 0 -0 -1
  outer loop
    vertex -127.7225251099548 138.7525843092838 0
    vertex -115.7017697435766 137.8879997614165 0
    vertex -137.8879997614156 115.7017697435777 0
  endloop
endfacet
facet normal 0 0 -1
  outer loop
    vertex -161.8033988749889 117.5570504584954 0
    vertex -165.4740353082261 89.56033812855829 0
    vertex -178.2013048376731 90.79809994791025 0
  endloop
endfacet
facet normal -0 0 -1
  outer loop
    vertex -165.4740353082261 89.56033812855829 0
    vertex -179.6779875002468 61.68351233680579 0
    vertex -178.2013048376731 90.79809994791025 0
  endloop
endfacet
facet normal 0 0 -1
  outer loop
    vertex -165.4740353082261 89.56033812855829 0
    vertex -169.1446717414632 61.56362579862115 0
    vertex -179.6779875002468 61.68351233680579 0
  endloop
endfacet
facet normal 0 0 -1
  outer loop
    vertex -178.2013048376731 90.79809994791025 0
    vertex -179.6779875002468 61.68351233680579 0
    vertex -190.2113032590304 61.80339887499044 0
  endloop
endfacet
facet normal 0 0 -1
  outer loop
    vertex -169.1446717414632 61.56362579862115 0
    vertex -165.4740353082261 89.56033812855829 0
    vertex -155.8845726811986 90.00000000000068 0
  endloop
endfacet
facet normal 0 0 -1
  outer loop
    vertex -165.4740353082261 89.56033812855829 0
    vertex -149.8456993182022 116.6294101010365 0
    vertex -155.8845726811986 90.00000000000068 0
  endloop
endfacet
facet normal 0 0 -1
  outer loop
    vertex -165.4740353082261 89.56033812855829 0
    vertex -161.8033988749889 117.5570504584954 0
    vertex -149.8456993182022 116.6294101010365 0
  endloop
endfacet
facet normal 0 0 -1
  outer loop
    vertex -155.8845726811986 90.00000000000068 0
    vertex -149.8456993182022 116.6294101010365 0
    vertex -137.8879997614156 115.7017697435777 0
  endloop
endfacet
facet normal 4.40873e-15 -1 0
  outer loop
    vertex 180 -4.408728476930472e-14 437.4999999999998
    vertex 190 0 468.75
    vertex 180 -4.408728476930472e-14 468.7499999999999
  endloop
endfacet
facet normal 4.40873e-15 -1 0
  outer loop
    vertex 190 0 468.75
    vertex 190 0 500
    vertex 180 -4.408728476930472e-14 468.7499999999999
  endloop
endfacet
facet normal -4.89859e-15 -1 0
  outer loop
    vertex 190 0 468.75
    vertex 200 -4.89858719658941e-14 500
    vertex 190 0 500
  endloop
endfacet
facet normal 4.40873e-15 -1 6.05845e-31
  outer loop
    vertex 180 -4.408728476930472e-14 468.7499999999999
    vertex 190 0 500
    vertex 180 -4.40872847693047e-14 500
  endloop
endfacet
facet normal -4.89859e-15 -1 1.00974e-30
  outer loop
    vertex 200 -4.89858719658941e-14 500
    vertex 190 0 468.75
    vertex 200 -4.898587196589413e-14 468.7499999999999
  endloop
endfacet
facet normal -4.89859e-15 -1 -0
  outer loop
    vertex 190 0 468.75
    vertex 190 0 437.4999999999998
    vertex 200 -4.898587196589413e-14 468.7499999999999
  endloop
endfacet
facet normal 4.40873e-15 -1 0
  outer loop
    vertex 190 0 468.75
    vertex 180 -4.408728476930472e-14 437.4999999999998
    vertex 190 0 437.4999999999998
  endloop
endfacet
facet normal -4.89859e-15 -1 -0
  outer loop
    vertex 200 -4.898587196589413e-14 468.7499999999999
    vertex 190 0 437.4999999999998
    vertex 200 -4.898587196589413e-14 437.4999999999998
  endloop
endfacet
facet normal 4.40873e-15 -1 -6.05845e-31
  outer loop
    vertex 180 -4.40872847693047e-14 0
    vertex 190 0 0
    vertex 180 -4.408728476930472e-14 31.24999999999989
  endloop
endfacet
facet normal 4.40873e-15 -1 0
  outer loop
    vertex 190 0 0
    vertex 190 0 31.24999999999989
    vertex 180 -4.408728476930472e-14 31.24999999999989
  endloop
endfacet
facet normal -4.89859e-15 -1 0
  outer loop
    vertex 190 0 0
    vertex 200 -4.89858719658941e-14 0
    vertex 190 0 31.24999999999989
  endloop
endfacet
facet normal 4.40873e-15 -1 0
  outer loop
    vertex 180 -4.408728476930472e-14 31.24999999999989
    vertex 190 0 31.24999999999989
    vertex 180 -4.408728476930472e-14 62.49999999999979
  endloop
endfacet
facet normal 4.40873e-15 -1 0
  outer loop
    vertex 180 -4.408728476930472e-14 62.49999999999979
    vertex 190 0 31.24999999999989
    vertex 190 0 62.49999999999977
  endloop
endfacet
facet normal -4.89859e-15 -1 0
  outer loop
    vertex 190 0 31.24999999999989
    vertex 200 -4.898587196589413e-14 31.24999999999989
    vertex 190 0 62.49999999999977
  endloop
endfacet
facet normal -4.89859e-15 -1 -9.69352e-31
  outer loop
    vertex 190 0 31.24999999999989
    vertex 200 -4.89858719658941e-14 0
    vertex 200 -4.898587196589413e-14 31.24999999999989
  endloop
endfacet
facet normal -4.89859e-15 -1 0
  outer loop
    vertex 190 0 62.49999999999977
    vertex 200 -4.898587196589413e-14 31.24999999999989
    vertex 200 -4.898587196589413e-14 62.49999999999979
  endloop
endfacet
facet normal -4.89859e-15 -1 -0
  outer loop
    vertex 200 -4.898587196589413e-14 124.9999999999996
    vertex 190 0 93.74999999999966
    vertex 200 -4.898587196589413e-14 93.74999999999967
  endloop
endfacet
facet normal -4.89859e-15 -1 -0
  outer loop
    vertex 190 0 93.74999999999966
    vertex 190 0 62.49999999999977
    vertex 200 -4.898587196589413e-14 93.74999999999967
  endloop
endfacet
facet normal 4.40873e-15 -1 0
  outer loop
    vertex 190 0 93.74999999999966
    vertex 180 -4.408728476930472e-14 62.49999999999979
    vertex 190 0 62.49999999999977
  endloop
endfacet
facet normal -4.89859e-15 -1 -0
  outer loop
    vertex 200 -4.898587196589413e-14 93.74999999999967
    vertex 190 0 62.49999999999977
    vertex 200 -4.898587196589413e-14 62.49999999999979
  endloop
endfacet
facet normal 4.40873e-15 -1 0
  outer loop
    vertex 180 -4.408728476930472e-14 124.9999999999996
    vertex 190 0 124.9999999999995
    vertex 190 0 156.2499999999995
  endloop
endfacet
facet normal -4.89859e-15 -1 0
  outer loop
    vertex 190 0 124.9999999999995
    vertex 200 -4.898587196589413e-14 156.2499999999995
    vertex 190 0 156.2499999999995
  endloop
endfacet
facet normal -4.89859e-15 -1 0
  outer loop
    vertex 190 0 124.9999999999995
    vertex 200 -4.898587196589413e-14 124.9999999999996
    vertex 200 -4.898587196589413e-14 156.2499999999995
  endloop
endfacet
facet normal -4.89859e-15 -1 0
  outer loop
    vertex 190 0 156.2499999999995
    vertex 200 -4.898587196589413e-14 156.2499999999995
    vertex 200 -4.898587196589413e-14 187.4999999999994
  endloop
endfacet
facet normal 4.40873e-15 -1 0
  outer loop
    vertex 180 -4.408728476930472e-14 62.49999999999979
    vertex 190 0 93.74999999999966
    vertex 180 -4.408728476930472e-14 93.74999999999967
  endloop
endfacet
facet normal 4.40873e-15 -1 0
  outer loop
    vertex 190 0 93.74999999999966
    vertex 190 0 124.9999999999995
    vertex 180 -4.408728476930472e-14 93.74999999999967
  endloop
endfacet
facet normal -4.89859e-15 -1 0
  outer loop
    vertex 190 0 93.74999999999966
    vertex 200 -4.898587196589413e-14 124.9999999999996
    vertex 190 0 124.9999999999995
  endloop
endfacet
facet normal 4.40873e-15 -1 0
  outer loop
    vertex 180 -4.408728476930472e-14 93.74999999999967
    vertex 190 0 124.9999999999995
    vertex 180 -4.408728476930472e-14 124.9999999999996
  endloop
endfacet
facet normal -4.89859e-15 -1 0
  outer loop
    vertex 200 -4.898587196589413e-14 187.4999999999994
    vertex 200 -4.898587196589413e-14 218.7499999999993
    vertex 190 0 218.7499999999991
  endloop
endfacet
facet normal -4.89859e-15 -1 0
  outer loop
    vertex 200 -4.898587196589413e-14 218.7499999999993
    vertex 190 0 249.9999999999991
    vertex 190 0 218.7499999999991
  endloop
endfacet
facet normal -4.89859e-15 -1 0
  outer loop
    vertex 200 -4.898587196589413e-14 218.7499999999993
    vertex 200 -4.898587196589413e-14 249.9999999999991
    vertex 190 0 249.9999999999991
  endloop
endfacet
facet normal 4.40873e-15 -1 0
  outer loop
    vertex 190 0 218.7499999999991
    vertex 190 0 249.9999999999991
    vertex 180 -4.408728476930472e-14 249.9999999999991
  endloop
endfacet
facet normal 4.40873e-15 -1 0
  outer loop
    vertex 180 -4.408728476930472e-14 124.9999999999996
    vertex 190 0 156.2499999999995
    vertex 180 -4.408728476930472e-14 156.2499999999995
  endloop
endfacet
facet normal 4.40873e-15 -1 0
  outer loop
    vertex 190 0 156.2499999999995
    vertex 190 0 187.4999999999993
    vertex 180 -4.408728476930472e-14 156.2499999999995
  endloop
endfacet
facet normal -4.89859e-15 -1 0
  outer loop
    vertex 190 0 156.2499999999995
    vertex 200 -4.898587196589413e-14 187.4999999999994
    vertex 190 0 187.4999999999993
  endloop
endfacet
facet normal 4.40873e-15 -1 0
  outer loop
    vertex 180 -4.408728476930472e-14 156.2499999999995
    vertex 190 0 187.4999999999993
    vertex 180 -4.408728476930472e-14 187.4999999999994
  endloop
endfacet
facet normal 4.40873e-15 -1 0
  outer loop
    vertex 180 -4.408728476930472e-14 187.4999999999994
    vertex 190 0 187.4999999999993
    vertex 180 -4.408728476930472e-14 218.7499999999993
  endloop
endfacet
facet normal 4.40873e-15 -1 0
  outer loop
    vertex 190 0 187.4999999999993
    vertex 190 0 218.7499999999991
    vertex 180 -4.408728476930472e-14 218.7499999999993
  endloop
endfacet
facet normal -4.89859e-15 -1 0
  outer loop
    vertex 190 0 187.4999999999993
    vertex 200 -4.898587196589413e-14 187.4999999999994
    vertex 190 0 218.7499999999991
  endloop
endfacet
facet normal 4.40873e-15 -1 0
  outer loop
    vertex 180 -4.408728476930472e-14 218.7499999999993
    vertex 190 0 218.7499999999991
    vertex 180 -4.408728476930472e-14 249.9999999999991
  endloop
endfacet
facet normal 4.40873e-15 -1 0
  outer loop
    vertex 180 -4.408728476930472e-14 249.9999999999991
    vertex 190 0 249.9999999999991
    vertex 190 0 281.2499999999991
  endloop
endfacet
facet normal -4.89859e-15 -1 0
  outer loop
    vertex 190 0 249.9999999999991
    vertex 200 -4.898587196589413e-14 281.2499999999992
    vertex 190 0 281.2499999999991
  endloop
endfacet
facet normal -4.89859e-15 -1 0
  outer loop
    vertex 190 0 249.9999999999991
    vertex 200 -4.898587196589413e-14 249.9999999999991
    vertex 200 -4.898587196589413e-14 281.2499999999992
  endloop
endfacet
facet normal -4.89859e-15 -1 0
  outer loop
    vertex 190 0 281.2499999999991
    vertex 200 -4.898587196589413e-14 281.2499999999992
    vertex 200 -4.898587196589413e-14 312.4999999999992
  endloop
endfacet
facet normal 4.40873e-15 -1 0
  outer loop
    vertex 180 -4.408728476930472e-14 374.9999999999995
    vertex 190 0 343.7499999999993
    vertex 190 0 374.9999999999995
  endloop
endfacet
facet normal -4.89859e-15 -1 0
  outer loop
    vertex 190 0 343.7499999999993
    vertex 200 -4.898587196589413e-14 343.7499999999994
    vertex 190 0 374.9999999999995
  endloop
endfacet
facet normal -4.89859e-15 -1 0
  outer loop
    vertex 190 0 343.7499999999993
    vertex 200 -4.898587196589413e-14 312.4999999999992
    vertex 200 -4.898587196589413e-14 343.7499999999994
  endloop
endfacet
facet normal -4.89859e-15 -1 0
  outer loop
    vertex 190 0 374.9999999999995
    vertex 200 -4.898587196589413e-14 343.7499999999994
    vertex 200 -4.898587196589413e-14 374.9999999999995
  endloop
endfacet
facet normal 4.40873e-15 -1 0
  outer loop
    vertex 180 -4.408728476930472e-14 249.9999999999991
    vertex 190 0 281.2499999999991
    vertex 180 -4.408728476930472e-14 281.2499999999992
  endloop
endfacet
facet normal 4.40873e-15 -1 0
  outer loop
    vertex 190 0 281.2499999999991
    vertex 190 0 312.4999999999991
    vertex 180 -4.408728476930472e-14 281.2499999999992
  endloop
endfacet
facet normal -4.89859e-15 -1 0
  outer loop
    vertex 190 0 281.2499999999991
    vertex 200 -4.898587196589413e-14 312.4999999999992
    vertex 190 0 312.4999999999991
  endloop
endfacet
facet normal 4.40873e-15 -1 0
  outer loop
    vertex 180 -4.408728476930472e-14 281.2499999999992
    vertex 190 0 312.4999999999991
    vertex 180 -4.408728476930472e-14 312.4999999999992
  endloop
endfacet
facet normal -4.89859e-15 -1 0
  outer loop
    vertex 200 -4.898587196589413e-14 312.4999999999992
    vertex 190 0 343.7499999999993
    vertex 190 0 312.4999999999991
  endloop
endfacet
facet normal 4.40873e-15 -1 0
  outer loop
    vertex 190 0 343.7499999999993
    vertex 180 -4.408728476930472e-14 343.7499999999994
    vertex 190 0 312.4999999999991
  endloop
endfacet
facet normal 4.40873e-15 -1 0
  outer loop
    vertex 190 0 343.7499999999993
    vertex 180 -4.408728476930472e-14 374.9999999999995
    vertex 180 -4.408728476930472e-14 343.7499999999994
  endloop
endfacet
facet normal 4.40873e-15 -1 0
  outer loop
    vertex 190 0 312.4999999999991
    vertex 180 -4.408728476930472e-14 343.7499999999994
    vertex 180 -4.408728476930472e-14 312.4999999999992
  endloop
endfacet
facet normal -4.89859e-15 -1 0
  outer loop
    vertex 200 -4.898587196589413e-14 374.9999999999995
    vertex 200 -4.898587196589413e-14 406.2499999999997
    vertex 190 0 406.2499999999995
  endloop
endfacet
facet normal -4.89859e-15 -1 0
  outer loop
    vertex 200 -4.898587196589413e-14 406.2499999999997
    vertex 190 0 437.4999999999998
    vertex 190 0 406.2499999999995
  endloop
endfacet
facet normal -4.89859e-15 -1 0
  outer loop
    vertex 200 -4.898587196589413e-14 406.2499999999997
    vertex 200 -4.898587196589413e-14 437.4999999999998
    vertex 190 0 437.4999999999998
  endloop
endfacet
facet normal 4.40873e-15 -1 0
  outer loop
    vertex 190 0 406.2499999999995
    vertex 190 0 437.4999999999998
    vertex 180 -4.408728476930472e-14 437.4999999999998
  endloop
endfacet
facet normal 4.40873e-15 -1 0
  outer loop
    vertex 180 -4.408728476930472e-14 374.9999999999995
    vertex 190 0 374.9999999999995
    vertex 180 -4.408728476930472e-14 406.2499999999997
  endloop
endfacet
facet normal 4.40873e-15 -1 0
  outer loop
    vertex 190 0 374.9999999999995
    vertex 190 0 406.2499999999995
    vertex 180 -4.408728476930472e-14 406.2499999999997
  endloop
endfacet
facet normal -4.89859e-15 -1 0
  outer loop
    vertex 190 0 374.9999999999995
    vertex 200 -4.898587196589413e-14 374.9999999999995
    vertex 190 0 406.2499999999995
  endloop
endfacet
facet normal 4.40873e-15 -1 0
  outer loop
    vertex 180 -4.408728476930472e-14 406.2499999999997
    vertex 190 0 406.2499999999995
    vertex 180 -4.408728476930472e-14 437.4999999999998
  endloop
endfacet
facet normal -0.703744 -0.710226 -0.0179939
  outer loop
    vertex 115.7017697435771 137.887999761416 445.9309647925523
    vertex 129.5833185591397 124.9326360531968 414.3743633821464
    vertex 136.9377500379763 116.8248801177931 446.7573632815985
  endloop
endfacet
facet normal -0.775273 -0.63137 0.0179939
  outer loop
    vertex 129.5833185591397 124.9326360531968 414.3743633821464
    vertex 148.482328589041 101.7496835217488 415.2007618711925
    vertex 136.9377500379763 116.8248801177931 446.7573632815985
  endloop
endfacet
facet normal -0.774645 -0.632141 -0.0179939
  outer loop
    vertex 129.5833185591397 124.9326360531968 414.3743633821464
    vertex 142.0228976161508 110.5870541822701 382.8177619717405
    vertex 148.482328589041 101.7496835217488 415.2007618711925
  endloop
endfacet
facet normal -0.811637 -0.583885 -0.0179939
  outer loop
    vertex 136.9377500379763 116.8248801177931 446.7573632815985
    vertex 148.482328589041 101.7496835217488 415.2007618711925
    vertex 154.3926344754582 92.53601687844338 447.5837617706446
  endloop
endfacet
facet normal -0.774604 -0.63219 0.0180134
  outer loop
    vertex 142.0087986680562 110.6051585634932 117.1421088201502
    vertex 129.5753550013256 124.9408955317691 85.60557201379891
    vertex 148.4758426906296 101.7591476836722 84.77917352475842
  endloop
endfacet
facet normal -0.775233 -0.631419 -0.0180134
  outer loop
    vertex 129.5753550013256 124.9408955317691 85.60557201379891
    vertex 136.9377500379828 116.8248801177855 53.24263671840717
    vertex 148.4758426906296 101.7591476836722 84.77917352475842
  endloop
endfacet
facet normal -0.703744 -0.710226 0.0180134
  outer loop
    vertex 129.5753550013256 124.9408955317691 85.60557201379891
    vertex 115.7017697435771 137.887999761416 54.06903520744764
    vertex 136.9377500379828 116.8248801177855 53.24263671840717
  endloop
endfacet
facet normal -0.811636 -0.583885 0.0180134
  outer loop
    vertex 148.4758426906296 101.7591476836722 84.77917352475842
    vertex 136.9377500379828 116.8248801177855 53.24263671840717
    vertex 154.3926344754685 92.53601687842621 52.4162382293667
  endloop
endfacet
facet normal 0.807312 -0.589474 -0.0277011
  outer loop
    vertex -134.3479196174646 119.7941421541941 114.065191946432
    vertex -153.9245324149727 93.31258393610173 107.0527569949811
    vertex -145.0192073245059 106.6275269664075 83.24740583035958
  endloop
endfacet
facet normal 0.853085 -0.521036 0.0277011
  outer loop
    vertex -153.9245324149727 93.31258393610173 107.0527569949811
    vertex -162.0184162986725 78.42214470460533 76.23497087890865
    vertex -145.0192073245059 106.6275269664075 83.24740583035958
  endloop
endfacet
facet normal 0.901196 -0.432525 -0.0277011
  outer loop
    vertex -153.9245324149727 93.31258393610173 107.0527569949811
    vertex -168.3488697475562 63.70759809253798 100.0403220435301
    vertex -162.0184162986725 78.42214470460533 76.23497087890865
  endloop
endfacet
facet normal 0.859175 -0.510932 -0.0277011
  outer loop
    vertex -145.0192073245059 106.6275269664075 83.24740583035958
    vertex -162.0184162986725 78.42214470460533 76.23497087890865
    vertex -154.4048543871646 92.51562539203032 52.42961971428717
  endloop
endfacet
facet normal 0.914874 -0.40362 -0.00982678
  outer loop
    vertex -170.8964804059644 56.51896128604834 404.6096540427964
    vertex -169.7907642163866 59.75865114621826 374.4865705619306
    vertex -157.475915472379 87.18564128419389 394.4780509277871
  endloop
endfacet
facet normal 0.909521 -0.415542 0.00982678
  outer loop
    vertex -169.7907642163866 59.75865114621826 374.4865705619306
    vertex -155.7894429485075 90.16456879392098 364.3549674469214
    vertex -157.475915472379 87.18564128419389 394.4780509277871
  endloop
endfacet
facet normal 0.907033 -0.420945 -0.00982678
  outer loop
    vertex -169.7907642163866 59.75865114621826 374.4865705619306
    vertex -168.6236393258998 62.97672792777396 344.3634870810649
    vertex -155.7894429485075 90.16456879392098 364.3549674469214
  endloop
endfacet
facet normal 0.824317 -0.566043 -0.00982678
  outer loop
    vertex -157.475915472379 87.18564128419389 394.4780509277871
    vertex -155.7894429485075 90.16456879392098 364.3549674469214
    vertex -138.6090322704505 114.8369982760312 384.3464478127779
  endloop
endfacet
facet normal -0.743327 -0.668838 0.011034
  outer loop
    vertex 142.0228976161508 110.5870541822701 382.8177619717405
    vertex 129.5833185591397 124.9326360531968 414.3743633821464
    vertex 125.5891097616526 128.9471810830915 388.6428891395908
  endloop
endfacet
facet normal -0.672604 -0.73992 -0.011034
  outer loop
    vertex 129.5833185591397 124.9326360531968 414.3743633821464
    vertex 111.3068868923403 141.4594533084862 420.1994905499967
    vertex 125.5891097616526 128.9471810830915 388.6428891395908
  endloop
endfacet
facet normal -0.668735 -0.743419 0.011034
  outer loop
    vertex 129.5833185591397 124.9326360531968 414.3743633821464
    vertex 115.7017697435771 137.887999761416 445.9309647925523
    vertex 111.3068868923403 141.4594533084862 420.1994905499967
  endloop
endfacet
facet normal -0.645017 -0.764088 0.011034
  outer loop
    vertex 125.5891097616526 128.9471810830915 388.6428891395908
    vertex 111.3068868923403 141.4594533084862 420.1994905499967
    vertex 106.8018298882759 144.8908869891954 394.4680163074411
  endloop
endfacet
facet normal -0.667399 -0.744602 -0.0120885
  outer loop
    vertex 115.7017697435771 137.887999761416 54.06903520744764
    vertex 129.5753550013256 124.9408955317691 85.60557201379891
    vertex 110.9232479079975 141.7604778263001 79.35943414027571
  endloop
endfacet
facet normal -0.671864 -0.740576 0.0120885
  outer loop
    vertex 129.5753550013256 124.9408955317691 85.60557201379891
    vertex 125.2310745078767 129.2949263413017 110.895970946627
    vertex 110.9232479079975 141.7604778263001 79.35943414027571
  endloop
endfacet
facet normal -0.74208 -0.670202 -0.0120885
  outer loop
    vertex 129.5753550013256 124.9408955317691 85.60557201379891
    vertex 142.0087986680562 110.6051585634932 117.1421088201502
    vertex 125.2310745078767 129.2949263413017 110.895970946627
  endloop
endfacet
facet normal -0.64157 -0.766969 -0.0120885
  outer loop
    vertex 110.9232479079975 141.7604778263001 79.35943414027571
    vertex 125.2310745078767 129.2949263413017 110.895970946627
    vertex 106.0152116865906 145.4674358440658 104.6498330731038
  endloop
endfacet
facet normal 0.0875013 -0.995941 0.0210743
  outer loop
    vertex -0.08992324409853819 179.9999775383602 54.09788006244371
    vertex -17.69963412665082 179.127672211143 85.99015293105427
    vertex -31.30151147821508 177.2574832811839 54.08313779351789
  endloop
endfacet
facet normal 0.184538 -0.982599 -0.0210743
  outer loop
    vertex -17.69963412665082 179.127672211143 85.99015293105427
    vertex -48.49318251517886 173.3447756626935 85.97541066212845
    vertex -31.30151147821508 177.2574832811839 54.08313779351789
  endloop
endfacet
facet normal 0.184519 -0.982603 0.0210743
  outer loop
    vertex -17.69963412665082 179.127672211143 85.99015293105427
    vertex -35.13952530474305 176.5367207165617 117.8824257996648
    vertex -48.49318251517886 173.3447756626935 85.97541066212845
  endloop
endfacet
facet normal 0.258877 -0.96568 0.0210743
  outer loop
    vertex -31.30151147821508 177.2574832811839 54.08313779351789
    vertex -48.49318251517886 173.3447756626935 85.97541066212845
    vertex -61.56469819660755 169.144281416667 54.06839552459207
  endloop
endfacet
facet normal 0.185188 -0.982478 -0.0210199
  outer loop
    vertex -35.38029902778278 176.488624111314 382.0830888791334
    vertex -17.82166135435547 179.1155727081559 413.9926819759647
    vertex -48.61132981394892 173.3116805461175 414.0073072901632
  endloop
endfacet
facet normal 0.185208 -0.982475 0.0210199
  outer loop
    vertex -17.82166135435547 179.1155727081559 413.9926819759647
    vertex -31.30130472640476 177.2575197909097 445.9169003869945
    vertex -48.61132981394892 173.3116805461175 414.0073072901632
  endloop
endfacet
facet normal 0.0875001 -0.995943 -0.0210199
  outer loop
    vertex -17.82166135435547 179.1155727081559 413.9926819759647
    vertex -0.08964387954498845 179.9999776777066 445.902275072796
    vertex -31.30130472640476 177.2575197909097 445.9169003869945
  endloop
endfacet
facet normal 0.258877 -0.965682 -0.0210199
  outer loop
    vertex -48.61132981394892 173.3116805461175 414.0073072901632
    vertex -31.30130472640476 177.2575197909097 445.9169003869945
    vertex -61.56456613560178 169.144329483832 445.931525701193
  endloop
endfacet
facet normal 0.599795 -0.80015 -0.00245815
  outer loop
    vertex -94.96158459557124 152.91271186889 343.5551440703924
    vertex -119.8379213387341 134.3088701806823 329.383375974336
    vertex -95.71635765383058 152.4413948948382 312.8065582449416
  endloop
endfacet
facet normal 0.601954 -0.798527 0.00245815
  outer loop
    vertex -119.8379213387341 134.3088701806823 329.383375974336
    vertex -120.5004211803337 133.7148028281169 298.6347901488851
    vertex -95.71635765383058 152.4413948948382 312.8065582449416
  endloop
endfacet
facet normal 0.728434 -0.685112 -0.00245815
  outer loop
    vertex -119.8379213387341 134.3088701806823 329.383375974336
    vertex -141.1452515616401 111.7050489530412 315.2116078782796
    vertex -120.5004211803337 133.7148028281169 298.6347901488851
  endloop
endfacet
facet normal 0.603743 -0.797175 -0.00245815
  outer loop
    vertex -95.71635765383058 152.4413948948382 312.8065582449416
    vertex -120.5004211803337 133.7148028281169 298.6347901488851
    vertex -96.46879150457619 151.9663524127845 282.0579724194908
  endloop
endfacet
facet normal 0.915673 -0.401774 0.0109707
  outer loop
    vertex -170.8828717888719 56.56009307973235 278.6436223431746
    vertex -156.5602081998078 88.81948664810469 264.6146557929679
    vertex -158.4317802083214 85.43635654697671 296.9276151107271
  endloop
endfacet
facet normal 0.826906 -0.562234 -0.0109707
  outer loop
    vertex -156.5602081998078 88.81948664810469 264.6146557929679
    vertex -138.7134614856243 114.7108347222538 282.8986485605204
    vertex -158.4317802083214 85.43635654697671 296.9276151107271
  endloop
endfacet
facet normal 0.819665 -0.572738 0.0109707
  outer loop
    vertex -156.5602081998078 88.81948664810469 264.6146557929679
    vertex -136.2176733380153 117.6636964844202 250.5856892427612
    vertex -138.7134614856243 114.7108347222538 282.8986485605204
  endloop
endfacet
facet normal 0.831778 -0.555 0.0109707
  outer loop
    vertex -158.4317802083214 85.43635654697671 296.9276151107271
    vertex -138.7134614856243 114.7108347222538 282.8986485605204
    vertex -141.1452515616401 111.7050489530412 315.2116078782796
  endloop
endfacet
facet normal 0.703699 -0.710212 0.0201578
  outer loop
    vertex -115.7017697435765 137.8879997614165 54.06903520744755
    vertex -125.3517399486976 129.1779442932659 84.06711357693978
    vertex -136.9454642870851 116.815837159157 53.24932746086736
  endloop
endfacet
facet normal 0.753848 -0.65674 -0.0201578
  outer loop
    vertex -125.3517399486976 129.1779442932659 84.06711357693978
    vertex -145.0192073245059 106.6275269664075 83.24740583035958
    vertex -136.9454642870851 116.815837159157 53.24932746086736
  endloop
endfacet
facet normal 0.753122 -0.657572 0.0201578
  outer loop
    vertex -125.3517399486976 129.1779442932659 84.06711357693978
    vertex -134.3479196174646 119.7941421541941 114.065191946432
    vertex -145.0192073245059 106.6275269664075 83.24740583035958
  endloop
endfacet
facet normal 0.811629 -0.583825 0.0201578
  outer loop
    vertex -136.9454642870851 116.815837159157 53.24932746086736
    vertex -145.0192073245059 106.6275269664075 83.24740583035958
    vertex -154.4048543871646 92.51562539203032 52.42961971428717
  endloop
endfacet
facet normal 0.810946 -0.584546 -0.0259506
  outer loop
    vertex -136.2176733380153 117.6636964844202 250.5856892427612
    vertex -156.5602081998078 88.81948664810469 264.6146557929679
    vertex -151.68097705717 96.91687778185108 234.6923852380039
  endloop
endfacet
facet normal 0.895729 -0.443843 0.0259506
  outer loop
    vertex -156.5602081998078 88.81948664810469 264.6146557929679
    vertex -167.6776040557893 65.45396166856489 248.7213517882105
    vertex -151.68097705717 96.91687778185108 234.6923852380039
  endloop
endfacet
facet normal 0.909426 -0.415056 -0.0259506
  outer loop
    vertex -156.5602081998078 88.81948664810469 264.6146557929679
    vertex -170.8828717888719 56.56009307973235 278.6436223431746
    vertex -167.6776040557893 65.45396166856489 248.7213517882105
  endloop
endfacet
facet normal 0.88638 -0.462231 -0.0259506
  outer loop
    vertex -151.68097705717 96.91687778185108 234.6923852380039
    vertex -167.6776040557893 65.45396166856489 248.7213517882105
    vertex -164.0098015865661 74.16727704004785 218.7990812332465
  endloop
endfacet
facet normal 0.919064 -0.393156 0.0273967
  outer loop
    vertex -170.8964804059644 56.51896128604834 404.6096540427964
    vertex -157.475915472379 87.18564128419389 394.4780509277871
    vertex -163.6385013939889 74.98293713592103 426.0967079067233
  endloop
endfacet
facet normal 0.861934 -0.50628 -0.0273967
  outer loop
    vertex -157.475915472379 87.18564128419389 394.4780509277871
    vertex -146.9245643920482 103.9864047758499 415.9651047917141
    vertex -163.6385013939889 74.98293713592103 426.0967079067233
  endloop
endfacet
facet normal 0.830372 -0.556535 0.0273967
  outer loop
    vertex -157.475915472379 87.18564128419389 394.4780509277871
    vertex -138.6090322704505 114.8369982760312 384.3464478127779
    vertex -146.9245643920482 103.9864047758499 415.9651047917141
  endloop
endfacet
facet normal 0.870214 -0.491911 0.0273967
  outer loop
    vertex -163.6385013939889 74.98293713592103 426.0967079067233
    vertex -146.9245643920482 103.9864047758499 415.9651047917141
    vertex -154.3926344754527 92.53601687845263 447.5837617706503
  endloop
endfacet
facet normal 0.895663 -0.44367 0.0307306
  outer loop
    vertex -168.3488697475562 63.70759809253798 100.0403220435301
    vertex -153.9245324149727 93.31258393610173 107.0527569949811
    vertex -161.6388331264666 79.20156327695996 128.1645852992465
  endloop
endfacet
facet normal 0.85696 -0.514465 -0.0307306
  outer loop
    vertex -153.9245324149727 93.31258393610173 107.0527569949811
    vertex -144.5039759343694 107.3247452322119 135.1770202506975
    vertex -161.6388331264666 79.20156327695996 128.1645852992465
  endloop
endfacet
facet normal 0.799841 -0.599424 0.0307306
  outer loop
    vertex -153.9245324149727 93.31258393610173 107.0527569949811
    vertex -134.3479196174646 119.7941421541941 114.065191946432
    vertex -144.5039759343694 107.3247452322119 135.1770202506975
  endloop
endfacet
facet normal 0.850151 -0.525641 0.0307306
  outer loop
    vertex -161.6388331264666 79.20156327695996 128.1645852992465
    vertex -144.5039759343694 107.3247452322119 135.1770202506975
    vertex -153.5065366691619 93.99863403177332 156.288848554963
  endloop
endfacet
facet normal 0.122712 -0.99235 -0.0135155
  outer loop
    vertex -35.13952530474305 176.5367207165617 117.8824257996648
    vertex -17.69963412665082 179.127672211143 85.99015293105427
    vertex -10.12075828825074 179.7152476883105 111.6600935515953
  endloop
endfacet
facet normal 0.0317045 -0.999406 0.0135155
  outer loop
    vertex -17.69963412665082 179.127672211143 85.99015293105427
    vertex 7.510079650354092 179.8432614907919 79.76782068298468
    vertex -10.12075828825074 179.7152476883105 111.6600935515953
  endloop
endfacet
facet normal 0.025038 -0.999595 -0.0135155
  outer loop
    vertex -17.69963412665082 179.127672211143 85.99015293105427
    vertex -0.08992324409853819 179.9999775383602 54.09788006244371
    vertex 7.510079650354092 179.8432614907919 79.76782068298468
  endloop
endfacet
facet normal -0.017189 -0.999761 -0.0135155
  outer loop
    vertex -10.12075828825074 179.7152476883105 111.6600935515953
    vertex 7.510079650354092 179.8432614907919 79.76782068298468
    vertex 15.09668850227681 179.3657994051966 105.4377613035256
  endloop
endfacet
facet normal 0.025323 -0.999586 0.0136326
  outer loop
    vertex -0.08964387954498845 179.9999776777066 445.902275072796
    vertex -17.82166135435547 179.1155727081559 413.9926819759647
    vertex 7.525065269336334 179.8426350804843 420.2208010157429
  endloop
endfacet
facet normal 0.0320171 -0.999394 -0.0136326
  outer loop
    vertex -17.82166135435547 179.1155727081559 413.9926819759647
    vertex -10.22849203991091 179.709148210628 388.3112079189116
    vertex 7.525065269336334 179.8426350804843 420.2208010157429
  endloop
endfacet
facet normal 0.123673 -0.992229 0.0136326
  outer loop
    vertex -17.82166135435547 179.1155727081559 413.9926819759647
    vertex -35.38029902778278 176.488624111314 382.0830888791334
    vertex -10.22849203991091 179.709148210628 388.3112079189116
  endloop
endfacet
facet normal -0.0169856 -0.999763 0.0136326
  outer loop
    vertex 7.525065269336334 179.8426350804843 420.2208010157429
    vertex -10.22849203991091 179.709148210628 388.3112079189116
    vertex 15.12630163609282 179.3633044934608 394.5393269586899
  endloop
endfacet
facet normal 0.905633 -0.424035 -0.00472564
  outer loop
    vertex -168.6236393258998 62.97672792777396 344.3634870810649
    vertex -156.7890422124885 88.41490961421883 329.7875474796722
    vertex -155.7894429485075 90.16456879392098 364.3549674469214
  endloop
endfacet
facet normal 0.825206 -0.564812 0.00472564
  outer loop
    vertex -156.7890422124885 88.41490961421883 329.7875474796722
    vertex -139.885907464769 113.2781218627766 349.7790278455287
    vertex -155.7894429485075 90.16456879392098 364.3549674469214
  endloop
endfacet
facet normal 0.828739 -0.559615 -0.00472564
  outer loop
    vertex -156.7890422124885 88.41490961421883 329.7875474796722
    vertex -141.1452515616401 111.7050489530412 315.2116078782796
    vertex -139.885907464769 113.2781218627766 349.7790278455287
  endloop
endfacet
facet normal 0.822423 -0.568857 -0.00472564
  outer loop
    vertex -155.7894429485075 90.16456879392098 364.3549674469214
    vertex -139.885907464769 113.2781218627766 349.7790278455287
    vertex -138.6090322704505 114.8369982760312 384.3464478127779
  endloop
endfacet
facet normal 0.725801 -0.687841 -0.00936185
  outer loop
    vertex -141.1452515616401 111.7050489530412 315.2116078782796
    vertex -138.7134614856243 114.7108347222538 282.8986485605204
    vertex -120.5004211803337 133.7148028281169 298.6347901488851
  endloop
endfacet
facet normal 0.718056 -0.695923 0.00936185
  outer loop
    vertex -138.7134614856243 114.7108347222538 282.8986485605204
    vertex -117.6006623330438 136.2720962590266 266.321830831126
    vertex -120.5004211803337 133.7148028281169 298.6347901488851
  endloop
endfacet
facet normal 0.71086 -0.703272 -0.00936185
  outer loop
    vertex -138.7134614856243 114.7108347222538 282.8986485605204
    vertex -136.2176733380153 117.6636964844202 250.5856892427612
    vertex -117.6006623330438 136.2720962590266 266.321830831126
  endloop
endfacet
facet normal 0.600691 -0.799426 -0.00936185
  outer loop
    vertex -120.5004211803337 133.7148028281169 298.6347901488851
    vertex -117.6006623330438 136.2720962590266 266.321830831126
    vertex -96.46879150457619 151.9663524127845 282.0579724194908
  endloop
endfacet
facet normal 0.726145 -0.687525 0.00483291
  outer loop
    vertex -141.1452515616401 111.7050489530412 315.2116078782796
    vertex -119.8379213387341 134.3088701806823 329.383375974336
    vertex -139.885907464769 113.2781218627766 349.7790278455287
  endloop
endfacet
facet normal 0.721463 -0.692436 -0.00483291
  outer loop
    vertex -119.8379213387341 134.3088701806823 329.383375974336
    vertex -118.3268703938156 135.6419984474025 363.9507959415852
    vertex -139.885907464769 113.2781218627766 349.7790278455287
  endloop
endfacet
facet normal 0.597125 -0.802134 0.00483291
  outer loop
    vertex -119.8379213387341 134.3088701806823 329.383375974336
    vertex -94.96158459557124 152.91271186889 343.5551440703924
    vertex -118.3268703938156 135.6419984474025 363.9507959415852
  endloop
endfacet
facet normal 0.718402 -0.695611 0.00483291
  outer loop
    vertex -139.885907464769 113.2781218627766 349.7790278455287
    vertex -118.3268703938156 135.6419984474025 363.9507959415852
    vertex -138.6090322704505 114.8369982760312 384.3464478127779
  endloop
endfacet
facet normal 0.764927 -0.643814 -0.0197666
  outer loop
    vertex -138.6090322704505 114.8369982760312 384.3464478127779
    vertex -127.676674348231 126.8805218596447 415.1387063026652
    vertex -146.9245643920482 103.9864047758499 415.9651047917141
  endloop
endfacet
facet normal 0.765629 -0.642978 0.0197666
  outer loop
    vertex -127.676674348231 126.8805218596447 415.1387063026652
    vertex -136.9377500379725 116.8248801177975 446.7573632816013
    vertex -146.9245643920482 103.9864047758499 415.9651047917141
  endloop
endfacet
facet normal 0.703686 -0.710236 -0.0197666
  outer loop
    vertex -127.676674348231 126.8805218596447 415.1387063026652
    vertex -115.7017697435765 137.8879997614165 445.9309647925525
    vertex -136.9377500379725 116.8248801177975 446.7573632816013
  endloop
endfacet
facet normal 0.811581 -0.583905 -0.0197666
  outer loop
    vertex -146.9245643920482 103.9864047758499 415.9651047917141
    vertex -136.9377500379725 116.8248801177975 446.7573632816013
    vertex -154.3926344754527 92.53601687845263 447.5837617706503
  endloop
endfacet
facet normal 0.687171 -0.72619 -0.0210852
  outer loop
    vertex -134.3479196174646 119.7941421541941 114.065191946432
    vertex -125.3517399486976 129.1779442932659 84.06711357693978
    vertex -113.6161767961145 139.6114764990115 107.1925634322216
  endloop
endfacet
facet normal 0.640757 -0.767454 0.0210852
  outer loop
    vertex -125.3517399486976 129.1779442932659 84.06711357693978
    vertex -103.2437984057648 147.4473400599339 77.19448506272938
    vertex -113.6161767961145 139.6114764990115 107.1925634322216
  endloop
endfacet
facet normal 0.632968 -0.773891 -0.0210852
  outer loop
    vertex -125.3517399486976 129.1779442932659 84.06711357693978
    vertex -115.7017697435765 137.8879997614165 54.06903520744755
    vertex -103.2437984057648 147.4473400599339 77.19448506272938
  endloop
endfacet
facet normal 0.56311 -0.826113 -0.0210852
  outer loop
    vertex -113.6161767961145 139.6114764990115 107.1925634322216
    vertex -103.2437984057648 147.4473400599339 77.19448506272938
    vertex -90.00008428716575 155.8845240179507 100.3199349180112
  endloop
endfacet
facet normal 0.934535 -0.355757 -0.00899779
  outer loop
    vertex -171.8619791666666 53.51130830877013 156.2499999999995
    vertex -170.1818042890387 58.63576970525178 128.1451610217648
    vertex -163.9389327168888 74.32379389971575 156.2694242774812
  endloop
endfacet
facet normal 0.923452 -0.383608 0.00899779
  outer loop
    vertex -170.1818042890387 58.63576970525178 128.1451610217648
    vertex -161.6388331264666 79.20156327695996 128.1645852992465
    vertex -163.9389327168888 74.32379389971575 156.2694242774812
  endloop
endfacet
facet normal 0.923458 -0.383593 -0.00899779
  outer loop
    vertex -170.1818042890387 58.63576970525178 128.1451610217648
    vertex -168.3488697475562 63.70759809253798 100.0403220435301
    vertex -161.6388331264666 79.20156327695996 128.1645852992465
  endloop
endfacet
facet normal 0.883453 -0.468434 -0.00899779
  outer loop
    vertex -163.9389327168888 74.32379389971575 156.2694242774812
    vertex -161.6388331264666 79.20156327695996 128.1645852992465
    vertex -153.5065366691619 93.99863403177332 156.288848554963
  endloop
endfacet
facet normal -0.410815 -0.911716 -0.0023545
  outer loop
    vertex 61.65388294075362 169.1117935518627 445.6839773413204
    vertex 62.7818050080444 168.6963098586685 409.7680101420339
    vertex 85.09403548347836 158.6159043889878 420.0759968243807
  endloop
endfacet
facet normal -0.412622 -0.9109 0.0023545
  outer loop
    vertex 62.7818050080444 168.6963098586685 409.7680101420339
    vertex 86.15134533561735 158.0441257904361 384.1600296250942
    vertex 85.09403548347836 158.6159043889878 420.0759968243807
  endloop
endfacet
facet normal -0.416894 -0.908952 -0.0023545
  outer loop
    vertex 62.7818050080444 168.6963098586685 409.7680101420339
    vertex 63.90692740427707 168.2733033780001 373.8520429427475
    vertex 86.15134533561735 158.0441257904361 384.1600296250942
  endloop
endfacet
facet normal -0.536387 -0.843969 -0.0023545
  outer loop
    vertex 85.09403548347836 158.6159043889878 420.0759968243807
    vertex 86.15134533561735 158.0441257904361 384.1600296250942
    vertex 106.8018298882759 144.8908869891954 394.4680163074411
  endloop
endfacet
facet normal -0.845247 -0.533884 0.0229035
  outer loop
    vertex 142.0228976161508 110.5870541822701 382.8177619717405
    vertex 159.5159526818406 83.39460917832038 394.5338809858701
    vertex 148.482328589041 101.7496835217488 415.2007618711925
  endloop
endfacet
facet normal -0.868022 -0.495998 -0.0229035
  outer loop
    vertex 159.5159526818406 83.39460917832038 394.5338809858701
    vertex 164.2901403019366 73.54420303171412 426.9168808853221
    vertex 148.482328589041 101.7496835217488 415.2007618711925
  endloop
endfacet
facet normal -0.927124 -0.374054 0.0229035
  outer loop
    vertex 159.5159526818406 83.39460917832038 394.5338809858701
    vertex 171.8619791666666 53.51130830877018 406.2499999999997
    vertex 164.2901403019366 73.54420303171412 426.9168808853221
  endloop
endfacet
facet normal -0.876137 -0.481519 0.0229035
  outer loop
    vertex 148.482328589041 101.7496835217488 415.2007618711925
    vertex 164.2901403019366 73.54420303171412 426.9168808853221
    vertex 154.3926344754582 92.53601687844338 447.5837617706446
  endloop
endfacet
facet normal -0.414007 -0.910272 0.00185698
  outer loop
    vertex 63.46028495545173 168.4422519244292 126.0857765512319
    vertex 62.55790042389899 168.7794688181994 90.20245756776224
    vertex 85.5128442632939 158.3905093937185 115.3678048121678
  endloop
endfacet
facet normal -0.410628 -0.911801 -0.00185698
  outer loop
    vertex 62.55790042389899 168.7794688181994 90.20245756776224
    vertex 84.6639392140921 158.8458919731717 79.4844858286982
    vertex 85.5128442632939 158.3905093937185 115.3678048121678
  endloop
endfacet
facet normal -0.409129 -0.912474 0.00185698
  outer loop
    vertex 62.55790042389899 168.7794688181994 90.20245756776224
    vertex 61.65372408525936 169.1118514664738 54.31913858429262
    vertex 84.6639392140921 158.8458919731717 79.4844858286982
  endloop
endfacet
facet normal -0.532536 -0.846405 0.00185698
  outer loop
    vertex 85.5128442632939 158.3905093937185 115.3678048121678
    vertex 84.6639392140921 158.8458919731717 79.4844858286982
    vertex 106.0152116865906 145.4674358440658 104.6498330731038
  endloop
endfacet
facet normal -0.92711 -0.374086 -0.0229404
  outer loop
    vertex 171.8619791666838 53.51130830871498 93.74999999999969
    vertex 159.510636726442 83.40477666851621 105.4460544100749
    vertex 164.2901403019525 73.54420303167859 73.0831191146832
  endloop
endfacet
facet normal -0.868007 -0.496022 0.0229404
  outer loop
    vertex 159.510636726442 83.40477666851621 105.4460544100749
    vertex 148.4758426906296 101.7591476836722 84.77917352475842
    vertex 164.2901403019525 73.54420303167859 73.0831191146832
  endloop
endfacet
facet normal -0.845194 -0.533968 -0.0229404
  outer loop
    vertex 159.510636726442 83.40477666851621 105.4460544100749
    vertex 142.0087986680562 110.6051585634932 117.1421088201502
    vertex 148.4758426906296 101.7591476836722 84.77917352475842
  endloop
endfacet
facet normal -0.876119 -0.481549 -0.0229404
  outer loop
    vertex 164.2901403019525 73.54420303167859 73.0831191146832
    vertex 148.4758426906296 101.7591476836722 84.77917352475842
    vertex 154.3926344754685 92.53601687842621 52.4162382293667
  endloop
endfacet
facet normal -0.281271 -0.959627 -0.00180153
  outer loop
    vertex 61.65372408525936 169.1118514664738 54.31913858429262
    vertex 62.55790042389899 168.7794688181994 90.20245756776224
    vertex 38.71617646632693 175.7869667518847 79.87844994390913
  endloop
endfacet
facet normal -0.282707 -0.959205 0.00180153
  outer loop
    vertex 62.55790042389899 168.7794688181994 90.20245756776224
    vertex 39.65640543595337 175.5772465551823 115.7617689273788
    vertex 38.71617646632693 175.7869667518847 79.87844994390913
  endloop
endfacet
facet normal -0.286403 -0.958108 -0.00180153
  outer loop
    vertex 62.55790042389899 168.7794688181994 90.20245756776224
    vertex 63.46028495545173 168.4422519244292 126.0857765512319
    vertex 39.65640543595337 175.5772465551823 115.7617689273788
  endloop
endfacet
facet normal -0.151716 -0.988423 -0.00180153
  outer loop
    vertex 38.71617646632693 175.7869667518847 79.87844994390913
    vertex 39.65640543595337 175.5772465551823 115.7617689273788
    vertex 15.09668850227681 179.3657994051966 105.4377613035256
  endloop
endfacet
facet normal -0.288175 -0.957575 0.00225047
  outer loop
    vertex 63.90692740427707 168.2733033780001 373.8520429427475
    vertex 62.7818050080444 168.6963098586685 409.7680101420339
    vertex 39.90375739604133 175.5211957162948 384.1956849507187
  endloop
endfacet
facet normal -0.283556 -0.958953 -0.00225047
  outer loop
    vertex 62.7818050080444 168.6963098586685 409.7680101420339
    vertex 38.73077013254549 175.7837519366904 420.1116521500052
    vertex 39.90375739604133 175.5211957162948 384.1956849507187
  endloop
endfacet
facet normal -0.281774 -0.959478 0.00225047
  outer loop
    vertex 62.7818050080444 168.6963098586685 409.7680101420339
    vertex 61.65388294075362 169.1117935518627 445.6839773413204
    vertex 38.73077013254549 175.7837519366904 420.1116521500052
  endloop
endfacet
facet normal -0.152316 -0.988329 0.00225047
  outer loop
    vertex 39.90375739604133 175.5211957162948 384.1956849507187
    vertex 38.73077013254549 175.7837519366904 420.1116521500052
    vertex 15.12630163609282 179.3633044934608 394.5393269586899
  endloop
endfacet
facet normal 0.916252 -0.400511 0.008582
  outer loop
    vertex -170.8828717888719 56.56009307973235 278.6436223431746
    vertex -158.4317802083214 85.43635654697671 296.9276151107271
    vertex -169.7835712694971 59.779084360465 311.5035547121197
  endloop
endfacet
facet normal 0.912644 -0.408665 -0.008582
  outer loop
    vertex -158.4317802083214 85.43635654697671 296.9276151107271
    vertex -156.7890422124885 88.41490961421883 329.7875474796722
    vertex -169.7835712694971 59.779084360465 311.5035547121197
  endloop
endfacet
facet normal 0.832567 -0.553857 0.008582
  outer loop
    vertex -158.4317802083214 85.43635654697671 296.9276151107271
    vertex -141.1452515616401 111.7050489530412 315.2116078782796
    vertex -156.7890422124885 88.41490961421883 329.7875474796722
  endloop
endfacet
facet normal 0.90852 -0.417753 0.008582
  outer loop
    vertex -169.7835712694971 59.779084360465 311.5035547121197
    vertex -156.7890422124885 88.41490961421883 329.7875474796722
    vertex -168.6236393258998 62.97672792777396 344.3634870810649
  endloop
endfacet
facet normal 0.353115 -0.935332 -0.0215279
  outer loop
    vertex -61.56469819660755 169.144281416667 54.06839552459207
    vertex -48.49318251517886 173.3447756626935 85.97541066212845
    vertex -76.07184836657107 163.1351399487352 77.19416522130165
  endloop
endfacet
facet normal 0.341058 -0.939796 0.0215279
  outer loop
    vertex -48.49318251517886 173.3447756626935 85.97541066212845
    vertex -63.41615550727882 168.4588710061795 109.101180358838
    vertex -76.07184836657107 163.1351399487352 77.19416522130165
  endloop
endfacet
facet normal 0.280795 -0.959526 -0.0215279
  outer loop
    vertex -48.49318251517886 173.3447756626935 85.97541066212845
    vertex -35.13952530474305 176.5367207165617 117.8824257996648
    vertex -63.41615550727882 168.4588710061795 109.101180358838
  endloop
endfacet
facet normal 0.433288 -0.900998 -0.0215279
  outer loop
    vertex -76.07184836657107 163.1351399487352 77.19416522130165
    vertex -63.41615550727882 168.4588710061795 109.101180358838
    vertex -90.00008428716575 155.8845240179507 100.3199349180112
  endloop
endfacet
facet normal 0.281772 -0.959245 0.0213212
  outer loop
    vertex -35.38029902778278 176.488624111314 382.0830888791334
    vertex -48.61132981394892 173.3116805461175 414.0073072901632
    vertex -63.53102923771822 168.4155821888111 390.903275209057
  endloop
endfacet
facet normal 0.341386 -0.939681 -0.0213212
  outer loop
    vertex -48.61132981394892 173.3116805461175 414.0073072901632
    vertex -76.07177942777584 163.1351720956944 422.8274936200869
    vertex -63.53102923771822 168.4155821888111 390.903275209057
  endloop
endfacet
facet normal 0.353429 -0.935218 0.0213212
  outer loop
    vertex -48.61132981394892 173.3116805461175 414.0073072901632
    vertex -61.56456613560178 169.144329483832 445.931525701193
    vertex -76.07177942777584 163.1351720956944 422.8274936200869
  endloop
endfacet
facet normal 0.433591 -0.900857 0.0213212
  outer loop
    vertex -63.53102923771822 168.4155821888111 390.903275209057
    vertex -76.07177942777584 163.1351720956944 422.8274936200869
    vertex -90.00007424592749 155.8845298152692 399.7234615389808
  endloop
endfacet
facet normal 0.638888 -0.768847 0.0263846
  outer loop
    vertex -115.7017697435765 137.8879997614165 445.9309647925525
    vertex -127.676674348231 126.8805218596447 415.1387063026652
    vertex -103.2437936568847 147.4473433851374 422.8272131657666
  endloop
endfacet
facet normal 0.648607 -0.760666 -0.0263846
  outer loop
    vertex -127.676674348231 126.8805218596447 415.1387063026652
    vertex -116.13249268366 137.5254308958152 392.0349546758794
    vertex -103.2437936568847 147.4473433851374 422.8272131657666
  endloop
endfacet
facet normal 0.705684 -0.708035 0.0263846
  outer loop
    vertex -127.676674348231 126.8805218596447 415.1387063026652
    vertex -138.6090322704505 114.8369982760312 384.3464478127779
    vertex -116.13249268366 137.5254308958152 392.0349546758794
  endloop
endfacet
facet normal 0.569448 -0.821604 0.0263846
  outer loop
    vertex -103.2437936568847 147.4473433851374 422.8272131657666
    vertex -116.13249268366 137.5254308958152 392.0349546758794
    vertex -90.00007424592749 155.8845298152692 399.7234615389808
  endloop
endfacet
facet normal 0.99601 -0.0892394 0
  outer loop
    vertex -180 0 374.9999999999995
    vertex -180 0 343.7499999999994
    vertex -177.1330786141622 31.99800713589869 359.6817435405322
  endloop
endfacet
facet normal 0.99601 -0.0892394 0
  outer loop
    vertex -180 0 343.7499999999994
    vertex -177.1330786141622 31.99800713589869 328.431743540532
    vertex -177.1330786141622 31.99800713589869 359.6817435405322
  endloop
endfacet
facet normal 0.99601 -0.0892394 0
  outer loop
    vertex -180 0 343.7499999999994
    vertex -180 0 312.4999999999992
    vertex -177.1330786141622 31.99800713589869 328.431743540532
  endloop
endfacet
facet normal 0.964283 -0.264876 0
  outer loop
    vertex -177.1330786141622 31.99800713589869 359.6817435405322
    vertex -177.1330786141622 31.99800713589869 328.431743540532
    vertex -168.6236393258998 62.97672792777396 344.3634870810649
  endloop
endfacet
facet normal -0.573564 -0.81901 -0.0157126
  outer loop
    vertex 115.7017697435771 137.887999761416 445.9309647925523
    vertex 90.04159155322789 155.8605523875804 445.8074710669364
    vertex 111.3068868923403 141.4594533084862 420.1994905499967
  endloop
endfacet
facet normal -0.54762 -0.83658 0.0157126
  outer loop
    vertex 90.04159155322789 155.8605523875804 445.8074710669364
    vertex 85.09403548347836 158.6159043889878 420.0759968243807
    vertex 111.3068868923403 141.4594533084862 420.1994905499967
  endloop
endfacet
facet normal -0.422873 -0.906053 -0.0157126
  outer loop
    vertex 90.04159155322789 155.8605523875804 445.8074710669364
    vertex 61.65388294075362 169.1117935518627 445.6839773413204
    vertex 85.09403548347836 158.6159043889878 420.0759968243807
  endloop
endfacet
facet normal -0.547516 -0.836648 -0.0157126
  outer loop
    vertex 111.3068868923403 141.4594533084862 420.1994905499967
    vertex 85.09403548347836 158.6159043889878 420.0759968243807
    vertex 106.8018298882759 144.8908869891954 394.4680163074411
  endloop
endfacet
facet normal -0.422857 -0.906036 0.0170357
  outer loop
    vertex 61.65372408525936 169.1118514664738 54.31913858429262
    vertex 90.04151834927303 155.8605946779286 54.19408689587013
    vertex 84.6639392140921 158.8458919731717 79.4844858286982
  endloop
endfacet
facet normal -0.545345 -0.838039 -0.0170357
  outer loop
    vertex 90.04151834927303 155.8605946779286 54.19408689587013
    vertex 110.9232479079975 141.7604778263001 79.35943414027571
    vertex 84.6639392140921 158.8458919731717 79.4844858286982
  endloop
endfacet
facet normal -0.573547 -0.818996 0.0170357
  outer loop
    vertex 90.04151834927303 155.8605946779286 54.19408689587013
    vertex 115.7017697435771 137.887999761416 54.06903520744764
    vertex 110.9232479079975 141.7604778263001 79.35943414027571
  endloop
endfacet
facet normal -0.545231 -0.838113 0.0170357
  outer loop
    vertex 84.6639392140921 158.8458919731717 79.4844858286982
    vertex 110.9232479079975 141.7604778263001 79.35943414027571
    vertex 106.0152116865906 145.4674358440658 104.6498330731038
  endloop
endfacet
facet normal 0.970217 -0.242049 0.00958144
  outer loop
    vertex -170.8964804059644 56.51896128604834 404.6096540427964
    vertex -177.7095473983792 28.6237098130764 389.804827021398
    vertex -169.7907642163866 59.75865114621826 374.4865705619306
  endloop
endfacet
facet normal 0.967965 -0.250904 -0.00958144
  outer loop
    vertex -177.7095473983792 28.6237098130764 389.804827021398
    vertex -177.1330786141622 31.99800713589869 359.6817435405322
    vertex -169.7907642163866 59.75865114621826 374.4865705619306
  endloop
endfacet
facet normal 0.996362 -0.084684 0.00958144
  outer loop
    vertex -177.7095473983792 28.6237098130764 389.804827021398
    vertex -180 0 374.9999999999995
    vertex -177.1330786141622 31.99800713589869 359.6817435405322
  endloop
endfacet
facet normal 0.965438 -0.260455 0.00958144
  outer loop
    vertex -169.7907642163866 59.75865114621826 374.4865705619306
    vertex -177.1330786141622 31.99800713589869 359.6817435405322
    vertex -168.6236393258998 62.97672792777396 344.3634870810649
  endloop
endfacet
facet normal 0.996349 -0.0849339 -0.00870832
  outer loop
    vertex -180 0 312.4999999999992
    vertex -177.7061013612039 28.64509624702864 295.5718111715869
    vertex -177.1330786141622 31.99800713589869 328.431743540532
  endloop
endfacet
facet normal 0.968005 -0.25078 0.00870832
  outer loop
    vertex -177.7061013612039 28.64509624702864 295.5718111715869
    vertex -169.7835712694971 59.779084360465 311.5035547121197
    vertex -177.1330786141622 31.99800713589869 328.431743540532
  endloop
endfacet
facet normal 0.970135 -0.24241 -0.00870832
  outer loop
    vertex -177.7061013612039 28.64509624702864 295.5718111715869
    vertex -170.8828717888719 56.56009307973235 278.6436223431746
    vertex -169.7835712694971 59.779084360465 311.5035547121197
  endloop
endfacet
facet normal 0.965381 -0.260699 -0.00870832
  outer loop
    vertex -177.1330786141622 31.99800713589869 328.431743540532
    vertex -169.7835712694971 59.779084360465 311.5035547121197
    vertex -168.6236393258998 62.97672792777396 344.3634870810649
  endloop
endfacet
facet normal 0.315009 -0.949086 0.00231409
  outer loop
    vertex -42.84906449248653 174.8255063545326 312.5335007622188
    vertex -69.7709566442976 165.9277361050272 328.0443224163056
    vertex -70.59037809530214 165.5807915199172 297.2957365908547
  endloop
endfacet
facet normal 0.462279 -0.886731 -0.00231409
  outer loop
    vertex -69.7709566442976 165.9277361050272 328.0443224163056
    vertex -95.71635765383058 152.4413948948382 312.8065582449416
    vertex -70.59037809530214 165.5807915199172 297.2957365908547
  endloop
endfacet
facet normal 0.460139 -0.887844 0.00231409
  outer loop
    vertex -69.7709566442976 165.9277361050272 328.0443224163056
    vertex -94.96158459557124 152.91271186889 343.5551440703924
    vertex -95.71635765383058 152.4413948948382 312.8065582449416
  endloop
endfacet
facet normal 0.464523 -0.885558 0.00231409
  outer loop
    vertex -70.59037809530214 165.5807915199172 297.2957365908547
    vertex -95.71635765383058 152.4413948948382 312.8065582449416
    vertex -96.46879150457619 151.9663524127845 282.0579724194908
  endloop
endfacet
facet normal -0.929621 -0.368516 -0.000176795
  outer loop
    vertex 171.8619791666669 53.51130830876907 281.2499999999992
    vertex 161.8627551895811 78.74292655494675 265.6246853750597
    vertex 171.8401298205067 53.58143132906579 249.9717520999597
  endloop
endfacet
facet normal -0.929546 -0.368706 0.000176795
  outer loop
    vertex 161.8627551895811 78.74292655494675 265.6246853750597
    vertex 161.830611032288 78.808967338218 234.3464374750202
    vertex 171.8401298205067 53.58143132906579 249.9717520999597
  endloop
endfacet
facet normal -0.863646 -0.504098 -0.000176795
  outer loop
    vertex 161.8627551895811 78.74292655494675 265.6246853750597
    vertex 148.1835562972832 102.1843121182988 249.9993707501202
    vertex 161.830611032288 78.808967338218 234.3464374750202
  endloop
endfacet
facet normal -0.929471 -0.368895 -0.000176795
  outer loop
    vertex 171.8401298205067 53.58143132906579 249.9717520999597
    vertex 161.830611032288 78.808967338218 234.3464374750202
    vertex 171.8182518627957 53.65154542800146 218.6935041999202
  endloop
endfacet
facet normal -0.926874 -0.375184 0.0119037
  outer loop
    vertex 171.8616105958517 53.51249203129881 156.2497553298465
    vertex 161.7845776811986 78.90342466912468 171.8854157008667
    vertex 159.5103494943584 83.40532599413328 136.6959320749983
  endloop
endfacet
facet normal -0.851979 -0.523441 -0.0119037
  outer loop
    vertex 161.7845776811986 78.90342466912468 171.8854157008667
    vertex 145.0519820287288 106.5829372345187 152.3315924460185
    vertex 159.5103494943584 83.40532599413328 136.6959320749983
  endloop
endfacet
facet normal -0.859425 -0.511123 0.0119037
  outer loop
    vertex 161.7845776811986 78.90342466912468 171.8854157008667
    vertex 147.9812761720028 102.4770310972436 187.5210760718869
    vertex 145.0519820287288 106.5829372345187 152.3315924460185
  endloop
endfacet
facet normal -0.844767 -0.535002 0.0119037
  outer loop
    vertex 159.5103494943584 83.40532599413328 136.6959320749983
    vertex 145.0519820287288 106.5829372345187 152.3315924460185
    vertex 142.0087986680562 110.6051585634932 117.1421088201502
  endloop
endfacet
facet normal 0.316238 -0.94868 -3.32289e-05
  outer loop
    vertex -42.87390402401599 174.8194164094465 250.0309061504457
    vertex -42.861484366412 174.8224618231531 281.2822034563322
    vertex -70.60214113468776 165.575776208954 266.0444392849682
  endloop
endfacet
facet normal 0.316205 -0.948691 3.32289e-05
  outer loop
    vertex -42.861484366412 174.8224618231531 281.2822034563322
    vertex -70.59037809530214 165.5807915199172 297.2957365908547
    vertex -70.60214113468776 165.575776208954 266.0444392849682
  endloop
endfacet
facet normal 0.316171 -0.948702 -3.32289e-05
  outer loop
    vertex -42.861484366412 174.8224618231531 281.2822034563322
    vertex -42.84906449248653 174.8255063545326 312.5335007622188
    vertex -70.59037809530214 165.5807915199172 297.2957365908547
  endloop
endfacet
facet normal 0.465607 -0.884992 -3.32289e-05
  outer loop
    vertex -70.60214113468776 165.575776208954 266.0444392849682
    vertex -70.59037809530214 165.5807915199172 297.2957365908547
    vertex -96.46879150457619 151.9663524127845 282.0579724194908
  endloop
endfacet
facet normal -0.138651 -0.990341 0.000733176
  outer loop
    vertex 11.66995107843733 179.6213023052302 342.791170427864
    vertex 11.36983093376984 179.6405492769867 312.0335160985657
    vertex 38.25341608118043 175.8882490620681 327.5399772551227
  endloop
endfacet
facet normal -0.137821 -0.990457 -0.000733176
  outer loop
    vertex 11.36983093376984 179.6405492769867 312.0335160985657
    vertex 37.95949586473329 175.9519158000142 296.7823229258244
    vertex 38.25341608118043 175.8882490620681 327.5399772551227
  endloop
endfacet
facet normal -0.136996 -0.990571 0.000733176
  outer loop
    vertex 11.36983093376984 179.6405492769867 312.0335160985657
    vertex 11.06967905093972 179.6592947935319 281.2758617692673
    vertex 37.95949586473329 175.9519158000142 296.7823229258244
  endloop
endfacet
facet normal -0.284392 -0.958708 0.000733176
  outer loop
    vertex 38.25341608118043 175.8882490620681 327.5399772551227
    vertex 37.95949586473329 175.9519158000142 296.7823229258244
    vertex 63.98607753192074 168.2432223956704 312.2887840823814
  endloop
endfacet
facet normal -0.997146 -0.0754921 0.000177272
  outer loop
    vertex 180 -4.408728476930472e-14 249.9999999999991
    vertex 177.9538651589227 27.06329386826322 265.6249999999992
    vertex 177.9428072939494 27.1359048558987 234.3467520999596
  endloop
endfacet
facet normal -0.974415 -0.224755 -0.000177272
  outer loop
    vertex 177.9538651589227 27.06329386826322 265.6249999999992
    vertex 171.8401298205067 53.58143132906579 249.9717520999597
    vertex 177.9428072939494 27.1359048558987 234.3467520999596
  endloop
endfacet
facet normal -0.974461 -0.224557 0.000177272
  outer loop
    vertex 177.9538651589227 27.06329386826322 265.6249999999992
    vertex 171.8619791666669 53.51130830876907 281.2499999999992
    vertex 171.8401298205067 53.58143132906579 249.9717520999597
  endloop
endfacet
facet normal -0.974369 -0.224954 0.000177272
  outer loop
    vertex 177.9428072939494 27.1359048558987 234.3467520999596
    vertex 171.8401298205067 53.58143132906579 249.9717520999597
    vertex 171.8182518627957 53.65154542800146 218.6935041999202
  endloop
endfacet
facet normal -0.997155 -0.0753724 -3.1229e-05
  outer loop
    vertex 180 -4.408728476930472e-14 374.9999999999995
    vertex 177.9538651589226 27.06329386826379 390.6249999999996
    vertex 177.9558128017721 27.05048410030118 359.3528127096692
  endloop
endfacet
facet normal -0.974496 -0.224404 3.1229e-05
  outer loop
    vertex 177.9538651589226 27.06329386826379 390.6249999999996
    vertex 171.8658306393765 53.49893698604824 374.9778127096693
    vertex 177.9558128017721 27.05048410030118 359.3528127096692
  endloop
endfacet
facet normal -0.974488 -0.22444 -3.1229e-05
  outer loop
    vertex 177.9538651589226 27.06329386826379 390.6249999999996
    vertex 171.8619791666666 53.51130830877018 406.2499999999997
    vertex 171.8658306393765 53.49893698604824 374.9778127096693
  endloop
endfacet
facet normal -0.974504 -0.224369 -3.1229e-05
  outer loop
    vertex 177.9558128017721 27.05048410030118 359.3528127096692
    vertex 171.8658306393765 53.49893698604824 374.9778127096693
    vertex 171.8696812215483 53.48656538611682 343.7056254193388
  endloop
endfacet
facet normal -0.773178 -0.634116 -0.00962655
  outer loop
    vertex 147.9812761720028 102.4770310972436 187.5210760718869
    vertex 130.7838710017028 123.6752969909915 172.4070940608187
    vertex 145.0519820287288 106.5829372345187 152.3315924460185
  endloop
endfacet
facet normal -0.762053 -0.647443 0.00962655
  outer loop
    vertex 130.7838710017028 123.6752969909915 172.4070940608187
    vertex 127.2673956084753 127.2910445201698 137.2176104349503
    vertex 145.0519820287288 106.5829372345187 152.3315924460185
  endloop
endfacet
facet normal -0.668401 -0.743738 -0.00962655
  outer loop
    vertex 130.7838710017028 123.6752969909915 172.4070940608187
    vertex 110.5787709370523 142.0293470309954 157.2931120497505
    vertex 127.2673956084753 127.2910445201698 137.2176104349503
  endloop
endfacet
facet normal -0.755108 -0.65553 -0.00962655
  outer loop
    vertex 145.0519820287288 106.5829372345187 152.3315924460185
    vertex 127.2673956084753 127.2910445201698 137.2176104349503
    vertex 142.0087986680562 110.6051585634932 117.1421088201502
  endloop
endfacet
facet normal -0.86347 -0.504401 0.000429585
  outer loop
    vertex 148.1835562972832 102.1843121182988 249.9993707501202
    vertex 148.0824885629297 102.3307215894121 218.7602234110036
    vertex 161.830611032288 78.808967338218 234.3464374750202
  endloop
endfacet
facet normal -0.863222 -0.504825 -0.000429585
  outer loop
    vertex 148.0824885629297 102.3307215894121 218.7602234110036
    vertex 161.7526399955479 78.96887649239217 203.1072901359035
    vertex 161.830611032288 78.808967338218 234.3464374750202
  endloop
endfacet
facet normal -0.862971 -0.505254 0.000429585
  outer loop
    vertex 148.0824885629297 102.3307215894121 218.7602234110036
    vertex 147.9812761720028 102.4770310972436 187.5210760718869
    vertex 161.7526399955479 78.96887649239217 203.1072901359035
  endloop
endfacet
facet normal -0.929341 -0.369221 0.000429585
  outer loop
    vertex 161.830611032288 78.808967338218 234.3464374750202
    vertex 161.7526399955479 78.96887649239217 203.1072901359035
    vertex 171.8182518627957 53.65154542800146 218.6935041999202
  endloop
endfacet
facet normal 0.785526 -0.618758 0.00935767
  outer loop
    vertex -131.1722316942183 123.2633182757884 188.897595238604
    vertex -133.7242658208984 120.4899196226045 219.7416422406826
    vertex -149.6185600425292 100.0714069592313 203.8483382359253
  endloop
endfacet
facet normal 0.792587 -0.609687 -0.00935767
  outer loop
    vertex -133.7242658208984 120.4899196226045 219.7416422406826
    vertex -151.68097705717 96.91687778185108 234.6923852380039
    vertex -149.6185600425292 100.0714069592313 203.8483382359253
  endloop
endfacet
facet normal 0.798309 -0.602175 0.00935767
  outer loop
    vertex -133.7242658208984 120.4899196226045 219.7416422406826
    vertex -136.2176733380153 117.6636964844202 250.5856892427612
    vertex -151.68097705717 96.91687778185108 234.6923852380039
  endloop
endfacet
facet normal 0.876401 -0.481491 0.00935767
  outer loop
    vertex -149.6185600425292 100.0714069592313 203.8483382359253
    vertex -151.68097705717 96.91687778185108 234.6923852380039
    vertex -164.0098015865661 74.16727704004785 218.7990812332465
  endloop
endfacet
facet normal 0.68409 -0.729342 -0.00897858
  outer loop
    vertex -131.1722316942183 123.2633182757884 188.897595238604
    vertex -113.1028184462463 140.0276846181334 203.838194362532
    vertex -133.7242658208984 120.4899196226045 219.7416422406826
  endloop
endfacet
facet normal 0.691388 -0.722428 0.00897858
  outer loop
    vertex -113.1028184462463 140.0276846181334 203.838194362532
    vertex -116.0098123064567 137.6289339078839 234.6822413646106
    vertex -133.7242658208984 120.4899196226045 219.7416422406826
  endloop
endfacet
facet normal 0.578037 -0.815961 -0.00897858
  outer loop
    vertex -113.1028184462463 140.0276846181334 203.838194362532
    vertex -92.91256093073382 154.1663258344463 218.77879348646
    vertex -116.0098123064567 137.6289339078839 234.6822413646106
  endloop
endfacet
facet normal 0.699211 -0.714859 -0.00897858
  outer loop
    vertex -133.7242658208984 120.4899196226045 219.7416422406826
    vertex -116.0098123064567 137.6289339078839 234.6822413646106
    vertex -136.2176733380153 117.6636964844202 250.5856892427612
  endloop
endfacet
facet normal -0.573392 -0.818889 0.0253282
  outer loop
    vertex 90.00000000000001 155.884572681199 0
    vertex 115.7017697435771 137.887999761416 0
    vertex 103.2437585431883 147.4473679720185 27.03451760372382
  endloop
endfacet
facet normal -0.642581 -0.765799 -0.0253282
  outer loop
    vertex 115.7017697435771 137.887999761416 0
    vertex 127.2792206135786 127.2792206135785 27.03451760372382
    vertex 103.2437585431883 147.4473679720185 27.03451760372382
  endloop
endfacet
facet normal -0.70688 -0.70688 0.0253282
  outer loop
    vertex 115.7017697435771 137.887999761416 0
    vertex 137.8879997614161 115.701769743577 0
    vertex 127.2792206135786 127.2792206135785 27.03451760372382
  endloop
endfacet
facet normal -0.642581 -0.765799 0.0253282
  outer loop
    vertex 103.2437585431883 147.4473679720185 27.03451760372382
    vertex 127.2792206135786 127.2792206135785 27.03451760372382
    vertex 115.7017697435771 137.887999761416 54.06903520744764
  endloop
endfacet
facet normal 0.70688 -0.70688 0.0253282
  outer loop
    vertex -137.8879997614156 115.7017697435777 0
    vertex -115.7017697435766 137.8879997614165 0
    vertex -127.279220613578 127.2792206135791 27.03451760372377
  endloop
endfacet
facet normal 0.642581 -0.765799 -0.0253282
  outer loop
    vertex -115.7017697435766 137.8879997614165 0
    vertex -103.2437585431878 147.4473679720189 27.03451760372377
    vertex -127.279220613578 127.2792206135791 27.03451760372377
  endloop
endfacet
facet normal 0.573392 -0.818889 0.0253282
  outer loop
    vertex -115.7017697435766 137.8879997614165 0
    vertex -89.99999999999947 155.8845726811992 0
    vertex -103.2437585431878 147.4473679720189 27.03451760372377
  endloop
endfacet
facet normal 0.642581 -0.765799 0.0253282
  outer loop
    vertex -127.279220613578 127.2792206135791 27.03451760372377
    vertex -103.2437585431878 147.4473679720189 27.03451760372377
    vertex -115.7017697435765 137.8879997614165 54.06903520744755
  endloop
endfacet
facet normal -0.0867981 -0.995902 -0.0254125
  outer loop
    vertex -0.08992324409853819 179.9999775383602 54.09788006244371
    vertex 15.64324267426292 179.3189587261596 27.04894003122185
    vertex 31.25960997584343 177.2648774691652 54.20850932336816
  endloop
endfacet
facet normal -0.173688 -0.984473 0.0254125
  outer loop
    vertex 15.64324267426292 179.3189587261596 27.04894003122185
    vertex 46.63373772819141 173.8542334989236 27.15956929214631
    vertex 31.25960997584343 177.2648774691652 54.20850932336816
  endloop
endfacet
facet normal -0.173512 -0.984504 -0.0254125
  outer loop
    vertex 15.64324267426292 179.3189587261596 27.04894003122185
    vertex 31.2566719800476 177.2653955421974 0
    vertex 46.63373772819141 173.8542334989236 27.15956929214631
  endloop
endfacet
facet normal -0.258914 -0.965566 -0.0254125
  outer loop
    vertex 31.25960997584343 177.2648774691652 54.20850932336816
    vertex 46.63373772819141 173.8542334989236 27.15956929214631
    vertex 61.65372408525936 169.1118514664738 54.31913858429262
  endloop
endfacet
facet normal 0.173729 -0.98447 -0.0252501
  outer loop
    vertex -31.25667198004706 177.2653955421975 0
    vertex -15.73282373606344 179.3111213987854 27.04894003122185
    vertex -46.58797928680594 173.8665010459811 27.03419776229603
  endloop
endfacet
facet normal 0.173706 -0.984474 0.0252501
  outer loop
    vertex -15.73282373606344 179.3111213987854 27.04894003122185
    vertex -31.30151147821508 177.2574832811839 54.08313779351789
    vertex -46.58797928680594 173.8665010459811 27.03419776229603
  endloop
endfacet
facet normal 0.0875145 -0.995843 -0.0252501
  outer loop
    vertex -15.73282373606344 179.3111213987854 27.04894003122185
    vertex -0.08992324409853819 179.9999775383602 54.09788006244371
    vertex -31.30151147821508 177.2574832811839 54.08313779351789
  endloop
endfacet
facet normal 0.258873 -0.965581 -0.0252501
  outer loop
    vertex -46.58797928680594 173.8665010459811 27.03419776229603
    vertex -31.30151147821508 177.2574832811839 54.08313779351789
    vertex -61.56469819660755 169.144281416667 54.06839552459207
  endloop
endfacet
facet normal -0.70688 -0.70688 -0.0253282
  outer loop
    vertex 137.8879997614161 115.701769743577 500
    vertex 115.7017697435771 137.887999761416 500
    vertex 127.2792206135786 127.2792206135785 472.9654823962762
  endloop
endfacet
facet normal -0.642581 -0.765799 0.0253282
  outer loop
    vertex 115.7017697435771 137.887999761416 500
    vertex 103.2437585431883 147.4473679720185 472.9654823962762
    vertex 127.2792206135786 127.2792206135785 472.9654823962762
  endloop
endfacet
facet normal -0.573392 -0.818889 -0.0253282
  outer loop
    vertex 115.7017697435771 137.887999761416 500
    vertex 90.00000000000001 155.884572681199 500
    vertex 103.2437585431883 147.4473679720185 472.9654823962762
  endloop
endfacet
facet normal -0.642581 -0.765799 -0.0253282
  outer loop
    vertex 127.2792206135786 127.2792206135785 472.9654823962762
    vertex 103.2437585431883 147.4473679720185 472.9654823962762
    vertex 115.7017697435771 137.887999761416 445.9309647925523
  endloop
endfacet
facet normal 0.573392 -0.818889 -0.0253282
  outer loop
    vertex -89.99999999999947 155.8845726811992 500
    vertex -115.7017697435766 137.8879997614165 500
    vertex -103.2437585431878 147.4473679720189 472.9654823962762
  endloop
endfacet
facet normal 0.642581 -0.765799 0.0253282
  outer loop
    vertex -115.7017697435766 137.8879997614165 500
    vertex -127.279220613578 127.2792206135791 472.9654823962762
    vertex -103.2437585431878 147.4473679720189 472.9654823962762
  endloop
endfacet
facet normal 0.70688 -0.70688 -0.0253282
  outer loop
    vertex -115.7017697435766 137.8879997614165 500
    vertex -137.8879997614156 115.7017697435777 500
    vertex -127.279220613578 127.2792206135791 472.9654823962762
  endloop
endfacet
facet normal 0.642581 -0.765799 -0.0253282
  outer loop
    vertex -103.2437585431878 147.4473679720189 472.9654823962762
    vertex -127.279220613578 127.2792206135791 472.9654823962762
    vertex -115.7017697435765 137.8879997614165 445.9309647925525
  endloop
endfacet
facet normal -0.173514 -0.984503 0.0254132
  outer loop
    vertex 31.2566719800476 177.2653955421974 500
    vertex 15.64338182805563 179.3189465867499 472.9511375363981
    vertex 46.63381938332954 173.8542115961618 472.8419886706602
  endloop
endfacet
facet normal -0.173688 -0.984473 -0.0254132
  outer loop
    vertex 15.64338182805563 179.3189465867499 472.9511375363981
    vertex 31.25983079266394 177.2648385292865 445.7931262070582
    vertex 46.63381938332954 173.8542115961618 472.8419886706602
  endloop
endfacet
facet normal -0.0868007 -0.995902 0.0254132
  outer loop
    vertex 15.64338182805563 179.3189465867499 472.9511375363981
    vertex -0.08964387954498845 179.9999776777066 445.902275072796
    vertex 31.25983079266394 177.2648385292865 445.7931262070582
  endloop
endfacet
facet normal -0.258917 -0.965565 0.0254132
  outer loop
    vertex 46.63381938332954 173.8542115961618 472.8419886706602
    vertex 31.25983079266394 177.2648385292865 445.7931262070582
    vertex 61.65388294075362 169.1117935518627 445.6839773413204
  endloop
endfacet
facet normal 0.087513 -0.995843 0.0252502
  outer loop
    vertex -0.08964387954498845 179.9999776777066 445.902275072796
    vertex -15.7326845883431 179.3111336076032 472.9511375363981
    vertex -31.30130472640476 177.2575197909097 445.9169003869945
  endloop
endfacet
facet normal 0.173705 -0.984474 -0.0252502
  outer loop
    vertex -15.7326845883431 179.3111336076032 472.9511375363981
    vertex -46.5879114128502 173.8665192329691 472.9657628505965
    vertex -31.30130472640476 177.2575197909097 445.9169003869945
  endloop
endfacet
facet normal 0.173728 -0.98447 0.0252502
  outer loop
    vertex -15.7326845883431 179.3111336076032 472.9511375363981
    vertex -31.25667198004706 177.2653955421975 500
    vertex -46.5879114128502 173.8665192329691 472.9657628505965
  endloop
endfacet
facet normal 0.258872 -0.965582 0.0252502
  outer loop
    vertex -31.30130472640476 177.2575197909097 445.9169003869945
    vertex -46.5879114128502 173.8665192329691 472.9657628505965
    vertex -61.56456613560178 169.144329483832 445.931525701193
  endloop
endfacet
facet normal -0.500044 -0.865634 -0.0251926
  outer loop
    vertex 90.00000000000001 155.884572681199 0
    vertex 103.2437585431883 147.4473679720185 27.03451760372382
    vertex 76.11473729342984 163.1151334694367 27.15956929214631
  endloop
endfacet
facet normal -0.49987 -0.865734 0.0251926
  outer loop
    vertex 103.2437585431883 147.4473679720185 27.03451760372382
    vertex 90.04151834927303 155.8605946779286 54.19408689587013
    vertex 76.11473729342984 163.1151334694367 27.15956929214631
  endloop
endfacet
facet normal -0.573586 -0.818758 -0.0251926
  outer loop
    vertex 103.2437585431883 147.4473679720185 27.03451760372382
    vertex 115.7017697435771 137.887999761416 54.06903520744764
    vertex 90.04151834927303 155.8605946779286 54.19408689587013
  endloop
endfacet
facet normal -0.422937 -0.905809 -0.0251926
  outer loop
    vertex 76.11473729342984 163.1151334694367 27.15956929214631
    vertex 90.04151834927303 155.8605946779286 54.19408689587013
    vertex 61.65372408525936 169.1118514664738 54.31913858429262
  endloop
endfacet
facet normal 0.573394 -0.818889 -0.0253274
  outer loop
    vertex -115.7017697435765 137.8879997614165 54.06903520744755
    vertex -103.2437585431878 147.4473679720189 27.03451760372377
    vertex -90.00049416378316 155.8842873745614 54.06871536601981
  endloop
endfacet
facet normal 0.499841 -0.865747 0.0253274
  outer loop
    vertex -103.2437585431878 147.4473679720189 27.03451760372377
    vertex -76.0718042627786 163.1351605148488 27.03419776229603
    vertex -90.00049416378316 155.8842873745614 54.06871536601981
  endloop
endfacet
facet normal 0.499841 -0.865747 -0.0253274
  outer loop
    vertex -103.2437585431878 147.4473679720189 27.03451760372377
    vertex -89.99999999999947 155.8845726811992 0
    vertex -76.0718042627786 163.1351605148488 27.03419776229603
  endloop
endfacet
facet normal 0.422487 -0.906015 -0.0253274
  outer loop
    vertex -90.00049416378316 155.8842873745614 54.06871536601981
    vertex -76.0718042627786 163.1351605148488 27.03419776229603
    vertex -61.56469819660755 169.144281416667 54.06839552459207
  endloop
endfacet
facet normal 0.572661 -0.819792 0.000373176
  outer loop
    vertex -92.6246392870527 154.3394835968534 156.9194037787541
    vertex -92.76864050996124 154.2529718933596 187.849098632607
    vertex -112.9720845077113 140.1331799467297 172.908499508679
  endloop
endfacet
facet normal 0.573032 -0.819533 -0.000373176
  outer loop
    vertex -92.76864050996124 154.2529718933596 187.849098632607
    vertex -113.1028184462463 140.0276846181334 203.838194362532
    vertex -112.9720845077113 140.1331799467297 172.908499508679
  endloop
endfacet
facet normal 0.573426 -0.819257 0.000373176
  outer loop
    vertex -92.76864050996124 154.2529718933596 187.849098632607
    vertex -92.91256093073382 154.1663258344463 218.77879348646
    vertex -113.1028184462463 140.0276846181334 203.838194362532
  endloop
endfacet
facet normal 0.679972 -0.733238 0.000373176
  outer loop
    vertex -112.9720845077113 140.1331799467297 172.908499508679
    vertex -113.1028184462463 140.0276846181334 203.838194362532
    vertex -131.1722316942183 123.2633182757884 188.897595238604
  endloop
endfacet
facet normal -0.573585 -0.818759 0.0251932
  outer loop
    vertex 115.7017697435771 137.887999761416 445.9309647925523
    vertex 103.2437585431883 147.4473679720185 472.9654823962762
    vertex 90.04159155322789 155.8605523875804 445.8074710669364
  endloop
endfacet
facet normal -0.499871 -0.865733 -0.0251932
  outer loop
    vertex 103.2437585431883 147.4473679720185 472.9654823962762
    vertex 76.11481390466825 163.1150977201611 472.8419886706602
    vertex 90.04159155322789 155.8605523875804 445.8074710669364
  endloop
endfacet
facet normal -0.500043 -0.865634 0.0251932
  outer loop
    vertex 103.2437585431883 147.4473679720185 472.9654823962762
    vertex 90.00000000000001 155.884572681199 500
    vertex 76.11481390466825 163.1150977201611 472.8419886706602
  endloop
endfacet
facet normal -0.422937 -0.905809 0.0251932
  outer loop
    vertex 90.04159155322789 155.8605523875804 445.8074710669364
    vertex 76.11481390466825 163.1150977201611 472.8419886706602
    vertex 61.65388294075362 169.1117935518627 445.6839773413204
  endloop
endfacet
facet normal 0.499841 -0.865747 0.0253275
  outer loop
    vertex -89.99999999999947 155.8845726811992 500
    vertex -103.2437585431878 147.4473679720189 472.9654823962762
    vertex -76.07174057811812 163.1351902117244 472.9657628505965
  endloop
endfacet
facet normal 0.499841 -0.865747 -0.0253275
  outer loop
    vertex -103.2437585431878 147.4473679720189 472.9654823962762
    vertex -90.00043330971529 155.8843225089152 445.9312452468727
    vertex -76.07174057811812 163.1351902117244 472.9657628505965
  endloop
endfacet
facet normal 0.573393 -0.818889 0.0253275
  outer loop
    vertex -103.2437585431878 147.4473679720189 472.9654823962762
    vertex -115.7017697435765 137.8879997614165 445.9309647925525
    vertex -90.00043330971529 155.8843225089152 445.9312452468727
  endloop
endfacet
facet normal 0.422486 -0.906015 0.0253275
  outer loop
    vertex -76.07174057811812 163.1351902117244 472.9657628505965
    vertex -90.00043330971529 155.8843225089152 445.9312452468727
    vertex -61.56456613560178 169.144329483832 445.931525701193
  endloop
endfacet
facet normal 0.310735 -0.950497 1.85848e-06
  outer loop
    vertex -42.87240766668054 174.819783379519 187.5227501753907
    vertex -42.8731558457409 174.8195998960838 218.7768281629182
    vertex -68.67336274999013 166.3850030760233 203.1507718309254
  endloop
endfacet
facet normal 0.310737 -0.950496 -1.85848e-06
  outer loop
    vertex -42.8731558457409 174.8195998960838 218.7768281629182
    vertex -68.67407483032927 166.3847091718417 234.4048498184528
    vertex -68.67336274999013 166.3850030760233 203.1507718309254
  endloop
endfacet
facet normal 0.310739 -0.950495 1.85848e-06
  outer loop
    vertex -42.8731558457409 174.8195998960838 218.7768281629182
    vertex -42.87390402401599 174.8194164094465 250.0309061504457
    vertex -68.67407483032927 166.3847091718417 234.4048498184528
  endloop
endfacet
facet normal 0.450132 -0.892962 1.85848e-06
  outer loop
    vertex -68.67336274999013 166.3850030760233 203.1507718309254
    vertex -68.67407483032927 166.3847091718417 234.4048498184528
    vertex -92.91256093073382 154.1663258344463 218.77879348646
  endloop
endfacet
facet normal 0.308974 -0.951025 -0.00927436
  outer loop
    vertex -42.84906449248653 174.8255063545326 312.5335007622188
    vertex -39.12352002778945 175.6967563179103 347.3082948206761
    vertex -69.7709566442976 165.9277361050272 328.0443224163056
  endloop
endfacet
facet normal 0.29839 -0.954399 0.00927436
  outer loop
    vertex -39.12352002778945 175.6967563179103 347.3082948206761
    vertex -66.22844982435124 167.3732130117104 362.8191164747629
    vertex -69.7709566442976 165.9277361050272 328.0443224163056
  endloop
endfacet
facet normal 0.28869 -0.957378 -0.00927436
  outer loop
    vertex -39.12352002778945 175.6967563179103 347.3082948206761
    vertex -35.38029902778278 176.488624111314 382.0830888791334
    vertex -66.22844982435124 167.3732130117104 362.8191164747629
  endloop
endfacet
facet normal 0.454483 -0.890707 -0.00927436
  outer loop
    vertex -69.7709566442976 165.9277361050272 328.0443224163056
    vertex -66.22844982435124 167.3732130117104 362.8191164747629
    vertex -94.96158459557124 152.91271186889 343.5551440703924
  endloop
endfacet
facet normal 0.0140492 -0.999901 -1.85871e-06
  outer loop
    vertex 11.05087057402271 179.660452686606 218.7681472783133
    vertex -16.09457276690005 179.2790136280623 234.3995267143795
    vertex -16.09380550304973 179.2790825066606 203.145448726852
  endloop
endfacet
facet normal 0.164266 -0.986416 1.85871e-06
  outer loop
    vertex -16.09457276690005 179.2790136280623 234.3995267143795
    vertex -42.8731558457409 174.8195998960838 218.7768281629182
    vertex -16.09380550304973 179.2790825066606 203.145448726852
  endloop
endfacet
facet normal 0.164268 -0.986416 -1.85871e-06
  outer loop
    vertex -16.09457276690005 179.2790136280623 234.3995267143795
    vertex -42.87390402401599 174.8194164094465 250.0309061504457
    vertex -42.8731558457409 174.8195998960838 218.7768281629182
  endloop
endfacet
facet normal 0.164264 -0.986416 -1.85871e-06
  outer loop
    vertex -16.09380550304973 179.2790825066606 203.145448726852
    vertex -42.8731558457409 174.8195998960838 218.7768281629182
    vertex -42.87240766668054 174.819783379519 187.5227501753907
  endloop
endfacet
facet normal 0.0140372 -0.999901 -2.27381e-05
  outer loop
    vertex 11.05087057402271 179.660452686606 218.7681472783133
    vertex 11.06027482763358 179.6598739861999 250.0220045237903
    vertex -16.09457276690005 179.2790136280623 234.3995267143795
  endloop
endfacet
facet normal 0.014011 -0.999902 2.27381e-05
  outer loop
    vertex 11.06027482763358 179.6598739861999 250.0220045237903
    vertex -16.08518844240552 179.2798558477006 265.6533839598565
    vertex -16.09457276690005 179.2790136280623 234.3995267143795
  endloop
endfacet
facet normal 0.0139849 -0.999902 -2.27381e-05
  outer loop
    vertex 11.06027482763358 179.6598739861999 250.0220045237903
    vertex 11.06967905093972 179.6592947935319 281.2758617692673
    vertex -16.08518844240552 179.2798558477006 265.6533839598565
  endloop
endfacet
facet normal 0.164256 -0.986418 -2.27381e-05
  outer loop
    vertex -16.09457276690005 179.2790136280623 234.3995267143795
    vertex -16.08518844240552 179.2798558477006 265.6533839598565
    vertex -42.87390402401599 174.8194164094465 250.0309061504457
  endloop
endfacet
facet normal -0.258737 -0.965619 0.0252114
  outer loop
    vertex 31.2566719800476 177.2653955421974 0
    vertex 61.56362579862047 169.1446717414635 0
    vertex 46.63373772819141 173.8542334989236 27.15956929214631
  endloop
endfacet
facet normal -0.342162 -0.939303 -0.0252114
  outer loop
    vertex 61.56362579862047 169.1446717414635 0
    vertex 76.11473729342984 163.1151334694367 27.15956929214631
    vertex 46.63373772819141 173.8542334989236 27.15956929214631
  endloop
endfacet
facet normal -0.422484 -0.90602 0.0252114
  outer loop
    vertex 61.56362579862047 169.1446717414635 0
    vertex 90.00000000000001 155.884572681199 0
    vertex 76.11473729342984 163.1151334694367 27.15956929214631
  endloop
endfacet
facet normal -0.342162 -0.939303 0.0252114
  outer loop
    vertex 46.63373772819141 173.8542334989236 27.15956929214631
    vertex 76.11473729342984 163.1151334694367 27.15956929214631
    vertex 61.65372408525936 169.1118514664738 54.31913858429262
  endloop
endfacet
facet normal 0.422483 -0.906017 0.0253285
  outer loop
    vertex -89.99999999999947 155.8845726811992 0
    vertex -61.56362579861988 169.1446717414637 0
    vertex -76.0718042627786 163.1351605148488 27.03419776229603
  endloop
endfacet
facet normal 0.341913 -0.93939 -0.0253285
  outer loop
    vertex -61.56362579861988 169.1446717414637 0
    vertex -46.58797928680594 173.8665010459811 27.03419776229603
    vertex -76.0718042627786 163.1351605148488 27.03419776229603
  endloop
endfacet
facet normal 0.258736 -0.965616 0.0253285
  outer loop
    vertex -61.56362579861988 169.1446717414637 0
    vertex -31.25667198004706 177.2653955421975 0
    vertex -46.58797928680594 173.8665010459811 27.03419776229603
  endloop
endfacet
facet normal 0.341913 -0.93939 0.0253285
  outer loop
    vertex -76.0718042627786 163.1351605148488 27.03419776229603
    vertex -46.58797928680594 173.8665010459811 27.03419776229603
    vertex -61.56469819660755 169.144281416667 54.06839552459207
  endloop
endfacet
facet normal -0.422484 -0.90602 -0.0252128
  outer loop
    vertex 90.00000000000001 155.884572681199 500
    vertex 61.56362579862047 169.1446717414635 500
    vertex 76.11481390466825 163.1150977201611 472.8419886706602
  endloop
endfacet
facet normal -0.342162 -0.939303 0.0252128
  outer loop
    vertex 61.56362579862047 169.1446717414635 500
    vertex 46.63381938332954 173.8542115961618 472.8419886706602
    vertex 76.11481390466825 163.1150977201611 472.8419886706602
  endloop
endfacet
facet normal -0.258737 -0.965619 -0.0252128
  outer loop
    vertex 61.56362579862047 169.1446717414635 500
    vertex 31.2566719800476 177.2653955421974 500
    vertex 46.63381938332954 173.8542115961618 472.8419886706602
  endloop
endfacet
facet normal -0.342162 -0.939303 -0.0252128
  outer loop
    vertex 76.11481390466825 163.1150977201611 472.8419886706602
    vertex 46.63381938332954 173.8542115961618 472.8419886706602
    vertex 61.65388294075362 169.1117935518627 445.6839773413204
  endloop
endfacet
facet normal 0.258736 -0.965616 -0.0253284
  outer loop
    vertex -31.25667198004706 177.2653955421975 500
    vertex -61.56362579861988 169.1446717414637 500
    vertex -46.5879114128502 173.8665192329691 472.9657628505965
  endloop
endfacet
facet normal 0.341913 -0.93939 0.0253284
  outer loop
    vertex -61.56362579861988 169.1446717414637 500
    vertex -76.07174057811812 163.1351902117244 472.9657628505965
    vertex -46.5879114128502 173.8665192329691 472.9657628505965
  endloop
endfacet
facet normal 0.422483 -0.906017 -0.0253284
  outer loop
    vertex -61.56362579861988 169.1446717414637 500
    vertex -89.99999999999947 155.8845726811992 500
    vertex -76.07174057811812 163.1351902117244 472.9657628505965
  endloop
endfacet
facet normal 0.341913 -0.93939 -0.0253284
  outer loop
    vertex -46.5879114128502 173.8665192329691 472.9657628505965
    vertex -76.07174057811812 163.1351902117244 472.9657628505965
    vertex -61.56456613560178 169.144329483832 445.931525701193
  endloop
endfacet
facet normal 0.574863 -0.818237 0.00455794
  outer loop
    vertex -92.6246392870527 154.3394835968534 156.9194037787541
    vertex -112.9720845077113 140.1331799467297 172.908499508679
    vertex -114.7932087615101 138.6453000365911 135.492297862593
  endloop
endfacet
facet normal 0.687182 -0.726471 -0.00455794
  outer loop
    vertex -112.9720845077113 140.1331799467297 172.908499508679
    vertex -132.7714068761998 121.539102827504 151.481393592518
    vertex -114.7932087615101 138.6453000365911 135.492297862593
  endloop
endfacet
facet normal 0.68194 -0.731394 0.00455794
  outer loop
    vertex -112.9720845077113 140.1331799467297 172.908499508679
    vertex -131.1722316942183 123.2633182757884 188.897595238604
    vertex -132.7714068761998 121.539102827504 151.481393592518
  endloop
endfacet
facet normal 0.691437 -0.722423 0.00455794
  outer loop
    vertex -114.7932087615101 138.6453000365911 135.492297862593
    vertex -132.7714068761998 121.539102827504 151.481393592518
    vertex -134.3479196174646 119.7941421541941 114.065191946432
  endloop
endfacet
facet normal -0.283874 -0.958862 -1.49287e-05
  outer loop
    vertex 63.96280147008503 168.252072879054 187.505609926651
    vertex 63.9685852348308 168.2498740060574 218.7577396803822
    vertex 37.93811448719584 175.9565272138446 203.1368786024821
  endloop
endfacet
facet normal -0.283891 -0.958857 1.49287e-05
  outer loop
    vertex 63.9685852348308 168.2498740060574 218.7577396803822
    vertex 37.94416311423381 175.955222956184 234.3890083562134
    vertex 37.93811448719584 175.9565272138446 203.1368786024821
  endloop
endfacet
facet normal -0.283907 -0.958852 -1.49287e-05
  outer loop
    vertex 63.9685852348308 168.2498740060574 218.7577396803822
    vertex 63.9743689239851 168.2476749342405 250.0098694341135
    vertex 37.94416311423381 175.955222956184 234.3890083562134
  endloop
endfacet
facet normal -0.136477 -0.990643 -1.49287e-05
  outer loop
    vertex 37.93811448719584 175.9565272138446 203.1368786024821
    vertex 37.94416311423381 175.955222956184 234.3890083562134
    vertex 11.05087057402271 179.660452686606 218.7681472783133
  endloop
endfacet
facet normal 0.0871278 -0.995875 0.0253145
  outer loop
    vertex -31.25667198004706 177.2653955421975 0
    vertex 2.5082999451136e-13 180 0
    vertex -15.73282373606344 179.3111213987854 27.04894003122185
  endloop
endfacet
facet normal 0.000249707 -0.99968 -0.0253145
  outer loop
    vertex 2.5082999451136e-13 180 0
    vertex 15.64324267426292 179.3189587261596 27.04894003122185
    vertex -15.73282373606344 179.3111213987854 27.04894003122185
  endloop
endfacet
facet normal -0.0871278 -0.995875 0.0253145
  outer loop
    vertex 2.5082999451136e-13 180 0
    vertex 31.2566719800476 177.2653955421974 0
    vertex 15.64324267426292 179.3189587261596 27.04894003122185
  endloop
endfacet
facet normal 0.000249707 -0.99968 0.0253145
  outer loop
    vertex -15.73282373606344 179.3111213987854 27.04894003122185
    vertex 15.64324267426292 179.3189587261596 27.04894003122185
    vertex -0.08992324409853819 179.9999775383602 54.09788006244371
  endloop
endfacet
facet normal -0.0871278 -0.995875 -0.0253145
  outer loop
    vertex 31.2566719800476 177.2653955421974 500
    vertex 2.5082999451136e-13 180 500
    vertex 15.64338182805563 179.3189465867499 472.9511375363981
  endloop
endfacet
facet normal 0.000248931 -0.99968 0.0253145
  outer loop
    vertex 2.5082999451136e-13 180 500
    vertex -15.7326845883431 179.3111336076032 472.9511375363981
    vertex 15.64338182805563 179.3189465867499 472.9511375363981
  endloop
endfacet
facet normal 0.0871278 -0.995875 -0.0253145
  outer loop
    vertex 2.5082999451136e-13 180 500
    vertex -31.25667198004706 177.2653955421975 500
    vertex -15.7326845883431 179.3111336076032 472.9511375363981
  endloop
endfacet
facet normal 0.000248931 -0.99968 -0.0253145
  outer loop
    vertex 15.64338182805563 179.3189465867499 472.9511375363981
    vertex -15.7326845883431 179.3111336076032 472.9511375363981
    vertex -0.08964387954498845 179.9999776777066 445.902275072796
  endloop
endfacet
facet normal 0.31051 -0.95057 -0.00040828
  outer loop
    vertex -42.87240766668054 174.819783379519 187.5227501753907
    vertex -68.67336274999013 166.3850030760233 203.1507718309254
    vertex -68.51804946940996 166.4490219163438 172.2210769770724
  endloop
endfacet
facet normal 0.449508 -0.893276 0.00040828
  outer loop
    vertex -68.67336274999013 166.3850030760233 203.1507718309254
    vertex -92.76864050996124 154.2529718933596 187.849098632607
    vertex -68.51804946940996 166.4490219163438 172.2210769770724
  endloop
endfacet
facet normal 0.449921 -0.893068 -0.00040828
  outer loop
    vertex -68.67336274999013 166.3850030760233 203.1507718309254
    vertex -92.91256093073382 154.1663258344463 218.77879348646
    vertex -92.76864050996124 154.2529718933596 187.849098632607
  endloop
endfacet
facet normal 0.449088 -0.893488 -0.00040828
  outer loop
    vertex -68.51804946940996 166.4490219163438 172.2210769770724
    vertex -92.76864050996124 154.2529718933596 187.849098632607
    vertex -92.6246392870527 154.3394835968534 156.9194037787541
  endloop
endfacet
facet normal 0.164226 -0.986423 3.08607e-05
  outer loop
    vertex -42.87390402401599 174.8194164094465 250.0309061504457
    vertex -16.08518844240552 179.2798558477006 265.6533839598565
    vertex -42.861484366412 174.8224618231531 281.2822034563322
  endloop
endfacet
facet normal 0.164191 -0.986429 -3.08607e-05
  outer loop
    vertex -16.08518844240552 179.2798558477006 265.6533839598565
    vertex -16.07245197313872 179.2809981218622 296.904681265743
    vertex -42.861484366412 174.8224618231531 281.2822034563322
  endloop
endfacet
facet normal 0.013954 -0.999903 3.08607e-05
  outer loop
    vertex -16.08518844240552 179.2798558477006 265.6533839598565
    vertex 11.06967905093972 179.6592947935319 281.2758617692673
    vertex -16.07245197313872 179.2809981218622 296.904681265743
  endloop
endfacet
facet normal 0.164156 -0.986434 3.08607e-05
  outer loop
    vertex -42.861484366412 174.8224618231531 281.2822034563322
    vertex -16.07245197313872 179.2809981218622 296.904681265743
    vertex -42.84906449248653 174.8255063545326 312.5335007622188
  endloop
endfacet
facet normal -0.136499 -0.99064 2.27296e-05
  outer loop
    vertex 11.05087057402271 179.660452686606 218.7681472783133
    vertex 37.94416311423381 175.955222956184 234.3890083562134
    vertex 11.06027482763358 179.6598739861999 250.0220045237903
  endloop
endfacet
facet normal -0.136525 -0.990637 -2.27296e-05
  outer loop
    vertex 37.94416311423381 175.955222956184 234.3890083562134
    vertex 37.95337338193995 175.9532365400848 265.6428656016904
    vertex 11.06027482763358 179.6598739861999 250.0220045237903
  endloop
endfacet
facet normal -0.283928 -0.958846 2.27296e-05
  outer loop
    vertex 37.94416311423381 175.955222956184 234.3890083562134
    vertex 63.9743689239851 168.2476749342405 250.0098694341135
    vertex 37.95337338193995 175.9532365400848 265.6428656016904
  endloop
endfacet
facet normal -0.136551 -0.990633 2.27296e-05
  outer loop
    vertex 11.06027482763358 179.6598739861999 250.0220045237903
    vertex 37.95337338193995 175.9532365400848 265.6428656016904
    vertex 11.06967905093972 179.6592947935319 281.2758617692673
  endloop
endfacet
facet normal 0.0132314 -0.999911 0.00141937
  outer loop
    vertex 11.05087057402271 179.660452686606 218.7681472783133
    vertex -16.09380550304973 179.2790825066606 203.145448726852
    vertex 11.62855125223123 179.623987250518 187.6940485245553
  endloop
endfacet
facet normal 0.0116494 -0.999931 -0.00141937
  outer loop
    vertex -16.09380550304973 179.2790825066606 203.145448726852
    vertex -15.51721085478433 179.3299087360727 172.071349973094
    vertex 11.62855125223123 179.623987250518 187.6940485245553
  endloop
endfacet
facet normal 0.163457 -0.986549 0.00141937
  outer loop
    vertex -16.09380550304973 179.2790825066606 203.145448726852
    vertex -42.87240766668054 174.819783379519 187.5227501753907
    vertex -15.51721085478433 179.3299087360727 172.071349973094
  endloop
endfacet
facet normal 0.0100159 -0.999949 0.00141937
  outer loop
    vertex 11.62855125223123 179.623987250518 187.6940485245553
    vertex -15.51721085478433 179.3299087360727 172.071349973094
    vertex 12.20611168092135 179.5856643433235 156.6199497707973
  endloop
endfacet
facet normal -0.139006 -0.990292 0.000102478
  outer loop
    vertex 11.66995107843733 179.6213023052302 342.791170427864
    vertex 38.25341608118043 175.8882490620681 327.5399772551227
    vertex 38.21204535497738 175.8972415639005 358.3216066853057
  endloop
endfacet
facet normal -0.284622 -0.95864 -0.000102478
  outer loop
    vertex 38.25341608118043 175.8882490620681 327.5399772551227
    vertex 63.94650423689282 168.2582675409475 343.0704135125644
    vertex 38.21204535497738 175.8972415639005 358.3216066853057
  endloop
endfacet
facet normal -0.284736 -0.958606 0.000102478
  outer loop
    vertex 38.25341608118043 175.8882490620681 327.5399772551227
    vertex 63.98607753192074 168.2432223956704 312.2887840823814
    vertex 63.94650423689282 168.2582675409475 343.0704135125644
  endloop
endfacet
facet normal -0.28451 -0.958673 0.000102478
  outer loop
    vertex 38.21204535497738 175.8972415639005 358.3216066853057
    vertex 63.94650423689282 168.2582675409475 343.0704135125644
    vertex 63.90692740427707 168.2733033780001 373.8520429427475
  endloop
endfacet
facet normal -0.862898 -0.505379 0.000176767
  outer loop
    vertex 147.9812761720028 102.4770310972436 187.5210760718869
    vertex 161.7845776811986 78.90342466912468 171.8854157008667
    vertex 161.7526399955479 78.96887649239217 203.1072901359035
  endloop
endfacet
facet normal -0.929363 -0.369168 -0.000176767
  outer loop
    vertex 161.7845776811986 78.90342466912468 171.8854157008667
    vertex 171.8399452946273 53.58202311540234 187.4716297648833
    vertex 161.7526399955479 78.96887649239217 203.1072901359035
  endloop
endfacet
facet normal -0.929437 -0.36898 0.000176767
  outer loop
    vertex 161.7845776811986 78.90342466912468 171.8854157008667
    vertex 171.8616105958517 53.51249203129881 156.2497553298465
    vertex 171.8399452946273 53.58202311540234 187.4716297648833
  endloop
endfacet
facet normal -0.929288 -0.369356 0.000176767
  outer loop
    vertex 161.7526399955479 78.96887649239217 203.1072901359035
    vertex 171.8399452946273 53.58202311540234 187.4716297648833
    vertex 171.8182518627957 53.65154542800146 218.6935041999202
  endloop
endfacet
facet normal -0.284633 -0.958636 -0.00138936
  outer loop
    vertex 63.96280147008503 168.252072879054 187.505609926651
    vertex 37.93811448719584 175.9565272138446 203.1368786024821
    vertex 38.50374535705755 175.8336190649526 172.0627798487241
  endloop
endfacet
facet normal -0.138861 -0.990311 0.00138936
  outer loop
    vertex 37.93811448719584 175.9565272138446 203.1368786024821
    vertex 11.62855125223123 179.623987250518 187.6940485245553
    vertex 38.50374535705755 175.8336190649526 172.0627798487241
  endloop
endfacet
facet normal -0.137261 -0.990534 -0.00138936
  outer loop
    vertex 37.93811448719584 175.9565272138446 203.1368786024821
    vertex 11.05087057402271 179.660452686606 218.7681472783133
    vertex 11.62855125223123 179.623987250518 187.6940485245553
  endloop
endfacet
facet normal -0.140446 -0.990087 -0.00138936
  outer loop
    vertex 38.50374535705755 175.8336190649526 172.0627798487241
    vertex 11.62855125223123 179.623987250518 187.6940485245553
    vertex 12.20611168092135 179.5856643433235 156.6199497707973
  endloop
endfacet
facet normal -0.556136 -0.831091 1.49281e-05
  outer loop
    vertex 111.0988353992384 141.6229104803772 218.7527326690292
    vertex 88.5430756104407 156.7166990510066 234.3813010515713
    vertex 88.53768829349167 156.719742699012 203.1291712978401
  endloop
endfacet
facet normal -0.424845 -0.905266 -1.49281e-05
  outer loop
    vertex 88.5430756104407 156.7166990510066 234.3813010515713
    vertex 63.9685852348308 168.2498740060574 218.7577396803822
    vertex 88.53768829349167 156.719742699012 203.1291712978401
  endloop
endfacet
facet normal -0.424861 -0.905259 1.49281e-05
  outer loop
    vertex 88.5430756104407 156.7166990510066 234.3813010515713
    vertex 63.9743689239851 168.2476749342405 250.0098694341135
    vertex 63.9685852348308 168.2498740060574 218.7577396803822
  endloop
endfacet
facet normal -0.42483 -0.905273 1.49281e-05
  outer loop
    vertex 88.53768829349167 156.719742699012 203.1291712978401
    vertex 63.9685852348308 168.2498740060574 218.7577396803822
    vertex 63.96280147008503 168.252072879054 187.505609926651
  endloop
endfacet
facet normal -0.555744 -0.831353 -0.000804968
  outer loop
    vertex 111.0988353992384 141.6229104803772 218.7527326690292
    vertex 88.53768829349167 156.719742699012 203.1291712978401
    vertex 110.8389894640613 141.8263671345554 188.0229223593898
  endloop
endfacet
facet normal -0.55499 -0.831857 0.000804968
  outer loop
    vertex 88.53768829349167 156.719742699012 203.1291712978401
    vertex 88.25020091940077 156.8818091356847 172.3993609882007
    vertex 110.8389894640613 141.8263671345554 188.0229223593898
  endloop
endfacet
facet normal -0.424402 -0.905473 -0.000804968
  outer loop
    vertex 88.53768829349167 156.719742699012 203.1291712978401
    vertex 63.96280147008503 168.252072879054 187.505609926651
    vertex 88.25020091940077 156.8818091356847 172.3993609882007
  endloop
endfacet
facet normal -0.554219 -0.832371 -0.000804968
  outer loop
    vertex 110.8389894640613 141.8263671345554 188.0229223593898
    vertex 88.25020091940077 156.8818091356847 172.3993609882007
    vertex 110.5787709370523 142.0293470309954 157.2931120497505
  endloop
endfacet
facet normal 0.159128 -0.987228 0.00768618
  outer loop
    vertex -42.84906449248653 174.8255063545326 312.5335007622188
    vertex -15.77289425000109 179.3076010853368 327.6623355950414
    vertex -39.12352002778945 175.6967563179103 347.3082948206761
  endloop
endfacet
facet normal 0.146496 -0.989181 -0.00768618
  outer loop
    vertex -15.77289425000109 179.3076010853368 327.6623355950414
    vertex -11.95820087372748 179.6023425010475 362.4371296534987
    vertex -39.12352002778945 175.6967563179103 347.3082948206761
  endloop
endfacet
facet normal 0.00719316 -0.999945 0.00768618
  outer loop
    vertex -15.77289425000109 179.3076010853368 327.6623355950414
    vertex 11.66995107843733 179.6213023052302 342.791170427864
    vertex -11.95820087372748 179.6023425010475 362.4371296534987
  endloop
endfacet
facet normal 0.138108 -0.990387 0.00768618
  outer loop
    vertex -39.12352002778945 175.6967563179103 347.3082948206761
    vertex -11.95820087372748 179.6023425010475 362.4371296534987
    vertex -35.38029902778278 176.488624111314 382.0830888791334
  endloop
endfacet
facet normal -0.553534 -0.832826 0.000654948
  outer loop
    vertex 110.5787709370523 142.0293470309954 157.2931120497505
    vertex 88.25020091940077 156.8818091356847 172.3993609882007
    vertex 88.01595667954723 157.0133477440185 141.6894443004912
  endloop
endfacet
facet normal -0.422974 -0.906142 -0.000654948
  outer loop
    vertex 88.25020091940077 156.8818091356847 172.3993609882007
    vertex 63.71161417331833 168.3473499031993 156.7956932389414
    vertex 88.01595667954723 157.0133477440185 141.6894443004912
  endloop
endfacet
facet normal -0.423658 -0.905822 0.000654948
  outer loop
    vertex 88.25020091940077 156.8818091356847 172.3993609882007
    vertex 63.96280147008503 168.252072879054 187.505609926651
    vertex 63.71161417331833 168.3473499031993 156.7956932389414
  endloop
endfacet
facet normal -0.422305 -0.906453 0.000654948
  outer loop
    vertex 88.01595667954723 157.0133477440185 141.6894443004912
    vertex 63.71161417331833 168.3473499031993 156.7956932389414
    vertex 63.46028495545173 168.4422519244292 126.0857765512319
  endloop
endfacet
facet normal -0.556149 -0.831082 -1.19849e-05
  outer loop
    vertex 111.0988353992384 141.6229104803772 218.7527326690292
    vertex 111.1027441322905 141.6198441118857 250.0058599425464
    vertex 88.5430756104407 156.7166990510066 234.3813010515713
  endloop
endfacet
facet normal -0.556161 -0.831075 1.19849e-05
  outer loop
    vertex 111.1027441322905 141.6198441118857 250.0058599425464
    vertex 88.54740093884045 156.7142552130349 265.6344283250885
    vertex 88.5430756104407 156.7166990510066 234.3813010515713
  endloop
endfacet
facet normal -0.556172 -0.831067 -1.19849e-05
  outer loop
    vertex 111.1027441322905 141.6198441118857 250.0058599425464
    vertex 111.1066527807096 141.6167776355148 281.2589872160636
    vertex 88.54740093884045 156.7142552130349 265.6344283250885
  endloop
endfacet
facet normal -0.424875 -0.905252 -1.19849e-05
  outer loop
    vertex 88.5430756104407 156.7166990510066 234.3813010515713
    vertex 88.54740093884045 156.7142552130349 265.6344283250885
    vertex 63.9743689239851 168.2476749342405 250.0098694341135
  endloop
endfacet
facet normal 0.996809 -0.0798244 0
  outer loop
    vertex -180 0 312.4999999999992
    vertex -180 0 281.2499999999992
    vertex -177.7061013612039 28.64509624702864 295.5718111715869
  endloop
endfacet
facet normal 0.996809 -0.0798244 0
  outer loop
    vertex -180 0 281.2499999999992
    vertex -177.7061013612039 28.64509624702864 264.3218111715869
    vertex -177.7061013612039 28.64509624702864 295.5718111715869
  endloop
endfacet
facet normal 0.996809 -0.0798244 0
  outer loop
    vertex -180 0 281.2499999999992
    vertex -180 0 249.9999999999991
    vertex -177.7061013612039 28.64509624702864 264.3218111715869
  endloop
endfacet
facet normal 0.971403 -0.237439 0
  outer loop
    vertex -177.7061013612039 28.64509624702864 295.5718111715869
    vertex -177.7061013612039 28.64509624702864 264.3218111715869
    vertex -170.8828717888719 56.56009307973235 278.6436223431746
  endloop
endfacet
facet normal -0.997154 -0.0753904 0
  outer loop
    vertex 180 -4.408728476930472e-14 249.9999999999991
    vertex 180 -4.408728476930472e-14 281.2499999999992
    vertex 177.9538651589227 27.06329386826322 265.6249999999992
  endloop
endfacet
facet normal -0.997154 -0.0753904 0
  outer loop
    vertex 180 -4.408728476930472e-14 281.2499999999992
    vertex 177.9538651589227 27.06329386826322 296.8749999999992
    vertex 177.9538651589227 27.06329386826322 265.6249999999992
  endloop
endfacet
facet normal -0.997154 -0.0753904 0
  outer loop
    vertex 180 -4.408728476930472e-14 281.2499999999992
    vertex 180 -4.408728476930472e-14 312.4999999999992
    vertex 177.9538651589227 27.06329386826322 296.8749999999992
  endloop
endfacet
facet normal -0.974484 -0.224457 0
  outer loop
    vertex 177.9538651589227 27.06329386826322 265.6249999999992
    vertex 177.9538651589227 27.06329386826322 296.8749999999992
    vertex 171.8619791666669 53.51130830876907 281.2499999999992
  endloop
endfacet
facet normal 0.163717 -0.986507 -0.000741237
  outer loop
    vertex -42.84906449248653 174.8255063545326 312.5335007622188
    vertex -16.07245197313872 179.2809981218622 296.904681265743
    vertex -15.77289425000109 179.3076010853368 327.6623355950414
  endloop
endfacet
facet normal 0.0126924 -0.999919 0.000741237
  outer loop
    vertex -16.07245197313872 179.2809981218622 296.904681265743
    vertex 11.36983093376984 179.6405492769867 312.0335160985657
    vertex -15.77289425000109 179.3076010853368 327.6623355950414
  endloop
endfacet
facet normal 0.0135095 -0.999908 -0.000741237
  outer loop
    vertex -16.07245197313872 179.2809981218622 296.904681265743
    vertex 11.06967905093972 179.6592947935319 281.2758617692673
    vertex 11.36983093376984 179.6405492769867 312.0335160985657
  endloop
endfacet
facet normal 0.0118389 -0.99993 -0.000741237
  outer loop
    vertex -15.77289425000109 179.3076010853368 327.6623355950414
    vertex 11.36983093376984 179.6405492769867 312.0335160985657
    vertex 11.66995107843733 179.6213023052302 342.791170427864
  endloop
endfacet
facet normal 0.305323 -0.952205 0.00918092
  outer loop
    vertex -42.87240766668054 174.819783379519 187.5227501753907
    vertex -68.51804946940996 166.4490219163438 172.2210769770724
    vertex -39.01541221029589 175.7207944725401 152.7025879875278
  endloop
endfacet
facet normal 0.294267 -0.955679 -0.00918092
  outer loop
    vertex -68.51804946940996 166.4490219163438 172.2210769770724
    vertex -64.83902969968791 167.9163488990961 137.4009147892095
    vertex -39.01541221029589 175.7207944725401 152.7025879875278
  endloop
endfacet
facet normal 0.444202 -0.895879 0.00918092
  outer loop
    vertex -68.51804946940996 166.4490219163438 172.2210769770724
    vertex -92.6246392870527 154.3394835968534 156.9194037787541
    vertex -64.83902969968791 167.9163488990961 137.4009147892095
  endloop
endfacet
facet normal 0.284297 -0.958692 0.00918092
  outer loop
    vertex -39.01541221029589 175.7207944725401 152.7025879875278
    vertex -64.83902969968791 167.9163488990961 137.4009147892095
    vertex -35.13952530474305 176.5367207165617 117.8824257996648
  endloop
endfacet
facet normal -0.424148 -0.905593 -0.000102663
  outer loop
    vertex 63.98607753192074 168.2432223956704 312.2887840823814
    vertex 88.30076581194598 156.8533543059372 327.5037732645257
    vertex 63.94650423689282 168.2582675409475 343.0704135125644
  endloop
endfacet
facet normal -0.42404 -0.905643 0.000102663
  outer loop
    vertex 88.30076581194598 156.8533543059372 327.5037732645257
    vertex 88.26387079002689 156.8741186848916 358.2854026947088
    vertex 63.94650423689282 168.2582675409475 343.0704135125644
  endloop
endfacet
facet normal -0.554138 -0.832425 -0.000102663
  outer loop
    vertex 88.30076581194598 156.8533543059372 327.5037732645257
    vertex 110.6506716772132 141.9733385441843 342.71876244667
    vertex 88.26387079002689 156.8741186848916 358.2854026947088
  endloop
endfacet
facet normal -0.423935 -0.905693 -0.000102663
  outer loop
    vertex 63.94650423689282 168.2582675409475 343.0704135125644
    vertex 88.26387079002689 156.8741186848916 358.2854026947088
    vertex 63.90692740427707 168.2733033780001 373.8520429427475
  endloop
endfacet
facet normal -0.283619 -0.958937 -0.00064225
  outer loop
    vertex 63.46028495545173 168.4422519244292 126.0857765512319
    vertex 63.71161417331833 168.3473499031993 156.7956932389414
    vertex 38.24127096564165 175.8908900282569 141.3528631610146
  endloop
endfacet
facet normal -0.284335 -0.958725 0.00064225
  outer loop
    vertex 63.71161417331833 168.3473499031993 156.7956932389414
    vertex 38.50374535705755 175.8336190649526 172.0627798487241
    vertex 38.24127096564165 175.8908900282569 141.3528631610146
  endloop
endfacet
facet normal -0.285049 -0.958513 -0.00064225
  outer loop
    vertex 63.71161417331833 168.3473499031993 156.7956932389414
    vertex 63.96280147008503 168.252072879054 187.505609926651
    vertex 38.50374535705755 175.8336190649526 172.0627798487241
  endloop
endfacet
facet normal -0.140876 -0.990027 -0.00064225
  outer loop
    vertex 38.24127096564165 175.8908900282569 141.3528631610146
    vertex 38.50374535705755 175.8336190649526 172.0627798487241
    vertex 12.20611168092135 179.5856643433235 156.6199497707973
  endloop
endfacet
facet normal 0.997154 -0.0753904 0
  outer loop
    vertex -180 0 187.4999999999994
    vertex -180 0 156.2499999999995
    vertex -177.9538651589226 27.06329386826385 171.8749999999994
  endloop
endfacet
facet normal 0.997154 -0.0753904 0
  outer loop
    vertex -180 0 156.2499999999995
    vertex -177.9538651589226 27.06329386826385 140.6249999999995
    vertex -177.9538651589226 27.06329386826385 171.8749999999994
  endloop
endfacet
facet normal 0.997154 -0.0753904 0
  outer loop
    vertex -180 0 156.2499999999995
    vertex -180 0 124.9999999999996
    vertex -177.9538651589226 27.06329386826385 140.6249999999995
  endloop
endfacet
facet normal 0.974484 -0.224457 0
  outer loop
    vertex -177.9538651589226 27.06329386826385 171.8749999999994
    vertex -177.9538651589226 27.06329386826385 140.6249999999995
    vertex -171.8619791666666 53.51130830877013 156.2499999999995
  endloop
endfacet
facet normal -0.997154 -0.0753921 0
  outer loop
    vertex 180 -4.408728476930472e-14 124.9999999999996
    vertex 180 -4.408728476930472e-14 156.2499999999995
    vertex 177.9537719567266 27.06390670936739 140.624877664923
  endloop
endfacet
facet normal -0.997154 -0.0753921 0
  outer loop
    vertex 180 -4.408728476930472e-14 156.2499999999995
    vertex 177.9537719567266 27.06390670936739 171.8748776649229
    vertex 177.9537719567266 27.06390670936739 140.624877664923
  endloop
endfacet
facet normal -0.997154 -0.0753921 0
  outer loop
    vertex 180 -4.408728476930472e-14 156.2499999999995
    vertex 180 -4.408728476930472e-14 187.4999999999994
    vertex 177.9537719567266 27.06390670936739 171.8748776649229
  endloop
endfacet
facet normal -0.974483 -0.224462 0
  outer loop
    vertex 177.9537719567266 27.06390670936739 140.624877664923
    vertex 177.9537719567266 27.06390670936739 171.8748776649229
    vertex 171.8616105958517 53.51249203129881 156.2497553298465
  endloop
endfacet
facet normal 0.996814 -0.0797645 0
  outer loop
    vertex -180 0 437.4999999999998
    vertex -180 0 406.2499999999997
    vertex -177.7095473983792 28.6237098130764 421.0548270213981
  endloop
endfacet
facet normal 0.996814 -0.0797645 0
  outer loop
    vertex -180 0 406.2499999999997
    vertex -177.7095473983792 28.6237098130764 389.804827021398
    vertex -177.7095473983792 28.6237098130764 421.0548270213981
  endloop
endfacet
facet normal 0.996814 -0.0797645 0
  outer loop
    vertex -180 0 406.2499999999997
    vertex -180 0 374.9999999999995
    vertex -177.7095473983792 28.6237098130764 389.804827021398
  endloop
endfacet
facet normal 0.971445 -0.237263 0
  outer loop
    vertex -177.7095473983792 28.6237098130764 421.0548270213981
    vertex -177.7095473983792 28.6237098130764 389.804827021398
    vertex -170.8964804059644 56.51896128604834 404.6096540427964
  endloop
endfacet
facet normal -0.997154 -0.0753904 0
  outer loop
    vertex 180 -4.408728476930472e-14 374.9999999999995
    vertex 180 -4.408728476930472e-14 406.2499999999997
    vertex 177.9538651589226 27.06329386826379 390.6249999999996
  endloop
endfacet
facet normal -0.997154 -0.0753904 0
  outer loop
    vertex 180 -4.408728476930472e-14 406.2499999999997
    vertex 177.9538651589226 27.06329386826379 421.8749999999997
    vertex 177.9538651589226 27.06329386826379 390.6249999999996
  endloop
endfacet
facet normal -0.997154 -0.0753904 0
  outer loop
    vertex 180 -4.408728476930472e-14 406.2499999999997
    vertex 180 -4.408728476930472e-14 437.4999999999998
    vertex 177.9538651589226 27.06329386826379 421.8749999999997
  endloop
endfacet
facet normal -0.974484 -0.224457 0
  outer loop
    vertex 177.9538651589226 27.06329386826379 390.6249999999996
    vertex 177.9538651589226 27.06329386826379 421.8749999999997
    vertex 171.8619791666666 53.51130830877018 406.2499999999997
  endloop
endfacet
facet normal 0.15826 -0.987365 -0.00801886
  outer loop
    vertex -42.87240766668054 174.819783379519 187.5227501753907
    vertex -39.01541221029589 175.7207944725401 152.7025879875278
    vertex -15.51721085478433 179.3299087360727 172.071349973094
  endloop
endfacet
facet normal 0.145345 -0.989348 0.00801886
  outer loop
    vertex -39.01541221029589 175.7207944725401 152.7025879875278
    vertex -11.56760041755054 179.6279227196593 137.2511877852311
    vertex -15.51721085478433 179.3299087360727 172.071349973094
  endloop
endfacet
facet normal 0.136496 -0.990608 -0.00801886
  outer loop
    vertex -39.01541221029589 175.7207944725401 152.7025879875278
    vertex -35.13952530474305 176.5367207165617 117.8824257996648
    vertex -11.56760041755054 179.6279227196593 137.2511877852311
  endloop
endfacet
facet normal 0.00475563 -0.999957 -0.00801886
  outer loop
    vertex -15.51721085478433 179.3299087360727 172.071349973094
    vertex -11.56760041755054 179.6279227196593 137.2511877852311
    vertex 12.20611168092135 179.5856643433235 156.6199497707973
  endloop
endfacet
facet normal -0.778097 -0.628144 1.1985e-05
  outer loop
    vertex 148.1835562972832 102.1843121182988 249.9993707501202
    vertex 131.1357425156044 123.3021371869972 265.6291789830919
    vertex 131.1323393414395 123.3057564708216 234.3760517095747
  endloop
endfacet
facet normal -0.674801 -0.738 -1.1985e-05
  outer loop
    vertex 131.1357425156044 123.3021371869972 265.6291789830919
    vertex 111.1027441322905 141.6198441118857 250.0058599425464
    vertex 131.1323393414395 123.3057564708216 234.3760517095747
  endloop
endfacet
facet normal -0.674811 -0.737991 1.1985e-05
  outer loop
    vertex 131.1357425156044 123.3021371869972 265.6291789830919
    vertex 111.1066527807096 141.6167776355148 281.2589872160636
    vertex 111.1027441322905 141.6198441118857 250.0058599425464
  endloop
endfacet
facet normal -0.67479 -0.738009 1.1985e-05
  outer loop
    vertex 131.1323393414395 123.3057564708216 234.3760517095747
    vertex 111.1027441322905 141.6198441118857 250.0058599425464
    vertex 111.0988353992384 141.6229104803772 218.7527326690292
  endloop
endfacet
facet normal -0.674524 -0.738253 -0.000713865
  outer loop
    vertex 111.1066527807096 141.6167776355148 281.2589872160636
    vertex 131.1394599778466 123.2981834283003 296.8795018619451
    vertex 110.8788055563574 141.7952413813506 311.9888748313668
  endloop
endfacet
facet normal -0.673943 -0.738783 0.000713865
  outer loop
    vertex 131.1394599778466 123.2981834283003 296.8795018619451
    vertex 130.9410410651683 123.5088813194012 327.6093894772483
    vertex 110.8788055563574 141.7952413813506 311.9888748313668
  endloop
endfacet
facet normal -0.777871 -0.628423 -0.000713865
  outer loop
    vertex 131.1394599778466 123.2981834283003 296.8795018619451
    vertex 148.1897176795938 102.1753765544433 312.5000165078267
    vertex 130.9410410651683 123.5088813194012 327.6093894772483
  endloop
endfacet
facet normal -0.673336 -0.739336 -0.000713865
  outer loop
    vertex 110.8788055563574 141.7952413813506 311.9888748313668
    vertex 130.9410410651683 123.5088813194012 327.6093894772483
    vertex 110.6506716772132 141.9733385441843 342.71876244667
  endloop
endfacet
facet normal -0.997154 -0.0753904 0
  outer loop
    vertex 180 -4.408728476930472e-14 62.49999999999979
    vertex 180 -4.408728476930472e-14 93.74999999999967
    vertex 177.9538651589269 27.06329386823522 78.12499999999974
  endloop
endfacet
facet normal -0.997154 -0.0753904 0
  outer loop
    vertex 180 -4.408728476930472e-14 93.74999999999967
    vertex 177.9538651589269 27.06329386823522 109.3749999999996
    vertex 177.9538651589269 27.06329386823522 78.12499999999974
  endloop
endfacet
facet normal -0.997154 -0.0753904 0
  outer loop
    vertex 180 -4.408728476930472e-14 93.74999999999967
    vertex 180 -4.408728476930472e-14 124.9999999999996
    vertex 177.9538651589269 27.06329386823522 109.3749999999996
  endloop
endfacet
facet normal -0.974484 -0.224457 0
  outer loop
    vertex 177.9538651589269 27.06329386823522 78.12499999999974
    vertex 177.9538651589269 27.06329386823522 109.3749999999996
    vertex 171.8619791666838 53.51130830871498 93.74999999999969
  endloop
endfacet
facet normal -0.778106 -0.628133 -1.30935e-05
  outer loop
    vertex 148.1835562972832 102.1843121182988 249.9993707501202
    vertex 148.1866370557896 102.179844382812 281.2496936289734
    vertex 131.1357425156044 123.3021371869972 265.6291789830919
  endloop
endfacet
facet normal -0.778115 -0.628121 1.30935e-05
  outer loop
    vertex 148.1866370557896 102.179844382812 281.2496936289734
    vertex 131.1394599778466 123.2981834283003 296.8795018619451
    vertex 131.1357425156044 123.3021371869972 265.6291789830919
  endloop
endfacet
facet normal -0.778125 -0.628109 -1.30935e-05
  outer loop
    vertex 148.1866370557896 102.179844382812 281.2496936289734
    vertex 148.1897176795938 102.1753765544433 312.5000165078267
    vertex 131.1394599778466 123.2981834283003 296.8795018619451
  endloop
endfacet
facet normal -0.674822 -0.737981 -1.30935e-05
  outer loop
    vertex 131.1357425156044 123.3021371869972 265.6291789830919
    vertex 131.1394599778466 123.2981834283003 296.8795018619451
    vertex 111.1066527807096 141.6167776355148 281.2589872160636
  endloop
endfacet
facet normal -0.997154 -0.0753912 -1.4955e-06
  outer loop
    vertex 180 -4.408728476930472e-14 124.9999999999996
    vertex 177.9537719567266 27.06390670936739 140.624877664923
    vertex 177.9538651589269 27.06329386823522 109.3749999999996
  endloop
endfacet
facet normal -0.974483 -0.22446 1.4955e-06
  outer loop
    vertex 177.9537719567266 27.06390670936739 140.624877664923
    vertex 171.8617948822869 53.51190017032422 124.9998776649231
    vertex 177.9538651589269 27.06329386823522 109.3749999999996
  endloop
endfacet
facet normal -0.974483 -0.224461 -1.4955e-06
  outer loop
    vertex 177.9537719567266 27.06390670936739 140.624877664923
    vertex 171.8616105958517 53.51249203129881 156.2497553298465
    vertex 171.8617948822869 53.51190017032422 124.9998776649231
  endloop
endfacet
facet normal -0.974484 -0.224458 -1.4955e-06
  outer loop
    vertex 177.9538651589269 27.06329386823522 109.3749999999996
    vertex 171.8617948822869 53.51190017032422 124.9998776649231
    vertex 171.8619791666838 53.51130830871498 93.74999999999969
  endloop
endfacet
facet normal -0.924217 -0.381867 1.78221e-06
  outer loop
    vertex 171.8619791666838 53.51130830871498 93.74999999999969
    vertex 171.8617948822869 53.51190017032422 124.9998776649231
    vertex 159.510636726442 83.40477666851621 105.4460544100749
  endloop
endfacet
facet normal -0.924216 -0.381869 -1.78221e-06
  outer loop
    vertex 171.8617948822869 53.51190017032422 124.9998776649231
    vertex 159.5103494943584 83.40532599413328 136.6959320749983
    vertex 159.510636726442 83.40477666851621 105.4460544100749
  endloop
endfacet
facet normal -0.924216 -0.381871 1.78221e-06
  outer loop
    vertex 171.8617948822869 53.51190017032422 124.9998776649231
    vertex 171.8616105958517 53.51249203129881 156.2497553298465
    vertex 159.5103494943584 83.40532599413328 136.6959320749983
  endloop
endfacet
facet normal -0.840955 -0.541105 1.78221e-06
  outer loop
    vertex 159.510636726442 83.40477666851621 105.4460544100749
    vertex 159.5103494943584 83.40532599413328 136.6959320749983
    vertex 142.0087986680562 110.6051585634932 117.1421088201502
  endloop
endfacet
facet normal -0.929662 -0.368414 1.30911e-05
  outer loop
    vertex 171.8619791666669 53.51130830876907 281.2499999999992
    vertex 161.8651291912425 78.73804640643803 296.8750082539129
    vertex 161.8627551895811 78.74292655494675 265.6246853750597
  endloop
endfacet
facet normal -0.863709 -0.503991 -1.30911e-05
  outer loop
    vertex 161.8651291912425 78.73804640643803 296.8750082539129
    vertex 148.1866370557896 102.179844382812 281.2496936289734
    vertex 161.8627551895811 78.74292655494675 265.6246853750597
  endloop
endfacet
facet normal -0.863717 -0.503977 1.30911e-05
  outer loop
    vertex 161.8651291912425 78.73804640643803 296.8750082539129
    vertex 148.1897176795938 102.1753765544433 312.5000165078267
    vertex 148.1866370557896 102.179844382812 281.2496936289734
  endloop
endfacet
facet normal -0.863702 -0.504004 1.30911e-05
  outer loop
    vertex 161.8627551895811 78.74292655494675 265.6246853750597
    vertex 148.1866370557896 102.179844382812 281.2496936289734
    vertex 148.1835562972832 102.1843121182988 249.9993707501202
  endloop
endfacet
facet normal 0.452782 -0.891606 -0.0051693
  outer loop
    vertex -92.91256093073382 154.1663258344463 218.77879348646
    vertex -68.67407483032927 166.3847091718417 234.4048498184528
    vertex -94.69706507237052 153.076666630415 250.4183829529754
  endloop
endfacet
facet normal 0.457826 -0.889027 0.0051693
  outer loop
    vertex -68.67407483032927 166.3847091718417 234.4048498184528
    vertex -70.60214113468776 165.575776208954 266.0444392849682
    vertex -94.69706507237052 153.076666630415 250.4183829529754
  endloop
endfacet
facet normal 0.313563 -0.949553 -0.0051693
  outer loop
    vertex -68.67407483032927 166.3847091718417 234.4048498184528
    vertex -42.87390402401599 174.8194164094465 250.0309061504457
    vertex -70.60214113468776 165.575776208954 266.0444392849682
  endloop
endfacet
facet normal 0.463109 -0.886286 -0.0051693
  outer loop
    vertex -94.69706507237052 153.076666630415 250.4183829529754
    vertex -70.60214113468776 165.575776208954 266.0444392849682
    vertex -96.46879150457619 151.9663524127845 282.0579724194908
  endloop
endfacet
facet normal -0.674074 -0.738663 0.000809297
  outer loop
    vertex 111.0988353992384 141.6229104803772 218.7527326690292
    vertex 110.8389894640613 141.8263671345554 188.0229223593898
    vertex 131.0104042475689 123.4353028063228 203.136904370458
  endloop
endfacet
facet normal -0.673412 -0.739267 -0.000809297
  outer loop
    vertex 110.8389894640613 141.8263671345554 188.0229223593898
    vertex 130.7838710017028 123.6752969909915 172.4070940608187
    vertex 131.0104042475689 123.4353028063228 203.136904370458
  endloop
endfacet
facet normal -0.672719 -0.739898 0.000809297
  outer loop
    vertex 110.8389894640613 141.8263671345554 188.0229223593898
    vertex 110.5787709370523 142.0293470309954 157.2931120497505
    vertex 130.7838710017028 123.6752969909915 172.4070940608187
  endloop
endfacet
facet normal -0.776865 -0.629666 0.000809297
  outer loop
    vertex 131.0104042475689 123.4353028063228 203.136904370458
    vertex 130.7838710017028 123.6752969909915 172.4070940608187
    vertex 147.9812761720028 102.4770310972436 187.5210760718869
  endloop
endfacet
facet normal -0.136572 -0.99063 -1.51641e-05
  outer loop
    vertex 11.06967905093972 179.6592947935319 281.2758617692673
    vertex 37.95337338193995 175.9532365400848 265.6428656016904
    vertex 37.95949586473329 175.9519158000142 296.7823229258244
  endloop
endfacet
facet normal -0.283966 -0.958834 1.51641e-05
  outer loop
    vertex 37.95337338193995 175.9532365400848 265.6428656016904
    vertex 63.98022326668579 168.2454487668093 281.1493267582475
    vertex 37.95949586473329 175.9519158000142 296.7823229258244
  endloop
endfacet
facet normal -0.283949 -0.958839 -1.51641e-05
  outer loop
    vertex 37.95337338193995 175.9532365400848 265.6428656016904
    vertex 63.9743689239851 168.2476749342405 250.0098694341135
    vertex 63.98022326668579 168.2454487668093 281.1493267582475
  endloop
endfacet
facet normal -0.283982 -0.95883 -1.51641e-05
  outer loop
    vertex 37.95949586473329 175.9519158000142 296.7823229258244
    vertex 63.98022326668579 168.2454487668093 281.1493267582475
    vertex 63.98607753192074 168.2432223956704 312.2887840823814
  endloop
endfacet
facet normal 0.995913 -0.0903195 0
  outer loop
    vertex -180 0 124.9999999999996
    vertex -180 0 93.74999999999967
    vertex -177.0632606648823 32.38212041729109 112.5201610217648
  endloop
endfacet
facet normal 0.995913 -0.0903195 0
  outer loop
    vertex -180 0 93.74999999999967
    vertex -177.0632606648823 32.38212041729109 81.27016102176495
    vertex -177.0632606648823 32.38212041729109 112.5201610217648
  endloop
endfacet
facet normal 0.995913 -0.0903195 0
  outer loop
    vertex -180 0 93.74999999999967
    vertex -180 0 62.49999999999979
    vertex -177.0632606648823 32.38212041729109 81.27016102176495
  endloop
endfacet
facet normal 0.963416 -0.268011 0
  outer loop
    vertex -177.0632606648823 32.38212041729109 112.5201610217648
    vertex -177.0632606648823 32.38212041729109 81.27016102176495
    vertex -168.3488697475562 63.70759809253798 100.0403220435301
  endloop
endfacet
facet normal -0.997139 -0.0755938 0
  outer loop
    vertex 180 -4.408728476930472e-14 187.4999999999994
    vertex 180 -4.408728476930472e-14 218.7499999999993
    vertex 177.9428072939494 27.1359048558987 203.0967520999598
  endloop
endfacet
facet normal -0.997139 -0.0755938 0
  outer loop
    vertex 180 -4.408728476930472e-14 218.7499999999993
    vertex 177.9428072939494 27.1359048558987 234.3467520999596
    vertex 177.9428072939494 27.1359048558987 203.0967520999598
  endloop
endfacet
facet normal -0.997139 -0.0755938 0
  outer loop
    vertex 180 -4.408728476930472e-14 218.7499999999993
    vertex 180 -4.408728476930472e-14 249.9999999999991
    vertex 177.9428072939494 27.1359048558987 234.3467520999596
  endloop
endfacet
facet normal -0.974346 -0.225054 0
  outer loop
    vertex 177.9428072939494 27.1359048558987 203.0967520999598
    vertex 177.9428072939494 27.1359048558987 234.3467520999596
    vertex 171.8182518627957 53.65154542800146 218.6935041999202
  endloop
endfacet
facet normal -0.997157 -0.0753545 0
  outer loop
    vertex 180 -4.408728476930472e-14 312.4999999999992
    vertex 180 -4.408728476930472e-14 343.7499999999994
    vertex 177.9558128017721 27.05048410030118 328.102812709669
  endloop
endfacet
facet normal -0.997157 -0.0753545 0
  outer loop
    vertex 180 -4.408728476930472e-14 343.7499999999994
    vertex 177.9558128017721 27.05048410030118 359.3528127096692
    vertex 177.9558128017721 27.05048410030118 328.102812709669
  endloop
endfacet
facet normal -0.997157 -0.0753545 0
  outer loop
    vertex 180 -4.408728476930472e-14 343.7499999999994
    vertex 180 -4.408728476930472e-14 374.9999999999995
    vertex 177.9558128017721 27.05048410030118 359.3528127096692
  endloop
endfacet
facet normal -0.974508 -0.224352 0
  outer loop
    vertex 177.9558128017721 27.05048410030118 328.102812709669
    vertex 177.9558128017721 27.05048410030118 359.3528127096692
    vertex 171.8696812215483 53.48656538611682 343.7056254193388
  endloop
endfacet
facet normal -0.555857 -0.831278 0.000706236
  outer loop
    vertex 111.1066527807096 141.6167776355148 281.2589872160636
    vertex 110.8788055563574 141.7952413813506 311.9888748313668
    vertex 88.55285394737021 156.7111740042034 296.7738856492225
  endloop
endfacet
facet normal -0.555191 -0.831722 -0.000706236
  outer loop
    vertex 110.8788055563574 141.7952413813506 311.9888748313668
    vertex 88.30076581194598 156.8533543059372 327.5037732645257
    vertex 88.55285394737021 156.7111740042034 296.7738856492225
  endloop
endfacet
facet normal -0.554519 -0.832171 0.000706236
  outer loop
    vertex 110.8788055563574 141.7952413813506 311.9888748313668
    vertex 110.6506716772132 141.9733385441843 342.71876244667
    vertex 88.30076581194598 156.8533543059372 327.5037732645257
  endloop
endfacet
facet normal -0.424563 -0.905398 0.000706236
  outer loop
    vertex 88.55285394737021 156.7111740042034 296.7738856492225
    vertex 88.30076581194598 156.8533543059372 327.5037732645257
    vertex 63.98607753192074 168.2432223956704 312.2887840823814
  endloop
endfacet
facet normal -0.929671 -0.368391 -3.12823e-05
  outer loop
    vertex 171.8619791666669 53.51130830876907 281.2499999999992
    vertex 171.8658306393766 53.49893698604769 312.477812709669
    vertex 161.8651291912425 78.73804640643803 296.8750082539129
  endloop
endfacet
facet normal -0.929684 -0.368357 3.12823e-05
  outer loop
    vertex 171.8658306393766 53.49893698604769 312.477812709669
    vertex 161.8707965924872 78.72639462412621 328.1028209635828
    vertex 161.8651291912425 78.73804640643803 296.8750082539129
  endloop
endfacet
facet normal -0.929698 -0.368324 -3.12823e-05
  outer loop
    vertex 171.8658306393766 53.49893698604769 312.477812709669
    vertex 171.8696812215483 53.48656538611682 343.7056254193388
    vertex 161.8707965924872 78.72639462412621 328.1028209635828
  endloop
endfacet
facet normal -0.86373 -0.503955 -3.12823e-05
  outer loop
    vertex 161.8651291912425 78.73804640643803 296.8750082539129
    vertex 161.8707965924872 78.72639462412621 328.1028209635828
    vertex 148.1897176795938 102.1753765544433 312.5000165078267
  endloop
endfacet
facet normal -0.668939 -0.74325 0.00997322
  outer loop
    vertex 110.6506716772132 141.9733385441843 342.71876244667
    vertex 130.9410410651683 123.5088813194012 327.6093894772483
    vertex 127.3077290127109 127.2507058276148 362.7682622092053
  endloop
endfacet
facet normal -0.762609 -0.646783 -0.00997322
  outer loop
    vertex 130.9410410651683 123.5088813194012 327.6093894772483
    vertex 145.1672469923143 106.4258915897462 347.6588892397836
    vertex 127.3077290127109 127.2507058276148 362.7682622092053
  endloop
endfacet
facet normal -0.774121 -0.63296 0.00997322
  outer loop
    vertex 130.9410410651683 123.5088813194012 327.6093894772483
    vertex 148.1897176795938 102.1753765544433 312.5000165078267
    vertex 145.1672469923143 106.4258915897462 347.6588892397836
  endloop
endfacet
facet normal -0.755457 -0.655122 0.00997322
  outer loop
    vertex 127.3077290127109 127.2507058276148 362.7682622092053
    vertex 145.1672469923143 106.4258915897462 347.6588892397836
    vertex 142.0228976161508 110.5870541822701 382.8177619717405
  endloop
endfacet
facet normal 0.70481 -0.709379 0.00501698
  outer loop
    vertex -136.2176733380153 117.6636964844202 250.5856892427612
    vertex -116.0098123064567 137.6289339078839 234.6822413646106
    vertex -117.6006623330438 136.2720962590266 266.321830831126
  endloop
endfacet
facet normal 0.589286 -0.807909 -0.00501698
  outer loop
    vertex -116.0098123064567 137.6289339078839 234.6822413646106
    vertex -94.69706507237052 153.076666630415 250.4183829529754
    vertex -117.6006623330438 136.2720962590266 266.321830831126
  endloop
endfacet
facet normal 0.584429 -0.811429 0.00501698
  outer loop
    vertex -116.0098123064567 137.6289339078839 234.6822413646106
    vertex -92.91256093073382 154.1663258344463 218.77879348646
    vertex -94.69706507237052 153.076666630415 250.4183829529754
  endloop
endfacet
facet normal 0.593815 -0.804586 0.00501698
  outer loop
    vertex -117.6006623330438 136.2720962590266 266.321830831126
    vertex -94.69706507237052 153.076666630415 250.4183829529754
    vertex -96.46879150457619 151.9663524127845 282.0579724194908
  endloop
endfacet
facet normal -0.777938 -0.628341 -0.000428011
  outer loop
    vertex 148.1835562972832 102.1843121182988 249.9993707501202
    vertex 131.1323393414395 123.3057564708216 234.3760517095747
    vertex 148.0824885629297 102.3307215894121 218.7602234110036
  endloop
endfacet
facet normal -0.777626 -0.628727 0.000428011
  outer loop
    vertex 131.1323393414395 123.3057564708216 234.3760517095747
    vertex 131.0104042475689 123.4353028063228 203.136904370458
    vertex 148.0824885629297 102.3307215894121 218.7602234110036
  endloop
endfacet
facet normal -0.674604 -0.73818 -0.000428011
  outer loop
    vertex 131.1323393414395 123.3057564708216 234.3760517095747
    vertex 111.0988353992384 141.6229104803772 218.7527326690292
    vertex 131.0104042475689 123.4353028063228 203.136904370458
  endloop
endfacet
facet normal -0.777316 -0.62911 -0.000428011
  outer loop
    vertex 148.0824885629297 102.3307215894121 218.7602234110036
    vertex 131.0104042475689 123.4353028063228 203.136904370458
    vertex 147.9812761720028 102.4770310972436 187.5210760718869
  endloop
endfacet
facet normal -0.424889 -0.905245 1.51646e-05
  outer loop
    vertex 63.9743689239851 168.2476749342405 250.0098694341135
    vertex 88.54740093884045 156.7142552130349 265.6344283250885
    vertex 63.98022326668579 168.2454487668093 281.1493267582475
  endloop
endfacet
facet normal -0.424905 -0.905238 -1.51646e-05
  outer loop
    vertex 88.54740093884045 156.7142552130349 265.6344283250885
    vertex 88.55285394737021 156.7111740042034 296.7738856492225
    vertex 63.98022326668579 168.2454487668093 281.1493267582475
  endloop
endfacet
facet normal -0.556185 -0.831058 1.51646e-05
  outer loop
    vertex 88.54740093884045 156.7142552130349 265.6344283250885
    vertex 111.1066527807096 141.6167776355148 281.2589872160636
    vertex 88.55285394737021 156.7111740042034 296.7738856492225
  endloop
endfacet
facet normal -0.424921 -0.905231 1.51646e-05
  outer loop
    vertex 63.98022326668579 168.2454487668093 281.1493267582475
    vertex 88.55285394737021 156.7111740042034 296.7738856492225
    vertex 63.98607753192074 168.2432223956704 312.2887840823814
  endloop
endfacet
facet normal -0.974488 -0.22444 3.12734e-05
  outer loop
    vertex 171.8619791666669 53.51130830876907 281.2499999999992
    vertex 177.9538651589227 27.06329386826322 296.8749999999992
    vertex 171.8658306393766 53.49893698604769 312.477812709669
  endloop
endfacet
facet normal -0.974496 -0.224405 -3.12734e-05
  outer loop
    vertex 177.9538651589227 27.06329386826322 296.8749999999992
    vertex 177.9558128017721 27.05048410030118 328.102812709669
    vertex 171.8658306393766 53.49893698604769 312.477812709669
  endloop
endfacet
facet normal -0.997155 -0.0753724 3.12734e-05
  outer loop
    vertex 177.9538651589227 27.06329386826322 296.8749999999992
    vertex 180 -4.408728476930472e-14 312.4999999999992
    vertex 177.9558128017721 27.05048410030118 328.102812709669
  endloop
endfacet
facet normal -0.974504 -0.224369 3.12734e-05
  outer loop
    vertex 171.8658306393766 53.49893698604769 312.477812709669
    vertex 177.9558128017721 27.05048410030118 328.102812709669
    vertex 171.8696812215483 53.48656538611682 343.7056254193388
  endloop
endfacet
facet normal 0.972309 -0.233179 0.0156106
  outer loop
    vertex -171.8619791666666 53.51130830877013 156.2499999999995
    vertex -177.9538651589226 27.06329386826385 140.6249999999995
    vertex -170.1818042890387 58.63576970525178 128.1451610217648
  endloop
endfacet
facet normal 0.969444 -0.244814 -0.0156106
  outer loop
    vertex -177.9538651589226 27.06329386826385 140.6249999999995
    vertex -177.0632606648823 32.38212041729109 112.5201610217648
    vertex -170.1818042890387 58.63576970525178 128.1451610217648
  endloop
endfacet
facet normal 0.996315 -0.0843397 0.0156106
  outer loop
    vertex -177.9538651589226 27.06329386826385 140.6249999999995
    vertex -180 0 124.9999999999996
    vertex -177.0632606648823 32.38212041729109 112.5201610217648
  endloop
endfacet
facet normal 0.964887 -0.262201 0.0156106
  outer loop
    vertex -170.1818042890387 58.63576970525178 128.1451610217648
    vertex -177.0632606648823 32.38212041729109 112.5201610217648
    vertex -168.3488697475562 63.70759809253798 100.0403220435301
  endloop
endfacet
facet normal -0.97446 -0.224561 -0.000176095
  outer loop
    vertex 171.8616105958517 53.51249203129881 156.2497553298465
    vertex 177.9537719567266 27.06390670936739 171.8748776649229
    vertex 171.8399452946273 53.58202311540234 187.4716297648833
  endloop
endfacet
facet normal -0.974415 -0.224758 0.000176095
  outer loop
    vertex 177.9537719567266 27.06390670936739 171.8748776649229
    vertex 177.9428072939494 27.1359048558987 203.0967520999598
    vertex 171.8399452946273 53.58202311540234 187.4716297648833
  endloop
endfacet
facet normal -0.997146 -0.0754932 -0.000176095
  outer loop
    vertex 177.9537719567266 27.06390670936739 171.8748776649229
    vertex 180 -4.408728476930472e-14 187.4999999999994
    vertex 177.9428072939494 27.1359048558987 203.0967520999598
  endloop
endfacet
facet normal -0.974369 -0.224955 -0.000176095
  outer loop
    vertex 171.8399452946273 53.58202311540234 187.4716297648833
    vertex 177.9428072939494 27.1359048558987 203.0967520999598
    vertex 171.8182518627957 53.65154542800146 218.6935041999202
  endloop
endfacet
facet normal -0.924262 -0.381758 3.72221e-05
  outer loop
    vertex 171.8696812215483 53.48656538611682 343.7056254193388
    vertex 171.8658306393765 53.49893698604824 374.9778127096693
    vertex 159.5219552837013 83.38312648530757 363.2616936955397
  endloop
endfacet
facet normal -0.924252 -0.381783 -3.72221e-05
  outer loop
    vertex 171.8658306393765 53.49893698604824 374.9778127096693
    vertex 159.5159526818406 83.39460917832038 394.5338809858701
    vertex 159.5219552837013 83.38312648530757 363.2616936955397
  endloop
endfacet
facet normal -0.924235 -0.381825 3.72221e-05
  outer loop
    vertex 171.8658306393765 53.49893698604824 374.9778127096693
    vertex 171.8619791666666 53.51130830877018 406.2499999999997
    vertex 159.5159526818406 83.39460917832038 394.5338809858701
  endloop
endfacet
facet normal -0.841014 -0.541013 3.72221e-05
  outer loop
    vertex 159.5219552837013 83.38312648530757 363.2616936955397
    vertex 159.5159526818406 83.39460917832038 394.5338809858701
    vertex 142.0228976161508 110.5870541822701 382.8177619717405
  endloop
endfacet
facet normal -0.860094 -0.509987 -0.0122842
  outer loop
    vertex 148.1897176795938 102.1753765544433 312.5000165078267
    vertex 161.8707965924872 78.72639462412621 328.1028209635828
    vertex 145.1672469923143 106.4258915897462 347.6588892397836
  endloop
endfacet
facet normal -0.852424 -0.522707 0.0122842
  outer loop
    vertex 161.8707965924872 78.72639462412621 328.1028209635828
    vertex 159.5219552837013 83.38312648530757 363.2616936955397
    vertex 145.1672469923143 106.4258915897462 347.6588892397836
  endloop
endfacet
facet normal -0.927011 -0.374834 -0.0122842
  outer loop
    vertex 161.8707965924872 78.72639462412621 328.1028209635828
    vertex 171.8696812215483 53.48656538611682 343.7056254193388
    vertex 159.5219552837013 83.38312648530757 363.2616936955397
  endloop
endfacet
facet normal -0.844958 -0.534692 -0.0122842
  outer loop
    vertex 145.1672469923143 106.4258915897462 347.6588892397836
    vertex 159.5219552837013 83.38312648530757 363.2616936955397
    vertex 142.0228976161508 110.5870541822701 382.8177619717405
  endloop
endfacet
facet normal 0.711833 -0.702297 -0.00852083
  outer loop
    vertex -138.6090322704505 114.8369982760312 384.3464478127779
    vertex -118.3268703938156 135.6419984474025 363.9507959415852
    vertex -116.13249268366 137.5254308958152 392.0349546758794
  endloop
endfacet
facet normal 0.586246 -0.810088 0.00852083
  outer loop
    vertex -118.3268703938156 135.6419984474025 363.9507959415852
    vertex -92.49276585672168 154.4185489640855 371.6393028046866
    vertex -116.13249268366 137.5254308958152 392.0349546758794
  endloop
endfacet
facet normal 0.589565 -0.807676 -0.00852083
  outer loop
    vertex -118.3268703938156 135.6419984474025 363.9507959415852
    vertex -94.96158459557124 152.91271186889 343.5551440703924
    vertex -92.49276585672168 154.4185489640855 371.6393028046866
  endloop
endfacet
facet normal 0.576513 -0.817043 -0.00852083
  outer loop
    vertex -116.13249268366 137.5254308958152 392.0349546758794
    vertex -92.49276585672168 154.4185489640855 371.6393028046866
    vertex -90.00007424592749 155.8845298152692 399.7234615389808
  endloop
endfacet
facet normal -0.0869672 -0.996017 0.0196673
  outer loop
    vertex -0.08992324409853819 179.9999775383602 54.09788006244371
    vertex 31.25960997584343 177.2648774691652 54.20850932336816
    vertex 7.510079650354092 179.8432614907919 79.76782068298468
  endloop
endfacet
facet normal -0.128806 -0.991475 -0.0196673
  outer loop
    vertex 31.25960997584343 177.2648774691652 54.20850932336816
    vertex 38.71617646632693 175.7869667518847 79.87844994390913
    vertex 7.510079650354092 179.8432614907919 79.76782068298468
  endloop
endfacet
facet normal -0.259101 -0.96565 0.0196673
  outer loop
    vertex 31.25960997584343 177.2648774691652 54.20850932336816
    vertex 61.65372408525936 169.1118514664738 54.31913858429262
    vertex 38.71617646632693 175.7869667518847 79.87844994390913
  endloop
endfacet
facet normal -0.128943 -0.991457 0.0196673
  outer loop
    vertex 7.510079650354092 179.8432614907919 79.76782068298468
    vertex 38.71617646632693 175.7869667518847 79.87844994390913
    vertex 15.09668850227681 179.3657994051966 105.4377613035256
  endloop
endfacet
facet normal -0.259101 -0.96565 -0.0196842
  outer loop
    vertex 61.65388294075362 169.1117935518627 445.6839773413204
    vertex 31.25983079266394 177.2648385292865 445.7931262070582
    vertex 38.73077013254549 175.7837519366904 420.1116521500052
  endloop
endfacet
facet normal -0.128889 -0.991464 0.0196842
  outer loop
    vertex 31.25983079266394 177.2648385292865 445.7931262070582
    vertex 7.525065269336334 179.8426350804843 420.2208010157429
    vertex 38.73077013254549 175.7837519366904 420.1116521500052
  endloop
endfacet
facet normal -0.0869677 -0.996017 -0.0196842
  outer loop
    vertex 31.25983079266394 177.2648385292865 445.7931262070582
    vertex -0.08964387954498845 179.9999776777066 445.902275072796
    vertex 7.525065269336334 179.8426350804843 420.2208010157429
  endloop
endfacet
facet normal -0.129025 -0.991446 -0.0196842
  outer loop
    vertex 38.73077013254549 175.7837519366904 420.1116521500052
    vertex 7.525065269336334 179.8426350804843 420.2208010157429
    vertex 15.12630163609282 179.3633044934608 394.5393269586899
  endloop
endfacet
facet normal 0.906004 -0.422477 0.0258942
  outer loop
    vertex -169.1446717414632 61.56362579862115 0
    vertex -155.8845726811986 90.00000000000068 0
    vertex -162.5133241744273 77.39133973370333 26.21480985714359
  endloop
endfacet
facet normal 0.861654 -0.506835 -0.0258942
  outer loop
    vertex -155.8845726811986 90.00000000000068 0
    vertex -146.6055165028025 104.4357339752372 26.21480985714359
    vertex -162.5133241744273 77.39133973370333 26.21480985714359
  endloop
endfacet
facet normal 0.818877 -0.573384 0.0258942
  outer loop
    vertex -155.8845726811986 90.00000000000068 0
    vertex -137.8879997614156 115.7017697435777 0
    vertex -146.6055165028025 104.4357339752372 26.21480985714359
  endloop
endfacet
facet normal 0.861654 -0.506835 0.0258942
  outer loop
    vertex -162.5133241744273 77.39133973370333 26.21480985714359
    vertex -146.6055165028025 104.4357339752372 26.21480985714359
    vertex -154.4048543871646 92.51562539203032 52.42961971428717
  endloop
endfacet
facet normal -0.906004 -0.422477 -0.0258971
  outer loop
    vertex 169.1446717414635 61.56362579862035 500
    vertex 155.884572681199 89.99999999999997 500
    vertex 162.5082132719018 77.40207115558398 473.7918808853223
  endloop
endfacet
facet normal -0.861621 -0.506891 0.0258971
  outer loop
    vertex 155.884572681199 89.99999999999997 500
    vertex 146.5986197545171 104.4454148637963 473.7918808853223
    vertex 162.5082132719018 77.40207115558398 473.7918808853223
  endloop
endfacet
facet normal -0.818877 -0.573384 -0.0258971
  outer loop
    vertex 155.884572681199 89.99999999999997 500
    vertex 137.8879997614161 115.701769743577 500
    vertex 146.5986197545171 104.4454148637963 473.7918808853223
  endloop
endfacet
facet normal -0.861621 -0.506891 -0.0258971
  outer loop
    vertex 162.5082132719018 77.40207115558398 473.7918808853223
    vertex 146.5986197545171 104.4454148637963 473.7918808853223
    vertex 154.3926344754582 92.53601687844338 447.5837617706446
  endloop
endfacet
facet normal 0.818877 -0.573384 -0.0258971
  outer loop
    vertex -137.8879997614156 115.7017697435777 500
    vertex -155.8845726811986 90.00000000000068 500
    vertex -146.5986197545137 104.445414863801 473.7918808853251
  endloop
endfacet
facet normal 0.861621 -0.506891 0.0258971
  outer loop
    vertex -155.8845726811986 90.00000000000068 500
    vertex -162.5082132718993 77.40207115558921 473.7918808853251
    vertex -146.5986197545137 104.445414863801 473.7918808853251
  endloop
endfacet
facet normal 0.906004 -0.422477 -0.0258971
  outer loop
    vertex -155.8845726811986 90.00000000000068 500
    vertex -169.1446717414632 61.56362579862115 500
    vertex -162.5082132718993 77.40207115558921 473.7918808853251
  endloop
endfacet
facet normal 0.861621 -0.506891 -0.0258971
  outer loop
    vertex -146.5986197545137 104.445414863801 473.7918808853251
    vertex -162.5082132718993 77.40207115558921 473.7918808853251
    vertex -154.3926344754527 92.53601687845263 447.5837617706503
  endloop
endfacet
facet normal -0.818877 -0.573384 0.0258971
  outer loop
    vertex 137.8879997614161 115.701769743577 0
    vertex 155.884572681199 89.99999999999997 0
    vertex 146.5986197545229 104.4454148637881 26.20811911468335
  endloop
endfacet
facet normal -0.861621 -0.506891 -0.0258971
  outer loop
    vertex 155.884572681199 89.99999999999997 0
    vertex 162.5082132719061 77.40207115557493 26.20811911468335
    vertex 146.5986197545229 104.4454148637881 26.20811911468335
  endloop
endfacet
facet normal -0.906004 -0.422477 0.0258971
  outer loop
    vertex 155.884572681199 89.99999999999997 0
    vertex 169.1446717414635 61.56362579862035 0
    vertex 162.5082132719061 77.40207115557493 26.20811911468335
  endloop
endfacet
facet normal -0.861621 -0.506891 0.0258971
  outer loop
    vertex 146.5986197545229 104.4454148637881 26.20811911468335
    vertex 162.5082132719061 77.40207115557493 26.20811911468335
    vertex 154.3926344754685 92.53601687842621 52.4162382293667
  endloop
endfacet
facet normal 0.954806 -0.297027 -0.0109417
  outer loop
    vertex -171.8619791666666 53.51130830877013 156.2499999999995
    vertex -168.2531739303714 63.95990511528458 187.524540616623
    vertex -174.8525275186451 42.73866657186987 187.7231444049813
  endloop
endfacet
facet normal 0.954864 -0.29684 0.0109417
  outer loop
    vertex -168.2531739303714 63.95990511528458 187.524540616623
    vertex -171.8993463104124 53.39114849909967 218.9976850216048
    vertex -174.8525275186451 42.73866657186987 187.7231444049813
  endloop
endfacet
facet normal 0.934773 -0.355076 -0.0109417
  outer loop
    vertex -168.2531739303714 63.95990511528458 187.524540616623
    vertex -164.0098015865661 74.16727704004785 218.7990812332465
    vertex -171.8993463104124 53.39114849909967 218.9976850216048
  endloop
endfacet
facet normal 0.971405 -0.237178 -0.0109417
  outer loop
    vertex -174.8525275186451 42.73866657186987 187.7231444049813
    vertex -171.8993463104124 53.39114849909967 218.9976850216048
    vertex -177.1685272565588 31.80114698783665 219.196288809963
  endloop
endfacet
facet normal 0.910909 -0.412459 0.0110247
  outer loop
    vertex -164.0098015865661 74.16727704004785 218.7990812332465
    vertex -168.2531739303714 63.95990511528458 187.524540616623
    vertex -159.0675232247764 84.24679848596746 187.5439648941048
  endloop
endfacet
facet normal 0.910917 -0.412441 -0.0110247
  outer loop
    vertex -168.2531739303714 63.95990511528458 187.524540616623
    vertex -163.9389327168888 74.32379389971575 156.2694242774812
    vertex -159.0675232247764 84.24679848596746 187.5439648941048
  endloop
endfacet
facet normal 0.93451 -0.355766 0.0110247
  outer loop
    vertex -168.2531739303714 63.95990511528458 187.524540616623
    vertex -171.8619791666666 53.51130830877013 156.2499999999995
    vertex -163.9389327168888 74.32379389971575 156.2694242774812
  endloop
endfacet
facet normal 0.883427 -0.46844 0.0110247
  outer loop
    vertex -159.0675232247764 84.24679848596746 187.5439648941048
    vertex -163.9389327168888 74.32379389971575 156.2694242774812
    vertex -153.5065366691619 93.99863403177332 156.288848554963
  endloop
endfacet
facet normal 0.934841 -0.35489 0.0112473
  outer loop
    vertex -164.0098015865661 74.16727704004785 218.7990812332465
    vertex -167.6776040557893 65.45396166856489 248.7213517882105
    vertex -171.8993463104124 53.39114849909967 218.9976850216048
  endloop
endfacet
facet normal 0.952123 -0.30551 -0.0112473
  outer loop
    vertex -167.6776040557893 65.45396166856489 248.7213517882105
    vertex -174.465456315185 44.29226289922721 248.9199555765688
    vertex -171.8993463104124 53.39114849909967 218.9976850216048
  endloop
endfacet
facet normal 0.952184 -0.305318 0.0112473
  outer loop
    vertex -167.6776040557893 65.45396166856489 248.7213517882105
    vertex -170.8828717888719 56.56009307973235 278.6436223431746
    vertex -174.465456315185 44.29226289922721 248.9199555765688
  endloop
endfacet
facet normal 0.971448 -0.236985 0.0112473
  outer loop
    vertex -171.8993463104124 53.39114849909967 218.9976850216048
    vertex -174.465456315185 44.29226289922721 248.9199555765688
    vertex -177.1685272565588 31.80114698783665 219.196288809963
  endloop
endfacet
facet normal 0.763637 -0.645223 -0.0233488
  outer loop
    vertex -137.8879997614156 115.7017697435777 0
    vertex -127.279220613578 127.2792206135791 27.03451760372377
    vertex -146.6055165028025 104.4357339752372 26.21480985714359
  endloop
endfacet
facet normal 0.762811 -0.6462 0.0233488
  outer loop
    vertex -127.279220613578 127.2792206135791 27.03451760372377
    vertex -136.9454642870851 116.815837159157 53.24932746086736
    vertex -146.6055165028025 104.4357339752372 26.21480985714359
  endloop
endfacet
facet normal 0.704497 -0.709323 -0.0233488
  outer loop
    vertex -127.279220613578 127.2792206135791 27.03451760372377
    vertex -115.7017697435765 137.8879997614165 54.06903520744755
    vertex -136.9454642870851 116.815837159157 53.24932746086736
  endloop
endfacet
facet normal 0.812268 -0.582817 -0.0233488
  outer loop
    vertex -146.6055165028025 104.4357339752372 26.21480985714359
    vertex -136.9454642870851 116.815837159157 53.24932746086736
    vertex -154.4048543871646 92.51562539203032 52.42961971428717
  endloop
endfacet
facet normal -0.76362 -0.645245 0.0233325
  outer loop
    vertex 137.8879997614161 115.701769743577 500
    vertex 127.2792206135786 127.2792206135785 472.9654823962762
    vertex 146.5986197545171 104.4454148637963 473.7918808853223
  endloop
endfacet
facet normal -0.762787 -0.646229 -0.0233325
  outer loop
    vertex 127.2792206135786 127.2792206135785 472.9654823962762
    vertex 136.9377500379763 116.8248801177931 446.7573632815985
    vertex 146.5986197545171 104.4454148637963 473.7918808853223
  endloop
endfacet
facet normal -0.704477 -0.709343 0.0233325
  outer loop
    vertex 127.2792206135786 127.2792206135785 472.9654823962762
    vertex 115.7017697435771 137.887999761416 445.9309647925523
    vertex 136.9377500379763 116.8248801177931 446.7573632815985
  endloop
endfacet
facet normal -0.812214 -0.582893 0.0233325
  outer loop
    vertex 146.5986197545171 104.4454148637963 473.7918808853223
    vertex 136.9377500379763 116.8248801177931 446.7573632815985
    vertex 154.3926344754582 92.53601687844338 447.5837617706446
  endloop
endfacet
facet normal 0.704477 -0.709343 0.0233325
  outer loop
    vertex -115.7017697435765 137.8879997614165 445.9309647925525
    vertex -127.279220613578 127.2792206135791 472.9654823962762
    vertex -136.9377500379725 116.8248801177975 446.7573632816013
  endloop
endfacet
facet normal 0.762787 -0.646229 -0.0233325
  outer loop
    vertex -127.279220613578 127.2792206135791 472.9654823962762
    vertex -146.5986197545137 104.445414863801 473.7918808853251
    vertex -136.9377500379725 116.8248801177975 446.7573632816013
  endloop
endfacet
facet normal 0.76362 -0.645245 0.0233325
  outer loop
    vertex -127.279220613578 127.2792206135791 472.9654823962762
    vertex -137.8879997614156 115.7017697435777 500
    vertex -146.5986197545137 104.445414863801 473.7918808853251
  endloop
endfacet
facet normal 0.812214 -0.582893 0.0233325
  outer loop
    vertex -136.9377500379725 116.8248801177975 446.7573632816013
    vertex -146.5986197545137 104.445414863801 473.7918808853251
    vertex -154.3926344754527 92.53601687845263 447.5837617706503
  endloop
endfacet
facet normal -0.704477 -0.709343 -0.0233325
  outer loop
    vertex 115.7017697435771 137.887999761416 54.06903520744764
    vertex 127.2792206135786 127.2792206135785 27.03451760372382
    vertex 136.9377500379828 116.8248801177855 53.24263671840717
  endloop
endfacet
facet normal -0.762787 -0.646229 0.0233325
  outer loop
    vertex 127.2792206135786 127.2792206135785 27.03451760372382
    vertex 146.5986197545229 104.4454148637881 26.20811911468335
    vertex 136.9377500379828 116.8248801177855 53.24263671840717
  endloop
endfacet
facet normal -0.76362 -0.645245 -0.0233325
  outer loop
    vertex 127.2792206135786 127.2792206135785 27.03451760372382
    vertex 137.8879997614161 115.701769743577 0
    vertex 146.5986197545229 104.4454148637881 26.20811911468335
  endloop
endfacet
facet normal -0.812214 -0.582893 -0.0233325
  outer loop
    vertex 136.9377500379828 116.8248801177855 53.24263671840717
    vertex 146.5986197545229 104.4454148637881 26.20811911468335
    vertex 154.3926344754685 92.53601687842621 52.4162382293667
  endloop
endfacet
facet normal 0.575152 -0.818036 0.00411271
  outer loop
    vertex -92.6246392870527 154.3394835968534 156.9194037787541
    vertex -114.7932087615101 138.6453000365911 135.492297862593
    vertex -91.31562956370411 155.1175547685831 128.6196693483826
  endloop
endfacet
facet normal 0.573538 -0.819169 -0.00411271
  outer loop
    vertex -114.7932087615101 138.6453000365911 135.492297862593
    vertex -113.6161767961145 139.6114764990115 107.1925634322216
    vertex -91.31562956370411 155.1175547685831 128.6196693483826
  endloop
endfacet
facet normal 0.691692 -0.722181 0.00411271
  outer loop
    vertex -114.7932087615101 138.6453000365911 135.492297862593
    vertex -134.3479196174646 119.7941421541941 114.065191946432
    vertex -113.6161767961145 139.6114764990115 107.1925634322216
  endloop
endfacet
facet normal 0.568211 -0.822873 0.00411271
  outer loop
    vertex -91.31562956370411 155.1175547685831 128.6196693483826
    vertex -113.6161767961145 139.6114764990115 107.1925634322216
    vertex -90.00008428716575 155.8845240179507 100.3199349180112
  endloop
endfacet
facet normal -0.00486791 -0.999981 0.00379326
  outer loop
    vertex 12.20611168092135 179.5856643433235 156.6199497707973
    vertex -11.56760041755054 179.6279227196593 137.2511877852311
    vertex 13.65184271842693 179.4815511142896 131.0288555371615
  endloop
endfacet
facet normal -0.00673965 -0.99997 -0.00379326
  outer loop
    vertex -11.56760041755054 179.6279227196593 137.2511877852311
    vertex -10.12075828825074 179.7152476883105 111.6600935515953
    vertex 13.65184271842693 179.4815511142896 131.0288555371615
  endloop
endfacet
facet normal 0.12696 -0.991901 0.00379326
  outer loop
    vertex -11.56760041755054 179.6279227196593 137.2511877852311
    vertex -35.13952530474305 176.5367207165617 117.8824257996648
    vertex -10.12075828825074 179.7152476883105 111.6600935515953
  endloop
endfacet
facet normal -0.0129202 -0.999909 0.00379326
  outer loop
    vertex 13.65184271842693 179.4815511142896 131.0288555371615
    vertex -10.12075828825074 179.7152476883105 111.6600935515953
    vertex 15.09668850227681 179.3657994051966 105.4377613035256
  endloop
endfacet
facet normal 0.128094 -0.991752 -0.00446936
  outer loop
    vertex -35.38029902778278 176.488624111314 382.0830888791334
    vertex -11.95820087372748 179.6023425010475 362.4371296534987
    vertex -10.22849203991091 179.709148210628 388.3112079189116
  endloop
endfacet
facet normal -0.00510918 -0.999977 0.00446936
  outer loop
    vertex -11.95820087372748 179.6023425010475 362.4371296534987
    vertex 13.39874735200874 179.5006227549003 368.665248693277
    vertex -10.22849203991091 179.709148210628 388.3112079189116
  endloop
endfacet
facet normal -0.0029137 -0.999986 -0.00446936
  outer loop
    vertex -11.95820087372748 179.6023425010475 362.4371296534987
    vertex 11.66995107843733 179.6213023052302 342.791170427864
    vertex 13.39874735200874 179.5006227549003 368.665248693277
  endloop
endfacet
facet normal -0.0125411 -0.999911 -0.00446936
  outer loop
    vertex -10.22849203991091 179.709148210628 388.3112079189116
    vertex 13.39874735200874 179.5006227549003 368.665248693277
    vertex 15.12630163609282 179.3633044934608 394.5393269586899
  endloop
endfacet
facet normal -0.658256 -0.752771 -0.00589305
  outer loop
    vertex 110.6506716772132 141.9733385441843 342.71876244667
    vertex 127.3077290127109 127.2507058276148 362.7682622092053
    vertex 108.7360364897696 143.4450221112448 368.5933893770555
  endloop
endfacet
facet normal -0.656156 -0.754602 0.00589305
  outer loop
    vertex 127.3077290127109 127.2507058276148 362.7682622092053
    vertex 125.5891097616526 128.9471810830915 388.6428891395908
    vertex 108.7360364897696 143.4450221112448 368.5933893770555
  endloop
endfacet
facet normal -0.74603 -0.665887 -0.00589305
  outer loop
    vertex 127.3077290127109 127.2507058276148 362.7682622092053
    vertex 142.0228976161508 110.5870541822701 382.8177619717405
    vertex 125.5891097616526 128.9471810830915 388.6428891395908
  endloop
endfacet
facet normal -0.648098 -0.761534 -0.00589305
  outer loop
    vertex 108.7360364897696 143.4450221112448 368.5933893770555
    vertex 125.5891097616526 128.9471810830915 388.6428891395908
    vertex 106.8018298882759 144.8908869891954 394.4680163074411
  endloop
endfacet
facet normal -0.745273 -0.666723 0.00689856
  outer loop
    vertex 142.0087986680562 110.6051585634932 117.1421088201502
    vertex 127.2673956084753 127.2910445201698 137.2176104349503
    vertex 125.2310745078767 129.2949263413017 110.895970946627
  endloop
endfacet
facet normal -0.65467 -0.755883 -0.00689856
  outer loop
    vertex 127.2673956084753 127.2910445201698 137.2176104349503
    vertex 108.3106340156144 143.7665001282831 130.9714725614271
    vertex 125.2310745078767 129.2949263413017 110.895970946627
  endloop
endfacet
facet normal -0.65726 -0.753632 0.00689856
  outer loop
    vertex 127.2673956084753 127.2910445201698 137.2176104349503
    vertex 110.5787709370523 142.0293470309954 157.2931120497505
    vertex 108.3106340156144 143.7665001282831 130.9714725614271
  endloop
endfacet
facet normal -0.645216 -0.763969 0.00689856
  outer loop
    vertex 125.2310745078767 129.2949263413017 110.895970946627
    vertex 108.3106340156144 143.7665001282831 130.9714725614271
    vertex 106.0152116865906 145.4674358440658 104.6498330731038
  endloop
endfacet
facet normal 0.997753 -0.0639981 0.0198105
  outer loop
    vertex -180 0 187.4999999999994
    vertex -177.9538651589226 27.06329386826385 171.8749999999994
    vertex -179.290734431789 15.96347540198288 203.3481444049812
  endloop
endfacet
facet normal 0.984416 -0.174736 -0.0198105
  outer loop
    vertex -177.9538651589226 27.06329386826385 171.8749999999994
    vertex -174.8525275186451 42.73866657186987 187.7231444049813
    vertex -179.290734431789 15.96347540198288 203.3481444049812
  endloop
endfacet
facet normal 0.976789 -0.213284 0.0198105
  outer loop
    vertex -177.9538651589226 27.06329386826385 171.8749999999994
    vertex -171.8619791666666 53.51130830877013 156.2499999999995
    vertex -174.8525275186451 42.73866657186987 187.7231444049813
  endloop
endfacet
facet normal 0.988146 -0.152233 0.0198105
  outer loop
    vertex -179.290734431789 15.96347540198288 203.3481444049812
    vertex -174.8525275186451 42.73866657186987 187.7231444049813
    vertex -177.1685272565588 31.80114698783665 219.196288809963
  endloop
endfacet
facet normal 0.996018 -0.0871403 0.0188245
  outer loop
    vertex -180 2.20436423846524e-14 0
    vertex -177.2653955421973 31.25667198004816 0
    vertex -178.24924160671 25.04411840398343 23.29754729675868
  endloop
endfacet
facet normal 0.974206 -0.224873 -0.0188245
  outer loop
    vertex -177.2653955421973 31.25667198004816 0
    vertex -171.1923695807075 55.61629794711659 23.29754729675868
    vertex -178.24924160671 25.04411840398343 23.29754729675868
  endloop
endfacet
facet normal 0.965755 -0.258773 0.0188245
  outer loop
    vertex -177.2653955421973 31.25667198004816 0
    vertex -169.1446717414632 61.56362579862115 0
    vertex -171.1923695807075 55.61629794711659 23.29754729675868
  endloop
endfacet
facet normal 0.974206 -0.224873 0.0188245
  outer loop
    vertex -178.24924160671 25.04411840398343 23.29754729675868
    vertex -171.1923695807075 55.61629794711659 23.29754729675868
    vertex -173.0310237040806 49.60105680242992 46.59509459351735
  endloop
endfacet
facet normal 0.997565 -0.0697368 0
  outer loop
    vertex -180 0 62.49999999999979
    vertex -180 0 31.24999999999989
    vertex -178.24924160671 25.04411840398343 54.54754729675857
  endloop
endfacet
facet normal 0.997565 -0.0697368 0
  outer loop
    vertex -180 0 31.24999999999989
    vertex -178.24924160671 25.04411840398343 23.29754729675868
    vertex -178.24924160671 25.04411840398343 54.54754729675857
  endloop
endfacet
facet normal 0.997565 -0.0697368 -4.91921e-17
  outer loop
    vertex -180 0 31.24999999999989
    vertex -180 2.20436423846524e-14 0
    vertex -178.24924160671 25.04411840398343 23.29754729675868
  endloop
endfacet
facet normal 0.97816 -0.207854 0
  outer loop
    vertex -178.24924160671 25.04411840398343 54.54754729675857
    vertex -178.24924160671 25.04411840398343 23.29754729675868
    vertex -173.0310237040806 49.60105680242992 46.59509459351735
  endloop
endfacet
facet normal 0.965657 -0.258747 -0.023576
  outer loop
    vertex -169.1446717414632 61.56362579862115 500
    vertex -177.2653955421973 31.25667198004816 500
    vertex -171.8542273213826 53.53619851811086 477.1196084182995
  endloop
endfacet
facet normal 0.976763 -0.213021 0.023576
  outer loop
    vertex -177.2653955421973 31.25667198004816 500
    vertex -178.539838765905 22.88068996871942 477.1196084182995
    vertex -171.8542273213826 53.53619851811086 477.1196084182995
  endloop
endfacet
facet normal 0.995918 -0.0871315 -0.023576
  outer loop
    vertex -177.2653955421973 31.25667198004816 500
    vertex -180 2.20436423846524e-14 500
    vertex -178.539838765905 22.88068996871942 477.1196084182995
  endloop
endfacet
facet normal 0.976763 -0.213021 -0.023576
  outer loop
    vertex -171.8542273213826 53.53619851811086 477.1196084182995
    vertex -178.539838765905 22.88068996871942 477.1196084182995
    vertex -174.1830447395038 45.3901633096424 454.239216836599
  endloop
endfacet
facet normal -0.995918 -0.0871315 -0.023576
  outer loop
    vertex 180 -4.40872847693047e-14 500
    vertex 177.2653955421974 31.25667198004745 500
    vertex 178.5398387659056 22.88068996871412 477.1196084182974
  endloop
endfacet
facet normal -0.976763 -0.213021 0.023576
  outer loop
    vertex 177.2653955421974 31.25667198004745 500
    vertex 171.8542273213842 53.53619851810541 477.1196084182974
    vertex 178.5398387659056 22.88068996871412 477.1196084182974
  endloop
endfacet
facet normal -0.965657 -0.258747 -0.023576
  outer loop
    vertex 177.2653955421974 31.25667198004745 500
    vertex 169.1446717414635 61.56362579862035 500
    vertex 171.8542273213842 53.53619851810541 477.1196084182974
  endloop
endfacet
facet normal -0.976763 -0.213021 -0.023576
  outer loop
    vertex 178.5398387659056 22.88068996871412 477.1196084182974
    vertex 171.8542273213842 53.53619851810541 477.1196084182974
    vertex 174.1830447395065 45.39016330963219 454.2392168365948
  endloop
endfacet
facet normal -0.965657 -0.258747 0.023576
  outer loop
    vertex 169.1446717414635 61.56362579862035 0
    vertex 177.2653955421974 31.25667198004745 0
    vertex 171.8542273213851 53.53619851810262 22.88039158169943
  endloop
endfacet
facet normal -0.976763 -0.213021 -0.023576
  outer loop
    vertex 177.2653955421974 31.25667198004745 0
    vertex 178.539838765906 22.88068996871122 22.88039158169943
    vertex 171.8542273213851 53.53619851810262 22.88039158169943
  endloop
endfacet
facet normal -0.995918 -0.0871315 0.023576
  outer loop
    vertex 177.2653955421974 31.25667198004745 0
    vertex 180 -4.40872847693047e-14 0
    vertex 178.539838765906 22.88068996871122 22.88039158169943
  endloop
endfacet
facet normal -0.976763 -0.213021 0.023576
  outer loop
    vertex 171.8542273213851 53.53619851810262 22.88039158169943
    vertex 178.539838765906 22.88068996871122 22.88039158169943
    vertex 174.1830447395079 45.39016330962653 45.76078316339887
  endloop
endfacet
facet normal 0.99797 -0.0636868 4.49244e-17
  outer loop
    vertex -180 2.20436423846524e-14 500
    vertex -180 0 468.7499999999999
    vertex -178.539838765905 22.88068996871942 477.1196084182995
  endloop
endfacet
facet normal 0.99797 -0.0636868 0
  outer loop
    vertex -180 0 468.7499999999999
    vertex -178.539838765905 22.88068996871942 445.8696084182994
    vertex -178.539838765905 22.88068996871942 477.1196084182995
  endloop
endfacet
facet normal 0.99797 -0.0636868 0
  outer loop
    vertex -180 0 468.7499999999999
    vertex -180 0 437.4999999999998
    vertex -178.539838765905 22.88068996871942 445.8696084182994
  endloop
endfacet
facet normal 0.981779 -0.190027 0
  outer loop
    vertex -178.539838765905 22.88068996871942 477.1196084182995
    vertex -178.539838765905 22.88068996871942 445.8696084182994
    vertex -174.1830447395038 45.3901633096424 454.239216836599
  endloop
endfacet
facet normal -0.99797 -0.0636868 0
  outer loop
    vertex 180 -4.408728476930472e-14 437.4999999999998
    vertex 180 -4.408728476930472e-14 468.7499999999999
    vertex 178.5398387659056 22.88068996871412 445.8696084182973
  endloop
endfacet
facet normal -0.99797 -0.0636868 0
  outer loop
    vertex 180 -4.408728476930472e-14 468.7499999999999
    vertex 178.5398387659056 22.88068996871412 477.1196084182974
    vertex 178.5398387659056 22.88068996871412 445.8696084182973
  endloop
endfacet
facet normal -0.99797 -0.0636868 3.85843e-32
  outer loop
    vertex 180 -4.408728476930472e-14 468.7499999999999
    vertex 180 -4.40872847693047e-14 500
    vertex 178.5398387659056 22.88068996871412 477.1196084182974
  endloop
endfacet
facet normal -0.981779 -0.190027 0
  outer loop
    vertex 178.5398387659056 22.88068996871412 445.8696084182973
    vertex 178.5398387659056 22.88068996871412 477.1196084182974
    vertex 174.1830447395065 45.39016330963219 454.2392168365948
  endloop
endfacet
facet normal -0.99797 -0.0636868 -3.85843e-32
  outer loop
    vertex 180 -4.40872847693047e-14 0
    vertex 180 -4.408728476930472e-14 31.24999999999989
    vertex 178.539838765906 22.88068996871122 22.88039158169943
  endloop
endfacet
facet normal -0.99797 -0.0636868 0
  outer loop
    vertex 180 -4.408728476930472e-14 31.24999999999989
    vertex 178.539838765906 22.88068996871122 54.13039158169933
    vertex 178.539838765906 22.88068996871122 22.88039158169943
  endloop
endfacet
facet normal -0.99797 -0.0636868 0
  outer loop
    vertex 180 -4.408728476930472e-14 31.24999999999989
    vertex 180 -4.408728476930472e-14 62.49999999999979
    vertex 178.539838765906 22.88068996871122 54.13039158169933
  endloop
endfacet
facet normal -0.981779 -0.190027 0
  outer loop
    vertex 178.539838765906 22.88068996871122 22.88039158169943
    vertex 178.539838765906 22.88068996871122 54.13039158169933
    vertex 174.1830447395079 45.39016330962653 45.76078316339887
  endloop
endfacet
facet normal 0.775334 -0.631152 -0.0224447
  outer loop
    vertex -131.1722316942183 123.2633182757884 188.897595238604
    vertex -149.6185600425292 100.0714069592313 203.8483382359253
    vertex -143.0895024982554 109.2034535845903 172.5932218967835
  endloop
endfacet
facet normal 0.848023 -0.529484 0.0224447
  outer loop
    vertex -149.6185600425292 100.0714069592313 203.8483382359253
    vertex -159.0675232247764 84.24679848596746 187.5439648941048
    vertex -143.0895024982554 109.2034535845903 172.5932218967835
  endloop
endfacet
facet normal 0.868381 -0.49539 -0.0224447
  outer loop
    vertex -149.6185600425292 100.0714069592313 203.8483382359253
    vertex -164.0098015865661 74.16727704004785 218.7990812332465
    vertex -159.0675232247764 84.24679848596746 187.5439648941048
  endloop
endfacet
facet normal 0.835811 -0.548558 -0.0224447
  outer loop
    vertex -143.0895024982554 109.2034535845903 172.5932218967835
    vertex -159.0675232247764 84.24679848596746 187.5439648941048
    vertex -153.5065366691619 93.99863403177332 156.288848554963
  endloop
endfacet
facet normal 0.973918 -0.2256 -0.0242745
  outer loop
    vertex -170.8828717888719 56.56009307973235 278.6436223431746
    vertex -177.7061013612039 28.64509624702864 264.3218111715869
    vertex -174.465456315185 44.29226289922721 248.9199555765688
  endloop
endfacet
facet normal 0.983408 -0.179777 0.0242745
  outer loop
    vertex -177.7061013612039 28.64509624702864 264.3218111715869
    vertex -179.290734431789 15.96347540198288 234.5981444049811
    vertex -174.465456315185 44.29226289922721 248.9199555765688
  endloop
endfacet
facet normal 0.997408 -0.0677358 -0.0242745
  outer loop
    vertex -177.7061013612039 28.64509624702864 264.3218111715869
    vertex -180 0 249.9999999999991
    vertex -179.290734431789 15.96347540198288 234.5981444049811
  endloop
endfacet
facet normal 0.987471 -0.155925 -0.0242745
  outer loop
    vertex -174.465456315185 44.29226289922721 248.9199555765688
    vertex -179.290734431789 15.96347540198288 234.5981444049811
    vertex -177.1685272565588 31.80114698783665 219.196288809963
  endloop
endfacet
facet normal 0.275987 -0.961151 -0.00454954
  outer loop
    vertex -35.13952530474305 176.5367207165617 117.8824257996648
    vertex -64.83902969968791 167.9163488990961 137.4009147892095
    vertex -63.41615550727882 168.4588710061795 109.101180358838
  endloop
endfacet
facet normal 0.433989 -0.900906 0.00454954
  outer loop
    vertex -64.83902969968791 167.9163488990961 137.4009147892095
    vertex -91.31562956370411 155.1175547685831 128.6196693483826
    vertex -63.41615550727882 168.4588710061795 109.101180358838
  endloop
endfacet
facet normal 0.436436 -0.899724 -0.00454954
  outer loop
    vertex -64.83902969968791 167.9163488990961 137.4009147892095
    vertex -92.6246392870527 154.3394835968534 156.9194037787541
    vertex -91.31562956370411 155.1175547685831 128.6196693483826
  endloop
endfacet
facet normal 0.428808 -0.903384 -0.00454954
  outer loop
    vertex -63.41615550727882 168.4588710061795 109.101180358838
    vertex -91.31562956370411 155.1175547685831 128.6196693483826
    vertex -90.00008428716575 155.8845240179507 100.3199349180112
  endloop
endfacet
facet normal 0.44475 -0.89561 0.00892449
  outer loop
    vertex -94.96158459557124 152.91271186889 343.5551440703924
    vertex -66.22844982435124 167.3732130117104 362.8191164747629
    vertex -92.49276585672168 154.4185489640855 371.6393028046866
  endloop
endfacet
facet normal 0.439929 -0.897988 -0.00892449
  outer loop
    vertex -66.22844982435124 167.3732130117104 362.8191164747629
    vertex -63.53102923771822 168.4155821888111 390.903275209057
    vertex -92.49276585672168 154.4185489640855 371.6393028046866
  endloop
endfacet
facet normal 0.278239 -0.96047 0.00892449
  outer loop
    vertex -66.22844982435124 167.3732130117104 362.8191164747629
    vertex -35.38029902778278 176.488624111314 382.0830888791334
    vertex -63.53102923771822 168.4155821888111 390.903275209057
  endloop
endfacet
facet normal 0.430304 -0.90264 0.00892449
  outer loop
    vertex -92.49276585672168 154.4185489640855 371.6393028046866
    vertex -63.53102923771822 168.4155821888111 390.903275209057
    vertex -90.00007424592749 155.8845298152692 399.7234615389808
  endloop
endfacet
facet normal 0.573327 -0.818792 0.0296048
  outer loop
    vertex -115.7017697435765 137.8879997614165 54.06903520744755
    vertex -90.00049416378316 155.8842873745614 54.06871536601981
    vertex -103.2437984057648 147.4473400599339 77.19448506272938
  endloop
endfacet
facet normal 0.499782 -0.865645 -0.0296048
  outer loop
    vertex -90.00049416378316 155.8842873745614 54.06871536601981
    vertex -76.07184836657107 163.1351399487352 77.19416522130165
    vertex -103.2437984057648 147.4473400599339 77.19448506272938
  endloop
endfacet
facet normal 0.422438 -0.905908 0.0296048
  outer loop
    vertex -90.00049416378316 155.8842873745614 54.06871536601981
    vertex -61.56469819660755 169.144281416667 54.06839552459207
    vertex -76.07184836657107 163.1351399487352 77.19416522130165
  endloop
endfacet
facet normal 0.499783 -0.865645 0.0296048
  outer loop
    vertex -103.2437984057648 147.4473400599339 77.19448506272938
    vertex -76.07184836657107 163.1351399487352 77.19416522130165
    vertex -90.00008428716575 155.8845240179507 100.3199349180112
  endloop
endfacet
facet normal 0.422437 -0.905908 -0.0296327
  outer loop
    vertex -61.56456613560178 169.144329483832 445.931525701193
    vertex -90.00043330971529 155.8843225089152 445.9312452468727
    vertex -76.07177942777584 163.1351720956944 422.8274936200869
  endloop
endfacet
facet normal 0.499782 -0.865644 0.0296327
  outer loop
    vertex -90.00043330971529 155.8843225089152 445.9312452468727
    vertex -103.2437936568847 147.4473433851374 422.8272131657666
    vertex -76.07177942777584 163.1351720956944 422.8274936200869
  endloop
endfacet
facet normal 0.573326 -0.818791 -0.0296327
  outer loop
    vertex -90.00043330971529 155.8843225089152 445.9312452468727
    vertex -115.7017697435765 137.8879997614165 445.9309647925525
    vertex -103.2437936568847 147.4473433851374 422.8272131657666
  endloop
endfacet
facet normal 0.499782 -0.865644 -0.0296327
  outer loop
    vertex -76.07177942777584 163.1351720956944 422.8274936200869
    vertex -103.2437936568847 147.4473433851374 422.8272131657666
    vertex -90.00007424592749 155.8845298152692 399.7234615389808
  endloop
endfacet
facet normal -0.285509 -0.958368 -0.00404232
  outer loop
    vertex 63.46028495545173 168.4422519244292 126.0857765512319
    vertex 38.24127096564165 175.8908900282569 141.3528631610146
    vertex 39.65640543595337 175.5772465551823 115.7617689273788
  endloop
endfacet
facet normal -0.146153 -0.989254 0.00404232
  outer loop
    vertex 38.24127096564165 175.8908900282569 141.3528631610146
    vertex 13.65184271842693 179.4815511142896 131.0288555371615
    vertex 39.65640543595337 175.5772465551823 115.7617689273788
  endloop
endfacet
facet normal -0.142829 -0.989739 -0.00404232
  outer loop
    vertex 38.24127096564165 175.8908900282569 141.3528631610146
    vertex 12.20611168092135 179.5856643433235 156.6199497707973
    vertex 13.65184271842693 179.4815511142896 131.0288555371615
  endloop
endfacet
facet normal -0.150794 -0.988557 -0.00404232
  outer loop
    vertex 39.65640543595337 175.5772465551823 115.7617689273788
    vertex 13.65184271842693 179.4815511142896 131.0288555371615
    vertex 15.09668850227681 179.3657994051966 105.4377613035256
  endloop
endfacet
facet normal -0.141729 -0.989894 0.00485277
  outer loop
    vertex 11.66995107843733 179.6213023052302 342.791170427864
    vertex 38.21204535497738 175.8972415639005 358.3216066853057
    vertex 13.39874735200874 179.5006227549003 368.665248693277
  endloop
endfacet
facet normal -0.145691 -0.989318 -0.00485277
  outer loop
    vertex 38.21204535497738 175.8972415639005 358.3216066853057
    vertex 39.90375739604133 175.5211957162948 384.1956849507187
    vertex 13.39874735200874 179.5006227549003 368.665248693277
  endloop
endfacet
facet normal -0.287145 -0.957875 0.00485277
  outer loop
    vertex 38.21204535497738 175.8972415639005 358.3216066853057
    vertex 63.90692740427707 168.2733033780001 373.8520429427475
    vertex 39.90375739604133 175.5211957162948 384.1956849507187
  endloop
endfacet
facet normal -0.151253 -0.988483 0.00485277
  outer loop
    vertex 13.39874735200874 179.5006227549003 368.665248693277
    vertex 39.90375739604133 175.5211957162948 384.1956849507187
    vertex 15.12630163609282 179.3633044934608 394.5393269586899
  endloop
endfacet
facet normal -0.549458 -0.835485 -0.00779284
  outer loop
    vertex 110.5787709370523 142.0293470309954 157.2931120497505
    vertex 88.01595667954723 157.0133477440185 141.6894443004912
    vertex 108.3106340156144 143.7665001282831 130.9714725614271
  endloop
endfacet
facet normal -0.543686 -0.839253 0.00779284
  outer loop
    vertex 88.01595667954723 157.0133477440185 141.6894443004912
    vertex 85.5128442632939 158.3905093937185 115.3678048121678
    vertex 108.3106340156144 143.7665001282831 130.9714725614271
  endloop
endfacet
facet normal -0.417876 -0.908471 -0.00779284
  outer loop
    vertex 88.01595667954723 157.0133477440185 141.6894443004912
    vertex 63.46028495545173 168.4422519244292 126.0857765512319
    vertex 85.5128442632939 158.3905093937185 115.3678048121678
  endloop
endfacet
facet normal -0.536128 -0.844101 -0.00779284
  outer loop
    vertex 108.3106340156144 143.7665001282831 130.9714725614271
    vertex 85.5128442632939 158.3905093937185 115.3678048121678
    vertex 106.0152116865906 145.4674358440658 104.6498330731038
  endloop
endfacet
facet normal -0.420351 -0.907337 0.00670882
  outer loop
    vertex 63.90692740427707 168.2733033780001 373.8520429427475
    vertex 88.26387079002689 156.8741186848916 358.2854026947088
    vertex 86.15134533561735 158.0441257904361 384.1600296250942
  endloop
endfacet
facet normal -0.546116 -0.837683 -0.00670882
  outer loop
    vertex 88.26387079002689 156.8741186848916 358.2854026947088
    vertex 108.7360364897696 143.4450221112448 368.5933893770555
    vertex 86.15134533561735 158.0441257904361 384.1600296250942
  endloop
endfacet
facet normal -0.550839 -0.834584 0.00670882
  outer loop
    vertex 88.26387079002689 156.8741186848916 358.2854026947088
    vertex 110.6506716772132 141.9733385441843 342.71876244667
    vertex 108.7360364897696 143.4450221112448 368.5933893770555
  endloop
endfacet
facet normal -0.539593 -0.841899 0.00670882
  outer loop
    vertex 86.15134533561735 158.0441257904361 384.1600296250942
    vertex 108.7360364897696 143.4450221112448 368.5933893770555
    vertex 106.8018298882759 144.8908869891954 394.4680163074411
  endloop
endfacet
facet normal -0.931811 -0.362553 0.0168517
  outer loop
    vertex 169.1446717414635 61.56362579862035 500
    vertex 162.5082132719018 77.40207115558398 473.7918808853223
    vertex 171.8542273213842 53.53619851810541 477.1196084182974
  endloop
endfacet
facet normal -0.930215 -0.366627 -0.0168517
  outer loop
    vertex 162.5082132719018 77.40207115558398 473.7918808853223
    vertex 165.9704103750931 69.66938265783047 450.9114893036197
    vertex 171.8542273213842 53.53619851810541 477.1196084182974
  endloop
endfacet
facet normal -0.893021 -0.4497 0.0168517
  outer loop
    vertex 162.5082132719018 77.40207115558398 473.7918808853223
    vertex 154.3926344754582 92.53601687844338 447.5837617706446
    vertex 165.9704103750931 69.66938265783047 450.9114893036197
  endloop
endfacet
facet normal -0.947839 -0.318304 0.0168517
  outer loop
    vertex 171.8542273213842 53.53619851810541 477.1196084182974
    vertex 165.9704103750931 69.66938265783047 450.9114893036197
    vertex 174.1830447395065 45.39016330963219 454.2392168365948
  endloop
endfacet
facet normal 0.893021 -0.4497 0.0168517
  outer loop
    vertex -154.3926344754527 92.53601687845263 447.5837617706503
    vertex -162.5082132718993 77.40207115558921 473.7918808853251
    vertex -165.9704103750889 69.6693826578403 450.9114893036246
  endloop
endfacet
facet normal 0.930215 -0.366627 -0.0168517
  outer loop
    vertex -162.5082132718993 77.40207115558921 473.7918808853251
    vertex -171.8542273213826 53.53619851811086 477.1196084182995
    vertex -165.9704103750889 69.6693826578403 450.9114893036246
  endloop
endfacet
facet normal 0.931811 -0.362553 0.0168517
  outer loop
    vertex -162.5082132718993 77.40207115558921 473.7918808853251
    vertex -169.1446717414632 61.56362579862115 500
    vertex -171.8542273213826 53.53619851811086 477.1196084182995
  endloop
endfacet
facet normal 0.947839 -0.318304 0.0168517
  outer loop
    vertex -165.9704103750889 69.6693826578403 450.9114893036246
    vertex -171.8542273213826 53.53619851811086 477.1196084182995
    vertex -174.1830447395038 45.3901633096424 454.239216836599
  endloop
endfacet
facet normal -0.893021 -0.4497 -0.0168517
  outer loop
    vertex 154.3926344754685 92.53601687842621 52.4162382293667
    vertex 162.5082132719061 77.40207115557493 26.20811911468335
    vertex 165.970410375098 69.66938265781855 49.08851069638278
  endloop
endfacet
facet normal -0.930215 -0.366627 0.0168517
  outer loop
    vertex 162.5082132719061 77.40207115557493 26.20811911468335
    vertex 171.8542273213851 53.53619851810262 22.88039158169943
    vertex 165.970410375098 69.66938265781855 49.08851069638278
  endloop
endfacet
facet normal -0.931811 -0.362553 -0.0168517
  outer loop
    vertex 162.5082132719061 77.40207115557493 26.20811911468335
    vertex 169.1446717414635 61.56362579862035 0
    vertex 171.8542273213851 53.53619851810262 22.88039158169943
  endloop
endfacet
facet normal -0.947839 -0.318304 -0.0168517
  outer loop
    vertex 165.970410375098 69.66938265781855 49.08851069638278
    vertex 171.8542273213851 53.53619851810262 22.88039158169943
    vertex 174.1830447395079 45.39016330962653 45.76078316339887
  endloop
endfacet
facet normal 0.929432 -0.368783 -0.0124509
  outer loop
    vertex -169.1446717414632 61.56362579862115 0
    vertex -162.5133241744273 77.39133973370333 26.21480985714359
    vertex -171.1923695807075 55.61629794711659 23.29754729675868
  endloop
endfacet
facet normal 0.928285 -0.371662 0.0124509
  outer loop
    vertex -162.5133241744273 77.39133973370333 26.21480985714359
    vertex -165.1180747666775 71.66604067022199 49.51235715390226
    vertex -171.1923695807075 55.61629794711659 23.29754729675868
  endloop
endfacet
facet normal 0.890089 -0.455616 -0.0124509
  outer loop
    vertex -162.5133241744273 77.39133973370333 26.21480985714359
    vertex -154.4048543871646 92.51562539203032 52.42961971428717
    vertex -165.1180747666775 71.66604067022199 49.51235715390226
  endloop
endfacet
facet normal 0.94175 -0.336084 -0.0124509
  outer loop
    vertex -171.1923695807075 55.61629794711659 23.29754729675868
    vertex -165.1180747666775 71.66604067022199 49.51235715390226
    vertex -173.0310237040806 49.60105680242992 46.59509459351735
  endloop
endfacet
facet normal 0.966646 -0.255074 -0.0230899
  outer loop
    vertex -168.3488697475562 63.70759809253798 100.0403220435301
    vertex -177.0632606648823 32.38212041729109 81.27016102176495
    vertex -170.8356126223543 56.7026759504777 73.31770831852374
  endloop
endfacet
facet normal 0.970274 -0.240903 0.0230899
  outer loop
    vertex -177.0632606648823 32.38212041729109 81.27016102176495
    vertex -178.24924160671 25.04411840398343 54.54754729675857
    vertex -170.8356126223543 56.7026759504777 73.31770831852374
  endloop
endfacet
facet normal 0.996763 -0.0770126 -0.0230899
  outer loop
    vertex -177.0632606648823 32.38212041729109 81.27016102176495
    vertex -180 0 62.49999999999979
    vertex -178.24924160671 25.04411840398343 54.54754729675857
  endloop
endfacet
facet normal 0.976353 -0.214947 -0.0230899
  outer loop
    vertex -170.8356126223543 56.7026759504777 73.31770831852374
    vertex -178.24924160671 25.04411840398343 54.54754729675857
    vertex -173.0310237040806 49.60105680242992 46.59509459351735
  endloop
endfacet
facet normal 0.997403 -0.0699374 0.0171867
  outer loop
    vertex -180 0 437.4999999999998
    vertex -177.7095473983792 28.6237098130764 421.0548270213981
    vertex -178.539838765905 22.88068996871942 445.8696084182994
  endloop
endfacet
facet normal 0.97637 -0.215419 -0.0171867
  outer loop
    vertex -177.7095473983792 28.6237098130764 421.0548270213981
    vertex -172.6294650537832 50.98105329673596 429.4244354396977
    vertex -178.539838765905 22.88068996871942 445.8696084182994
  endloop
endfacet
facet normal 0.97359 -0.227655 0.0171867
  outer loop
    vertex -177.7095473983792 28.6237098130764 421.0548270213981
    vertex -170.8964804059644 56.51896128604834 404.6096540427964
    vertex -172.6294650537832 50.98105329673596 429.4244354396977
  endloop
endfacet
facet normal 0.980422 -0.196155 0.0171867
  outer loop
    vertex -178.539838765905 22.88068996871942 445.8696084182994
    vertex -172.6294650537832 50.98105329673596 429.4244354396977
    vertex -174.1830447395038 45.3901633096424 454.239216836599
  endloop
endfacet
facet normal -0.975994 -0.217438 0.0124698
  outer loop
    vertex 171.8619791666666 53.51130830877018 406.2499999999997
    vertex 177.9538651589226 27.06329386826379 421.8749999999997
    vertex 173.0701530928434 49.46435189527674 430.2446084182973
  endloop
endfacet
facet normal -0.977934 -0.208543 -0.0124698
  outer loop
    vertex 177.9538651589226 27.06329386826379 421.8749999999997
    vertex 178.5398387659056 22.88068996871412 445.8696084182973
    vertex 173.0701530928434 49.46435189527674 430.2446084182973
  endloop
endfacet
facet normal -0.997592 -0.068224 0.0124698
  outer loop
    vertex 177.9538651589226 27.06329386826379 421.8749999999997
    vertex 180 -4.408728476930472e-14 437.4999999999998
    vertex 178.5398387659056 22.88068996871412 445.8696084182973
  endloop
endfacet
facet normal -0.980827 -0.194479 0.0124698
  outer loop
    vertex 173.0701530928434 49.46435189527674 430.2446084182973
    vertex 178.5398387659056 22.88068996871412 445.8696084182973
    vertex 174.1830447395065 45.39016330963219 454.2392168365948
  endloop
endfacet
facet normal -0.997592 -0.068224 -0.0124698
  outer loop
    vertex 180 -4.408728476930472e-14 62.49999999999979
    vertex 177.9538651589269 27.06329386823522 78.12499999999974
    vertex 178.539838765906 22.88068996871122 54.13039158169933
  endloop
endfacet
facet normal -0.977934 -0.208543 0.0124698
  outer loop
    vertex 177.9538651589269 27.06329386823522 78.12499999999974
    vertex 173.0701530928521 49.46435189524614 69.75539158169929
    vertex 178.539838765906 22.88068996871122 54.13039158169933
  endloop
endfacet
facet normal -0.975994 -0.217438 -0.0124698
  outer loop
    vertex 177.9538651589269 27.06329386823522 78.12499999999974
    vertex 171.8619791666838 53.51130830871498 93.74999999999969
    vertex 173.0701530928521 49.46435189524614 69.75539158169929
  endloop
endfacet
facet normal -0.980827 -0.194479 -0.0124698
  outer loop
    vertex 178.539838765906 22.88068996871122 54.13039158169933
    vertex 173.0701530928521 49.46435189524614 69.75539158169929
    vertex 174.1830447395079 45.39016330962653 45.76078316339887
  endloop
endfacet
facet normal 0.999014 -0.0443867 0
  outer loop
    vertex -180 0 249.9999999999991
    vertex -180 0 218.7499999999993
    vertex -179.290734431789 15.96347540198288 234.5981444049811
  endloop
endfacet
facet normal 0.999014 -0.0443867 0
  outer loop
    vertex -180 0 218.7499999999993
    vertex -179.290734431789 15.96347540198288 203.3481444049812
    vertex -179.290734431789 15.96347540198288 234.5981444049811
  endloop
endfacet
facet normal 0.999014 -0.0443867 0
  outer loop
    vertex -180 0 218.7499999999993
    vertex -180 0 187.4999999999994
    vertex -179.290734431789 15.96347540198288 203.3481444049812
  endloop
endfacet
facet normal 0.991141 -0.13281 0
  outer loop
    vertex -179.290734431789 15.96347540198288 234.5981444049811
    vertex -179.290734431789 15.96347540198288 203.3481444049812
    vertex -177.1685272565588 31.80114698783665 219.196288809963
  endloop
endfacet
facet normal 0.772889 -0.634535 -0.00297281
  outer loop
    vertex -134.3479196174646 119.7941421541941 114.065191946432
    vertex -132.7714068761998 121.539102827504 151.481393592518
    vertex -144.5039759343694 107.3247452322119 135.1770202506975
  endloop
endfacet
facet normal 0.769541 -0.638591 0.00297281
  outer loop
    vertex -132.7714068761998 121.539102827504 151.481393592518
    vertex -143.0895024982554 109.2034535845903 172.5932218967835
    vertex -144.5039759343694 107.3247452322119 135.1770202506975
  endloop
endfacet
facet normal 0.764533 -0.644578 -0.00297281
  outer loop
    vertex -132.7714068761998 121.539102827504 151.481393592518
    vertex -131.1722316942183 123.2633182757884 188.897595238604
    vertex -143.0895024982554 109.2034535845903 172.5932218967835
  endloop
endfacet
facet normal 0.82644 -0.563018 -0.00297281
  outer loop
    vertex -144.5039759343694 107.3247452322119 135.1770202506975
    vertex -143.0895024982554 109.2034535845903 172.5932218967835
    vertex -153.5065366691619 93.99863403177332 156.288848554963
  endloop
endfacet
facet normal 0.888648 -0.458411 0.0128194
  outer loop
    vertex -154.4048543871646 92.51562539203032 52.42961971428717
    vertex -162.0184162986725 78.42214470460533 76.23497087890865
    vertex -165.1180747666775 71.66604067022199 49.51235715390226
  endloop
endfacet
facet normal 0.927084 -0.374635 -0.0128194
  outer loop
    vertex -162.0184162986725 78.42214470460533 76.23497087890865
    vertex -170.8356126223543 56.7026759504777 73.31770831852374
    vertex -165.1180747666775 71.66604067022199 49.51235715390226
  endloop
endfacet
facet normal 0.925883 -0.377592 0.0128194
  outer loop
    vertex -162.0184162986725 78.42214470460533 76.23497087890865
    vertex -168.3488697475562 63.70759809253798 100.0403220435301
    vertex -170.8356126223543 56.7026759504777 73.31770831852374
  endloop
endfacet
facet normal 0.940684 -0.339043 0.0128194
  outer loop
    vertex -165.1180747666775 71.66604067022199 49.51235715390226
    vertex -170.8356126223543 56.7026759504777 73.31770831852374
    vertex -173.0310237040806 49.60105680242992 46.59509459351735
  endloop
endfacet
facet normal -0.891481 -0.452932 -0.0107149
  outer loop
    vertex 154.3926344754582 92.53601687844338 447.5837617706446
    vertex 164.2901403019366 73.54420303171412 426.9168808853221
    vertex 165.9704103750931 69.66938265783047 450.9114893036197
  endloop
endfacet
facet normal -0.939918 -0.341233 0.0107149
  outer loop
    vertex 164.2901403019366 73.54420303171412 426.9168808853221
    vertex 173.0701530928434 49.46435189527674 430.2446084182973
    vertex 165.9704103750931 69.66938265783047 450.9114893036197
  endloop
endfacet
facet normal -0.938965 -0.343847 -0.0107149
  outer loop
    vertex 164.2901403019366 73.54420303171412 426.9168808853221
    vertex 171.8619791666666 53.51130830877018 406.2499999999997
    vertex 173.0701530928434 49.46435189527674 430.2446084182973
  endloop
endfacet
facet normal -0.946774 -0.321722 -0.0107149
  outer loop
    vertex 165.9704103750931 69.66938265783047 450.9114893036197
    vertex 173.0701530928434 49.46435189527674 430.2446084182973
    vertex 174.1830447395065 45.39016330963219 454.2392168365948
  endloop
endfacet
facet normal 0.935765 -0.352374 -0.0132885
  outer loop
    vertex -170.8964804059644 56.51896128604834 404.6096540427964
    vertex -163.6385013939889 74.98293713592103 426.0967079067233
    vertex -172.6294650537832 50.98105329673596 429.4244354396977
  endloop
endfacet
facet normal 0.936975 -0.349143 0.0132885
  outer loop
    vertex -163.6385013939889 74.98293713592103 426.0967079067233
    vertex -165.9704103750889 69.6693826578403 450.9114893036246
    vertex -172.6294650537832 50.98105329673596 429.4244354396977
  endloop
endfacet
facet normal 0.891302 -0.453216 -0.0132885
  outer loop
    vertex -163.6385013939889 74.98293713592103 426.0967079067233
    vertex -154.3926344754527 92.53601687845263 447.5837617706503
    vertex -165.9704103750889 69.6693826578403 450.9114893036246
  endloop
endfacet
facet normal 0.946637 -0.322029 -0.0132885
  outer loop
    vertex -172.6294650537832 50.98105329673596 429.4244354396977
    vertex -165.9704103750889 69.6693826578403 450.9114893036246
    vertex -174.1830447395038 45.3901633096424 454.239216836599
  endloop
endfacet
facet normal -0.938965 -0.343847 0.0107149
  outer loop
    vertex 171.8619791666838 53.51130830871498 93.74999999999969
    vertex 164.2901403019525 73.54420303167859 73.0831191146832
    vertex 173.0701530928521 49.46435189524614 69.75539158169929
  endloop
endfacet
facet normal -0.939918 -0.341233 -0.0107149
  outer loop
    vertex 164.2901403019525 73.54420303167859 73.0831191146832
    vertex 165.970410375098 69.66938265781855 49.08851069638278
    vertex 173.0701530928521 49.46435189524614 69.75539158169929
  endloop
endfacet
facet normal -0.891481 -0.452932 0.0107149
  outer loop
    vertex 164.2901403019525 73.54420303167859 73.0831191146832
    vertex 154.3926344754685 92.53601687842621 52.4162382293667
    vertex 165.970410375098 69.66938265781855 49.08851069638278
  endloop
endfacet
facet normal -0.946774 -0.321722 0.0107149
  outer loop
    vertex 173.0701530928521 49.46435189524614 69.75539158169929
    vertex 165.970410375098 69.66938265781855 49.08851069638278
    vertex 174.1830447395079 45.39016330962653 45.76078316339887
  endloop
endfacet
endsolid Created by Gmsh
